Workbook

Sheet employment
A1: zone | B1: year | C1: industry | D1: employment
A2: Ile de France | B2: 1999 | C2: a-b | D2: 22600
A3: Centre — Val de Loire | B3: 1999 | C3: a-b | D3: 53800
A4: Bourgogne | B4: 1999 | C4: a-b | D4: 41100
A5: Franche-Comté | B5: 1999 | C5: a-b | D5: 20700
A6: Basse-Normandie | B6: 1999 | C6: a-b | D6: 44700
A7: Haute-Normandie | B7: 1999 | C7: a-b | D7: 16600
A8: Nord-Pas de Calais | B8: 1999 | C8: a-b | D8: 22100
A9: Picardie | B9: 1999 | C9: a-b | D9: 25500
A10: Alsace | B10: 1999 | C10: a-b | D10: 14000
A11: Champagne-Ardenne | B11: 1999 | C11: a-b | D11: 39900
A12: Lorraine | B12: 1999 | C12: a-b | D12: 24700
A13: Pays de la Loire | B13: 1999 | C13: a-b | D13: 83900
... A529: Corse | B529: 2019 | C529: l-q | D529: 45500

Sheet import
A1: year | B1: industry | C1: import
A2: 1999 | B2: a-b | C2: 64781273
A3: 1999 | B3: c-e | C3: 7950620767
A4: 1999 | B4: f | C4: 0
A5: 1999 | B5: g-i | C5: 0
A6: 1999 | B6: j-k | C6: 6167
A7: 1999 | B7: l-q | C7: 31546240
A8: 2011 | B8: a-b | C8: 212799718
A9: 2011 | B9: c-e | C9: 57137720223
A10: 2011 | B10: f | C10: 0
A11: 2011 | B11: g-i | C11: 0
A12: 2011 | B12: j-k | C12: 402637
A13: 2011 | B13: l-q | C13: 69148019
... A25: 2019 | B25: l-q | C25: 7639184.6

Sheet L_i
A1: year | B1: industry | C1: L_i
A2: 1999 | B2: a-b | C2: =SUM(employment!D2:D23) -> 919800
A3: 1999 | B3: c-e | C3: =SUM(employment!D46:D67) -> 4463500
A4: 1999 | B4: f | C4: =SUM(employment!D90:D111) -> 1435000
A5: 1999 | B5: g-i | C5: =SUM(employment!D134:D155) -> 5179800
A6: 1999 | B6: j-k | C6: =SUM(employment!D178:D199) -> 2769700
A7: 1999 | B7: l-q | C7: =SUM(employment!D222:D243) -> 7617400
A8: 2011 | B8: a-b | C8: =SUM(employment!D24:D45) -> 722400
A9: 2011 | B9: c-e | C9: =SUM(employment!D68:D89) -> 3791200
A10: 2011 | B10: f | C10: =SUM(employment!D112:D133) -> 1881300
A11: 2011 | B11: g-i | C11: =SUM(employment!D156:D177) -> 6255700
A12: 2011 | B12: j-k | C12: =SUM(employment!D200:D221) -> 3446000
A13: 2011 | B13: l-q | C13: =SUM(employment!D244:D265) -> 9313200
A14: 2012 | B14: a-b | C14: =SUM(employment!D266:D287) -> 721200
A15: 2012 | B15: c-e | C15: =SUM(employment!D310:D331) -> 3716400
A16: 2012 | B16: f | C16: =SUM(employment!D354:D375) -> 1856100
A17: 2012 | B17: g-i | C17: =SUM(employment!D398:D419) -> 6273700
A18: 2012 | B18: j-k | C18: =SUM(employment!D442:D463) -> 3471200
A19: 2012 | B19: l-q | C19: =SUM(employment!D486:D507) -> 9371800
A20: 2019 | B20: a-b | C20: =SUM(employment!D288:D309) -> 618400
A21: 2019 | B21: c-e | C21: =SUM(employment!D332:D353) -> 3586300
A22: 2019 | B22: f | C22: =SUM(employment!D376:D397) -> 1748300
A23: 2019 | B23: g-i | C23: =SUM(employment!D420:D441) -> 6474700
A24: 2019 | B24: j-k | C24: =SUM(employment!D464:D485) -> 3778100
A25: 2019 | B25: l-q | C25: =SUM(employment!D508:D529) -> 9512100

Sheet delta_M
A1: period | B1: industry | C1: delta_M
A2: 1999-2011 | B2: a-b | C2: =import!C8-import!C2 -> 148018445
A3: 1999-2011 | B3: c-e | C3: =import!C9-import!C3 -> 49187099456
A4: 1999-2011 | B4: f | C4: =import!C10-import!C4 -> 0
A5: 1999-2011 | B5: g-i | C5: =import!C11-import!C5 -> 0
A6: 1999-2011 | B6: j-k | C6: =import!C12-import!C6 -> 396470
A7: 1999-2011 | B7: l-q | C7: =import!C13-import!C7 -> 37601779
A8: 2012-2019 | B8: a-b | C8: =import!C20-import!C14 -> -25208509
A9: 2012-2019 | B9: c-e | C9: =import!C21-import!C15 -> 6.1375304e+09
A10: 2012-2019 | B10: f | C10: =import!C22-import!C16 -> 0
A11: 2012-2019 | B11: g-i | C11: =import!C23-import!C17 -> 0
A12: 2012-2019 | B12: j-k | C12: =import!C24-import!C18 -> -92763.93
A13: 2012-2019 | B13: l-q | C13: =import!C25-import!C19 -> -3200269.4

Sheet shock_i
A1: period | B1: industry | C1: L_i0 | D1: delta_M | E1: shock_i
A2: 1999-2011 | B2: a-b | C2: =L_i!C2 -> 919800 | D2: =delta_M!C2 -> 148018445 | E2: =D2/C2 -> 160.9246
A3: 1999-2011 | B3: c-e | C3: =L_i!C3 -> 4463500 | D3: =delta_M!C3 -> 49187099456 | E3: =D3/C3 -> 11019.85
A4: 1999-2011 | B4: f | C4: =L_i!C4 -> 1435000 | D4: =delta_M!C4 -> 0 | E4: =D4/C4 -> 0
A5: 1999-2011 | B5: g-i | C5: =L_i!C5 -> 5179800 | D5: =delta_M!C5 -> 0 | E5: =D5/C5 -> 0
A6: 1999-2011 | B6: j-k | C6: =L_i!C6 -> 2769700 | D6: =delta_M!C6 -> 396470 | E6: =D6/C6 -> 0.14314547
A7: 1999-2011 | B7: l-q | C7: =L_i!C7 -> 7617400 | D7: =delta_M!C7 -> 37601779 | E7: =D7/C7 -> 4.936301
A8: 2012-2019 | B8: a-b | C8: =L_i!C14 -> 721200 | D8: =delta_M!C8 -> -25208509 | E8: =D8/C8 -> -34.953562
A9: 2012-2019 | B9: c-e | C9: =L_i!C15 -> 3716400 | D9: =delta_M!C9 -> 6.1375304e+09 | E9: =D9/C9 -> 1651.4719
A10: 2012-2019 | B10: f | C10: =L_i!C16 -> 1856100 | D10: =delta_M!C10 -> 0 | E10: =D10/C10 -> 0
A11: 2012-2019 | B11: g-i | C11: =L_i!C17 -> 6273700 | D11: =delta_M!C11 -> 0 | E11: =D11/C11 -> 0
A12: 2012-2019 | B12: j-k | C12: =L_i!C18 -> 3471200 | D12: =delta_M!C12 -> -92763.93 | E12: =D12/C12 -> -0.026723879
A13: 2012-2019 | B13: l-q | C13: =L_i!C19 -> 9371800 | D13: =delta_M!C13 -> -3200269.4 | E13: =D13/C13 -> -0.34147862

Sheet L_r
A1: 1999 | K1: 2012
B2: a-b | C2: c-e | D2: f | E2: g-i | F2: j-k | G2: l-q | H2: total_1999 | L2: a-b | M2: c-e | N2: f | O2: g-i | P2: j-k | Q2: l-q | R2: total_2012
A3: Ile de France | B3: =employment!D2 -> 22600 | C3: =employment!D46 -> 700800 | D3: =employment!D90 -> 250900 | E3: =employment!D134 -> 1179400 | F3: =employment!D178 -> 1074900 | G3: =employment!D222 -> 1601900 | H3: =SUM(B3:G3) -> 4830500 | K3: Ile de France | L3: =employment!D266 -> 8600 | M3: =employment!D310 -> 470500 | N3: =employment!D354 -> 302500 | O3: =employment!D398 -> 1525000 | P3: =employment!D442 -> 1113900 | Q3: =employment!D486 -> 1743500 | R3: =SUM(L3:Q3) -> 5164000
A4: Centre — Val de Loire | B4: =employment!D3 -> 53800 | C4: =employment!D47 -> 233500 | D4: =employment!D91 -> 54500 | E4: =employment!D135 -> 182600 | F4: =employment!D179 -> 92400 | G4: =employment!D223 -> 302200 | H4: =SUM(B4:G4) -> 919000 | K4: Centre — Val de Loire | L4: =employment!D267 -> 39900 | M4: =employment!D311 -> 174900 | N4: =employment!D355 -> 75600 | O4: =employment!D399 -> 231600 | P4: =employment!D443 -> 123600 | Q4: =employment!D487 -> 363500 | R4: =SUM(L4:Q4) -> 1009100
A5: Bourgogne | B5: =employment!D4 -> 41100 | C5: =employment!D48 -> 150400 | D5: =employment!D92 -> 37100 | E5: =employment!D136 -> 137000 | F5: =employment!D180 -> 42000 | G5: =employment!D224 -> 215100 | H5: =SUM(B5:G5) -> 622700 | K5: Bourgogne | L5: =employment!D268 -> 36400 | M5: =employment!D312 -> 104400 | N5: =employment!D356 -> 41900 | O5: =employment!D400 -> 163300 | P5: =employment!D444 -> 68100 | Q5: =employment!D488 -> 228300 | R5: =SUM(L5:Q5) -> 642400
A6: Franche-Comté | B6: =employment!D5 -> 20700 | C6: =employment!D49 -> 143900 | D6: =employment!D93 -> 26200 | E6: =employment!D137 -> 81400 | F6: =employment!D181 -> 29500 | G6: =employment!D225 -> 141600 | H6: =SUM(B6:G6) -> 443300 | K6: Franche-Comté | L6: =employment!D269 -> 15800 | M6: =employment!D313 -> 128400 | N6: =employment!D357 -> 33200 | O6: =employment!D401 -> 85200 | P6: =employment!D445 -> 34200 | Q6: =employment!D489 -> 173100 | R6: =SUM(L6:Q6) -> 469900
A7: Basse-Normandie | B7: =employment!D6 -> 44700 | C7: =employment!D50 -> 97400 | D7: =employment!D94 -> 31600 | E7: =employment!D138 -> 101000 | F7: =employment!D182 -> 47600 | G7: =employment!D226 -> 172700 | H7: =SUM(B7:G7) -> 495000 | K7: Basse-Normandie | L7: =employment!D270 -> 31800 | M7: =employment!D314 -> 90800 | N7: =employment!D358 -> 45200 | O7: =employment!D402 -> 138200 | P7: =employment!D446 -> 53500 | Q7: =employment!D490 -> 215800 | R7: =SUM(L7:Q7) -> 575300
A8: Haute-Normandie | B8: =employment!D7 -> 16600 | C8: =employment!D51 -> 174400 | D8: =employment!D95 -> 56500 | E8: =employment!D139 -> 157100 | F8: =employment!D183 -> 67800 | G8: =employment!D227 -> 235100 | H8: =SUM(B8:G8) -> 707500 | K8: Haute-Normandie | L8: =employment!D271 -> 10800 | M8: =employment!D315 -> 148400 | N8: =employment!D359 -> 56300 | O8: =employment!D403 -> 155400 | P8: =employment!D447 -> 74100 | Q8: =employment!D491 -> 275500 | R8: =SUM(L8:Q8) -> 720500
A9: Nord-Pas de Calais | B9: =employment!D8 -> 22100 | C9: =employment!D52 -> 304900 | D9: =employment!D96 -> 82100 | E9: =employment!D140 -> 326600 | F9: =employment!D184 -> 125100 | G9: =employment!D228 -> 458900 | H9: =SUM(B9:G9) -> 1319700 | K9: Nord-Pas de Calais | L9: =employment!D272 -> 16100 | M9: =employment!D316 -> 253400 | N9: =employment!D360 -> 103800 | O9: =employment!D404 -> 362500 | P9: =employment!D448 -> 169500 | Q9: =employment!D492 -> 595700 | R9: =SUM(L9:Q9) -> 1501000
A10: Picardie | B10: =employment!D9 -> 25500 | C10: =employment!D53 -> 168700 | D10: =employment!D97 -> 44200 | E10: =employment!D141 -> 155300 | F10: =employment!D185 -> 54900 | G10: =employment!D229 -> 212300 | H10: =SUM(B10:G10) -> 660900 | K10: Picardie | L10: =employment!D273 -> 22500 | M10: =employment!D317 -> 129600 | N10: =employment!D361 -> 53300 | O10: =employment!D405 -> 199600 | P10: =employment!D449 -> 70900 | Q10: =employment!D493 -> 273000 | R10: =SUM(L10:Q10) -> 748900
A11: Alsace | B11: =employment!D10 -> 14000 | C11: =employment!D54 -> 216600 | D11: =employment!D98 -> 58400 | E11: =employment!D142 -> 165200 | F11: =employment!D186 -> 74000 | G11: =employment!D230 -> 212700 | H11: =SUM(B11:G11) -> 740900 | K11: Alsace | L11: =employment!D274 -> 7300 | M11: =employment!D318 -> 172700 | N11: =employment!D362 -> 57300 | O11: =employment!D406 -> 192600 | P11: =employment!D450 -> 87900 | Q11: =employment!D494 -> 287500 | R11: =SUM(L11:Q11) -> 805300
A12: Champagne-Ardenne | B12: =employment!D11 -> 39900 | C12: =employment!D55 -> 103000 | D12: =employment!D99 -> 30200 | E12: =employment!D143 -> 101400 | F12: =employment!D187 -> 39400 | G12: =employment!D231 -> 157700 | H12: =SUM(B12:G12) -> 471600 | K12: Champagne-Ardenne | L12: =employment!D275 -> 29000 | M12: =employment!D319 -> 97300 | N12: =employment!D363 -> 40300 | O12: =employment!D407 -> 99400 | P12: =employment!D451 -> 47800 | Q12: =employment!D495 -> 187500 | R12: =SUM(L12:Q12) -> 501300
A13: Lorraine | B13: =employment!D12 -> 24700 | C13: =employment!D56 -> 211600 | D13: =employment!D100 -> 66000 | E13: =employment!D144 -> 188200 | F13: =employment!D188 -> 75700 | G13: =employment!D232 -> 294700 | H13: =SUM(B13:G13) -> 860900 | K13: Lorraine | L13: =employment!D276 -> 17600 | M13: =employment!D320 -> 158800 | N13: =employment!D364 -> 68800 | O13: =employment!D408 -> 202300 | P13: =employment!D452 -> 98900 | Q13: =employment!D496 -> 366400 | R13: =SUM(L13:Q13) -> 912800
A14: Pays de la Loire | B14: =employment!D13 -> 83900 | C14: =employment!D57 -> 326900 | D14: =employment!D101 -> 89100 | E14: =employment!D145 -> 265800 | F14: =employment!D189 -> 109400 | G14: =employment!D233 -> 409500 | H14: =SUM(B14:G14) -> 1284600 | K14: Pays de la Loire | L14: =employment!D277 -> 60300 | M14: =employment!D321 -> 284500 | N14: =employment!D365 -> 120000 | O14: =employment!D409 -> 350000 | P14: =employment!D453 -> 174900 | Q14: =employment!D497 -> 515900 | R14: =SUM(L14:Q14) -> 1505600
... A24: Corse | B24: =employment!D23 -> 0 | C24: =employment!D67 -> 0 | D24: =employment!D111 -> 0 | E24: =employment!D155 -> 19400 | F24: =employment!D199 -> 0 | G24: =employment!D243 -> 29100 | H24: =SUM(B24:G24) -> 48500 | K24: Corse | L24: =employment!D287 -> 0 | M24: =employment!D331 -> 10900 | N24: =employment!D375 -> 6700 | O24: =employment!D419 -> 17600 | P24: =employment!D463 -> 7500 | Q24: =employment!D507 -> 25400 | R24: =SUM(L24:Q24) -> 68100
H25: =SUM(H3:H24) -> 22385200 | R25: =SUM(R3:R24) -> 25410400

Sheet s_ri
A1: 1999 | J1: 2012
B2: a-b | C2: c-e | D2: f | E2: g-i | F2: j-k | G2: l-q | K2: a-b | L2: c-e | M2: f | N2: g-i | O2: j-k | P2: l-q
A3: Ile de France | B3: =L_r!B3/L_r!$H3 -> 0.0046786047 | C3: =L_r!C3/L_r!$H3 -> 0.14507815 | D3: =L_r!D3/L_r!$H3 -> 0.051940793 | E3: =L_r!E3/L_r!$H3 -> 0.24415692 | F3: =L_r!F3/L_r!$H3 -> 0.22252355 | G3: =L_r!G3/L_r!$H3 -> 0.33162199 | J3: Ile de France | K3: =L_r!L3/L_r!$R3 -> 0.0016653757 | L3: =L_r!M3/L_r!$R3 -> 0.091111541 | M3: =L_r!N3/L_r!$R3 -> 0.058578621 | N3: =L_r!O3/L_r!$R3 -> 0.29531371 | O3: =L_r!P3/L_r!$R3 -> 0.21570488 | P3: =L_r!Q3/L_r!$R3 -> 0.33762587
A4: Centre — Val de Loire | B4: =L_r!B4/L_r!$H4 -> 0.058541893 | C4: =L_r!C4/L_r!$H4 -> 0.25408052 | D4: =L_r!D4/L_r!$H4 -> 0.059303591 | E4: =L_r!E4/L_r!$H4 -> 0.19869423 | F4: =L_r!F4/L_r!$H4 -> 0.10054407 | G4: =L_r!G4/L_r!$H4 -> 0.32883569 | J4: Centre — Val de Loire | K4: =L_r!L4/L_r!$R4 -> 0.039540184 | L4: =L_r!M4/L_r!$R4 -> 0.17332276 | M4: =L_r!N4/L_r!$R4 -> 0.074918244 | N4: =L_r!O4/L_r!$R4 -> 0.22951145 | O4: =L_r!P4/L_r!$R4 -> 0.12248538 | P4: =L_r!Q4/L_r!$R4 -> 0.36022198
A5: Bourgogne | B5: =L_r!B5/L_r!$H5 -> 0.066002891 | C5: =L_r!C5/L_r!$H5 -> 0.24152883 | D5: =L_r!D5/L_r!$H5 -> 0.059579252 | E5: =L_r!E5/L_r!$H5 -> 0.22000964 | F5: =L_r!F5/L_r!$H5 -> 0.067448209 | G5: =L_r!G5/L_r!$H5 -> 0.34543119 | J5: Bourgogne | K5: =L_r!L5/L_r!$R5 -> 0.056662516 | L5: =L_r!M5/L_r!$R5 -> 0.16251557 | M5: =L_r!N5/L_r!$R5 -> 0.065224159 | N5: =L_r!O5/L_r!$R5 -> 0.25420299 | O5: =L_r!P5/L_r!$R5 -> 0.10600872 | P5: =L_r!Q5/L_r!$R5 -> 0.35538605
A6: Franche-Comté | B6: =L_r!B6/L_r!$H6 -> 0.04669524 | C6: =L_r!C6/L_r!$H6 -> 0.32461087 | D6: =L_r!D6/L_r!$H6 -> 0.059102188 | E6: =L_r!E6/L_r!$H6 -> 0.18362283 | F6: =L_r!F6/L_r!$H6 -> 0.066546357 | G6: =L_r!G6/L_r!$H6 -> 0.31942251 | J6: Franche-Comté | K6: =L_r!L6/L_r!$R6 -> 0.033624175 | L6: =L_r!M6/L_r!$R6 -> 0.27324963 | M6: =L_r!N6/L_r!$R6 -> 0.07065333 | N6: =L_r!O6/L_r!$R6 -> 0.18131517 | O6: =L_r!P6/L_r!$R6 -> 0.072781443 | P6: =L_r!Q6/L_r!$R6 -> 0.36837625
A7: Basse-Normandie | B7: =L_r!B7/L_r!$H7 -> 0.09030303 | C7: =L_r!C7/L_r!$H7 -> 0.19676768 | D7: =L_r!D7/L_r!$H7 -> 0.063838384 | E7: =L_r!E7/L_r!$H7 -> 0.2040404 | F7: =L_r!F7/L_r!$H7 -> 0.096161616 | G7: =L_r!G7/L_r!$H7 -> 0.34888889 | J7: Basse-Normandie | K7: =L_r!L7/L_r!$R7 -> 0.055275508 | L7: =L_r!M7/L_r!$R7 -> 0.1578307 | M7: =L_r!N7/L_r!$R7 -> 0.078567704 | N7: =L_r!O7/L_r!$R7 -> 0.24022249 | O7: =L_r!P7/L_r!$R7 -> 0.092994959 | P7: =L_r!Q7/L_r!$R7 -> 0.37510864
A8: Haute-Normandie | B8: =L_r!B8/L_r!$H8 -> 0.023462898 | C8: =L_r!C8/L_r!$H8 -> 0.24650177 | D8: =L_r!D8/L_r!$H8 -> 0.079858657 | E8: =L_r!E8/L_r!$H8 -> 0.22204947 | F8: =L_r!F8/L_r!$H8 -> 0.095830389 | G8: =L_r!G8/L_r!$H8 -> 0.33229682 | J8: Haute-Normandie | K8: =L_r!L8/L_r!$R8 -> 0.014989591 | L8: =L_r!M8/L_r!$R8 -> 0.20596808 | M8: =L_r!N8/L_r!$R8 -> 0.07814018 | N8: =L_r!O8/L_r!$R8 -> 0.21568355 | O8: =L_r!P8/L_r!$R8 -> 0.10284525 | P8: =L_r!Q8/L_r!$R8 -> 0.38237335
A9: Nord-Pas de Calais | B9: =L_r!B9/L_r!$H9 -> 0.01674623 | C9: =L_r!C9/L_r!$H9 -> 0.23103736 | D9: =L_r!D9/L_r!$H9 -> 0.062211109 | E9: =L_r!E9/L_r!$H9 -> 0.24748049 | F9: =L_r!F9/L_r!$H9 -> 0.094794271 | G9: =L_r!G9/L_r!$H9 -> 0.34773054 | J9: Nord-Pas de Calais | K9: =L_r!L9/L_r!$R9 -> 0.010726183 | L9: =L_r!M9/L_r!$R9 -> 0.16882079 | M9: =L_r!N9/L_r!$R9 -> 0.069153897 | N9: =L_r!O9/L_r!$R9 -> 0.24150566 | O9: =L_r!P9/L_r!$R9 -> 0.11292472 | P9: =L_r!Q9/L_r!$R9 -> 0.39686875
A10: Picardie | B10: =L_r!B10/L_r!$H10 -> 0.038583749 | C10: =L_r!C10/L_r!$H10 -> 0.25525798 | D10: =L_r!D10/L_r!$H10 -> 0.066878499 | E10: =L_r!E10/L_r!$H10 -> 0.2349826 | F10: =L_r!F10/L_r!$H10 -> 0.083068543 | G10: =L_r!G10/L_r!$H10 -> 0.32122863 | J10: Picardie | K10: =L_r!L10/L_r!$R10 -> 0.030044065 | L10: =L_r!M10/L_r!$R10 -> 0.17305381 | M10: =L_r!N10/L_r!$R10 -> 0.071171051 | N10: =L_r!O10/L_r!$R10 -> 0.26652424 | O10: =L_r!P10/L_r!$R10 -> 0.094672186 | P10: =L_r!Q10/L_r!$R10 -> 0.36453465
A11: Alsace | B11: =L_r!B11/L_r!$H11 -> 0.018895937 | C11: =L_r!C11/L_r!$H11 -> 0.29234715 | D11: =L_r!D11/L_r!$H11 -> 0.078823053 | E11: =L_r!E11/L_r!$H11 -> 0.22297206 | F11: =L_r!F11/L_r!$H11 -> 0.099878526 | G11: =L_r!G11/L_r!$H11 -> 0.28708328 | J11: Alsace | K11: =L_r!L11/L_r!$R11 -> 0.0090649447 | L11: =L_r!M11/L_r!$R11 -> 0.21445424 | M11: =L_r!N11/L_r!$R11 -> 0.071153607 | N11: =L_r!O11/L_r!$R11 -> 0.23916553 | O11: =L_r!P11/L_r!$R11 -> 0.10915187 | P11: =L_r!Q11/L_r!$R11 -> 0.35700981
A12: Champagne-Ardenne | B12: =L_r!B12/L_r!$H12 -> 0.084605598 | C12: =L_r!C12/L_r!$H12 -> 0.21840543 | D12: =L_r!D12/L_r!$H12 -> 0.06403732 | E12: =L_r!E12/L_r!$H12 -> 0.21501272 | F12: =L_r!F12/L_r!$H12 -> 0.083545377 | G12: =L_r!G12/L_r!$H12 -> 0.33439355 | J12: Champagne-Ardenne | K12: =L_r!L12/L_r!$R12 -> 0.057849591 | L12: =L_r!M12/L_r!$R12 -> 0.19409535 | M12: =L_r!N12/L_r!$R12 -> 0.080390983 | N12: =L_r!O12/L_r!$R12 -> 0.19828446 | O12: =L_r!P12/L_r!$R12 -> 0.095352085 | P12: =L_r!Q12/L_r!$R12 -> 0.37402753
A13: Lorraine | B13: =L_r!B13/L_r!$H13 -> 0.028690905 | C13: =L_r!C13/L_r!$H13 -> 0.24578929 | D13: =L_r!D13/L_r!$H13 -> 0.076663956 | E13: =L_r!E13/L_r!$H13 -> 0.21860843 | F13: =L_r!F13/L_r!$H13 -> 0.087931235 | G13: =L_r!G13/L_r!$H13 -> 0.34231618 | J13: Lorraine | K13: =L_r!L13/L_r!$R13 -> 0.019281332 | L13: =L_r!M13/L_r!$R13 -> 0.1739702 | M13: =L_r!N13/L_r!$R13 -> 0.07537248 | N13: =L_r!O13/L_r!$R13 -> 0.22162577 | O13: =L_r!P13/L_r!$R13 -> 0.10834794 | P13: =L_r!Q13/L_r!$R13 -> 0.40140228
A14: Pays de la Loire | B14: =L_r!B14/L_r!$H14 -> 0.065312159 | C14: =L_r!C14/L_r!$H14 -> 0.2544761 | D14: =L_r!D14/L_r!$H14 -> 0.069360112 | E14: =L_r!E14/L_r!$H14 -> 0.20691266 | F14: =L_r!F14/L_r!$H14 -> 0.085162697 | G14: =L_r!G14/L_r!$H14 -> 0.31877627 | J14: Pays de la Loire | K14: =L_r!L14/L_r!$R14 -> 0.040050478 | L14: =L_r!M14/L_r!$R14 -> 0.18896121 | M14: =L_r!N14/L_r!$R14 -> 0.079702444 | N14: =L_r!O14/L_r!$R14 -> 0.23246546 | O14: =L_r!P14/L_r!$R14 -> 0.11616631 | P14: =L_r!Q14/L_r!$R14 -> 0.34265409
... A24: Corse | B24: =L_r!B24/L_r!$H24 -> 0 | C24: =L_r!C24/L_r!$H24 -> 0 | D24: =L_r!D24/L_r!$H24 -> 0 | E24: =L_r!E24/L_r!$H24 -> 0.4 | F24: =L_r!F24/L_r!$H24 -> 0 | G24: =L_r!G24/L_r!$H24 -> 0.6 | J24: Corse | K24: =L_r!L24/L_r!$R24 -> 0 | L24: =L_r!M24/L_r!$R24 -> 0.16005874 | M24: =L_r!N24/L_r!$R24 -> 0.098384728 | N24: =L_r!O24/L_r!$R24 -> 0.25844347 | O24: =L_r!P24/L_r!$R24 -> 0.11013216 | P24: =L_r!Q24/L_r!$R24 -> 0.37298091

Sheet IPW_r
A1: p1 | K1: p2
B2: a-b | C2: c-e | D2: f | E2: g-i | F2: j-k | G2: l-q | H2: IPW (1999-2011) | L2: a-b | M2: c-e | N2: f | O2: g-i | P2: j-k | Q2: l-q | R2: IPW (2012-2019)
A3: Ile de France | B3: =s_ri!B3*shock_i!$E$2 -> 0.75290258 | C3: =s_ri!C3*shock_i!$E$3 -> 1598.7394 | D3: =s_ri!D3*shock_i!$E$4 -> 0 | E3: =s_ri!E3*shock_i!$E$5 -> 0 | F3: =s_ri!F3*shock_i!$E$6 -> 0.031853237 | G3: =s_ri!G3*shock_i!$E$7 -> 1.6369859 | H3: =SUM(B3:G3)/1000 -> 1.6011612 | K3: Ile de France | L3: =s_ri!K3*shock_i!$E$8 -> -0.058210812 | M3: =s_ri!L3*shock_i!$E$9 -> 150.46815 | N3: =s_ri!M3*shock_i!$E$10 -> 0 | O3: =s_ri!N3*shock_i!$E$11 -> 0 | P3: =s_ri!O3*shock_i!$E$12 -> -0.0057644712 | Q3: =s_ri!P3*shock_i!$E$13 -> -0.11529202 | R3: =SUM(L3:Q3)/1000 -> 0.15028889
A4: Centre — Val de Loire | B4: =s_ri!B4*shock_i!$E$2 -> 9.4208306 | C4: =s_ri!C4*shock_i!$E$3 -> 2799.9292 | D4: =s_ri!D4*shock_i!$E$4 -> 0 | E4: =s_ri!E4*shock_i!$E$5 -> 0 | F4: =s_ri!F4*shock_i!$E$6 -> 0.014392428 | G4: =s_ri!G4*shock_i!$E$7 -> 1.6232319 | H4: =SUM(B4:G4)/1000 -> 2.8109876 | K4: Centre — Val de Loire | L4: =s_ri!K4*shock_i!$E$8 -> -1.3820703 | M4: =s_ri!L4*shock_i!$E$9 -> 286.23768 | N4: =s_ri!M4*shock_i!$E$10 -> 0 | O4: =s_ri!N4*shock_i!$E$11 -> 0 | P4: =s_ri!O4*shock_i!$E$12 -> -0.0032732846 | Q4: =s_ri!P4*shock_i!$E$13 -> -0.12300811 | R4: =SUM(L4:Q4)/1000 -> 0.28472933
A5: Bourgogne | B5: =s_ri!B5*shock_i!$E$2 -> 10.621489 | C5: =s_ri!C5*shock_i!$E$3 -> 2661.6114 | D5: =s_ri!D5*shock_i!$E$4 -> 0 | E5: =s_ri!E5*shock_i!$E$5 -> 0 | F5: =s_ri!F5*shock_i!$E$6 -> 0.0096549054 | G5: =s_ri!G5*shock_i!$E$7 -> 1.7051523 | H5: =SUM(B5:G5)/1000 -> 2.6739477 | K5: Bourgogne | L5: =s_ri!K5*shock_i!$E$8 -> -1.9805567 | M5: =s_ri!L5*shock_i!$E$9 -> 268.3899 | N5: =s_ri!M5*shock_i!$E$10 -> 0 | O5: =s_ri!N5*shock_i!$E$11 -> 0 | P5: =s_ri!O5*shock_i!$E$12 -> -0.0028329642 | Q5: =s_ri!P5*shock_i!$E$13 -> -0.12135674 | R5: =SUM(L5:Q5)/1000 -> 0.26628515
A6: Franche-Comté | B6: =s_ri!B6*shock_i!$E$2 -> 7.5144128 | C6: =s_ri!C6*shock_i!$E$3 -> 3577.1631 | D6: =s_ri!D6*shock_i!$E$4 -> 0 | E6: =s_ri!E6*shock_i!$E$5 -> 0 | F6: =s_ri!F6*shock_i!$E$6 -> 0.0095258093 | G6: =s_ri!G6*shock_i!$E$7 -> 1.5767657 | H6: =SUM(B6:G6)/1000 -> 3.5862638 | K6: Franche-Comté | L6: =s_ri!K6*shock_i!$E$8 -> -1.1752847 | M6: =s_ri!L6*shock_i!$E$9 -> 451.2641 | N6: =s_ri!M6*shock_i!$E$10 -> 0 | O6: =s_ri!N6*shock_i!$E$11 -> 0 | P6: =s_ri!O6*shock_i!$E$12 -> -0.0019450025 | Q6: =s_ri!P6*shock_i!$E$13 -> -0.12579261 | R6: =SUM(L6:Q6)/1000 -> 0.44996107
A7: Basse-Normandie | B7: =s_ri!B7*shock_i!$E$2 -> 14.531979 | C7: =s_ri!C7*shock_i!$E$3 -> 2168.3502 | D7: =s_ri!D7*shock_i!$E$4 -> 0 | E7: =s_ri!E7*shock_i!$E$5 -> 0 | F7: =s_ri!F7*shock_i!$E$6 -> 0.013765099 | G7: =s_ri!G7*shock_i!$E$7 -> 1.7222206 | H7: =SUM(B7:G7)/1000 -> 2.1846182 | K7: Basse-Normandie | L7: =s_ri!K7*shock_i!$E$8 -> -1.9320759 | M7: =s_ri!L7*shock_i!$E$9 -> 260.65297 | N7: =s_ri!M7*shock_i!$E$10 -> 0 | O7: =s_ri!N7*shock_i!$E$11 -> 0 | P7: =s_ri!O7*shock_i!$E$12 -> -0.0024851861 | Q7: =s_ri!P7*shock_i!$E$13 -> -0.12809158 | R7: =SUM(L7:Q7)/1000 -> 0.25859032
A8: Haute-Normandie | B8: =s_ri!B8*shock_i!$E$2 -> 3.7757573 | C8: =s_ri!C8*shock_i!$E$3 -> 2716.4124 | D8: =s_ri!D8*shock_i!$E$4 -> 0 | E8: =s_ri!E8*shock_i!$E$5 -> 0 | F8: =s_ri!F8*shock_i!$E$6 -> 0.013717686 | G8: =s_ri!G8*shock_i!$E$7 -> 1.6403171 | H8: =SUM(B8:G8)/1000 -> 2.7218422 | K8: Haute-Normandie | L8: =s_ri!K8*shock_i!$E$8 -> -0.52393958 | M8: =s_ri!L8*shock_i!$E$9 -> 340.1505 | N8: =s_ri!M8*shock_i!$E$10 -> 0 | O8: =s_ri!N8*shock_i!$E$11 -> 0 | P8: =s_ri!O8*shock_i!$E$12 -> -0.002748424 | Q8: =s_ri!P8*shock_i!$E$13 -> -0.13057233 | R8: =SUM(L8:Q8)/1000 -> 0.33949324
A9: Nord-Pas de Calais | B9: =s_ri!B9*shock_i!$E$2 -> 2.6948804 | C9: =s_ri!C9*shock_i!$E$3 -> 2545.997 | D9: =s_ri!D9*shock_i!$E$4 -> 0 | E9: =s_ri!E9*shock_i!$E$5 -> 0 | F9: =s_ri!F9*shock_i!$E$6 -> 0.01356937 | G9: =s_ri!G9*shock_i!$E$7 -> 1.7165026 | H9: =SUM(B9:G9)/1000 -> 2.5504219 | K9: Nord-Pas de Calais | L9: =s_ri!K9*shock_i!$E$8 -> -0.37491828 | M9: =s_ri!L9*shock_i!$E$9 -> 278.80279 | N9: =s_ri!M9*shock_i!$E$10 -> 0 | O9: =s_ri!N9*shock_i!$E$11 -> 0 | P9: =s_ri!O9*shock_i!$E$12 -> -0.0030177865 | Q9: =s_ri!P9*shock_i!$E$13 -> -0.1355222 | R9: =SUM(L9:Q9)/1000 -> 0.27828933
A10: Picardie | B10: =s_ri!B10*shock_i!$E$2 -> 6.2090744 | C10: =s_ri!C10*shock_i!$E$3 -> 2812.9046 | D10: =s_ri!D10*shock_i!$E$4 -> 0 | E10: =s_ri!E10*shock_i!$E$5 -> 0 | F10: =s_ri!F10*shock_i!$E$6 -> 0.011890885 | G10: =s_ri!G10*shock_i!$E$7 -> 1.5856812 | H10: =SUM(B10:G10)/1000 -> 2.8207113 | K10: Picardie | L10: =s_ri!K10*shock_i!$E$8 -> -1.0501471 | M10: =s_ri!L10*shock_i!$E$9 -> 285.79352 | N10: =s_ri!M10*shock_i!$E$10 -> 0 | O10: =s_ri!N10*shock_i!$E$11 -> 0 | P10: =s_ri!O10*shock_i!$E$12 -> -0.0025300081 | Q10: =s_ri!P10*shock_i!$E$13 -> -0.12448079 | R10: =SUM(L10:Q10)/1000 -> 0.28461636
A11: Alsace | B11: =s_ri!B11*shock_i!$E$2 -> 3.0408211 | C11: =s_ri!C11*shock_i!$E$3 -> 3221.6216 | D11: =s_ri!D11*shock_i!$E$4 -> 0 | E11: =s_ri!E11*shock_i!$E$5 -> 0 | F11: =s_ri!F11*shock_i!$E$6 -> 0.014297158 | G11: =s_ri!G11*shock_i!$E$7 -> 1.4171295 | H11: =SUM(B11:G11)/1000 -> 3.2260939 | K11: Alsace | L11: =s_ri!K11*shock_i!$E$8 -> -0.31685211 | M11: =s_ri!L11*shock_i!$E$9 -> 354.16516 | N11: =s_ri!M11*shock_i!$E$10 -> 0 | O11: =s_ri!N11*shock_i!$E$11 -> 0 | P11: =s_ri!O11*shock_i!$E$12 -> -0.0029169614 | Q11: =s_ri!P11*shock_i!$E$13 -> -0.12191122 | R11: =SUM(L11:Q11)/1000 -> 0.35372348
A12: Champagne-Ardenne | B12: =s_ri!B12*shock_i!$E$2 -> 13.615122 | C12: =s_ri!C12*shock_i!$E$3 -> 2406.795 | D12: =s_ri!D12*shock_i!$E$4 -> 0 | E12: =s_ri!E12*shock_i!$E$5 -> 0 | F12: =s_ri!F12*shock_i!$E$6 -> 0.011959142 | G12: =s_ri!G12*shock_i!$E$7 -> 1.6506672 | H12: =SUM(B12:G12)/1000 -> 2.4220728 | K12: Champagne-Ardenne | L12: =s_ri!K12*shock_i!$E$8 -> -2.0220493 | M12: =s_ri!L12*shock_i!$E$9 -> 320.54303 | N12: =s_ri!M12*shock_i!$E$10 -> 0 | O12: =s_ri!N12*shock_i!$E$11 -> 0 | P12: =s_ri!O12*shock_i!$E$12 -> -0.0025481776 | Q12: =s_ri!P12*shock_i!$E$13 -> -0.12772241 | R12: =SUM(L12:Q12)/1000 -> 0.31839071
A13: Lorraine | B13: =s_ri!B13*shock_i!$E$2 -> 4.6170723 | C13: =s_ri!C13*shock_i!$E$3 -> 2708.5611 | D13: =s_ri!D13*shock_i!$E$4 -> 0 | E13: =s_ri!E13*shock_i!$E$5 -> 0 | F13: =s_ri!F13*shock_i!$E$6 -> 0.012586958 | G13: =s_ri!G13*shock_i!$E$7 -> 1.6897757 | H13: =SUM(B13:G13)/1000 -> 2.7148805 | K13: Lorraine | L13: =s_ri!K13*shock_i!$E$8 -> -0.67395123 | M13: =s_ri!L13*shock_i!$E$9 -> 287.30691 | N13: =s_ri!M13*shock_i!$E$10 -> 0 | O13: =s_ri!N13*shock_i!$E$11 -> 0 | P13: =s_ri!O13*shock_i!$E$12 -> -0.0028954773 | Q13: =s_ri!P13*shock_i!$E$13 -> -0.1370703 | R13: =SUM(L13:Q13)/1000 -> 0.28649299
A14: Pays de la Loire | B14: =s_ri!B14*shock_i!$E$2 -> 10.510333 | C14: =s_ri!C14*shock_i!$E$3 -> 2804.2884 | D14: =s_ri!D14*shock_i!$E$4 -> 0 | E14: =s_ri!E14*shock_i!$E$5 -> 0 | F14: =s_ri!F14*shock_i!$E$6 -> 0.012190654 | G14: =s_ri!G14*shock_i!$E$7 -> 1.5735756 | H14: =SUM(B14:G14)/1000 -> 2.8163845 | K14: Pays de la Loire | L14: =s_ri!K14*shock_i!$E$8 -> -1.3999069 | M14: =s_ri!L14*shock_i!$E$9 -> 312.06414 | N14: =s_ri!M14*shock_i!$E$10 -> 0 | O14: =s_ri!N14*shock_i!$E$11 -> 0 | P14: =s_ri!O14*shock_i!$E$12 -> -0.0031044145 | Q14: =s_ri!P14*shock_i!$E$13 -> -0.11700905 | R14: =SUM(L14:Q14)/1000 -> 0.31054412
... A24: Corse | B24: =s_ri!B24*shock_i!$E$2 -> 0 | C24: =s_ri!C24*shock_i!$E$3 -> 0 | D24: =s_ri!D24*shock_i!$E$4 -> 0 | E24: =s_ri!E24*shock_i!$E$5 -> 0 | F24: =s_ri!F24*shock_i!$E$6 -> 0 | G24: =s_ri!G24*shock_i!$E$7 -> 2.9617806 | H24: =SUM(B24:G24)/1000 -> 0.0029617806 | K24: Corse | L24: =s_ri!K24*shock_i!$E$8 -> 0 | M24: =s_ri!L24*shock_i!$E$9 -> 264.33251 | N24: =s_ri!M24*shock_i!$E$10 -> 0 | O24: =s_ri!N24*shock_i!$E$11 -> 0 | P24: =s_ri!O24*shock_i!$E$12 -> -0.0029431585 | Q24: =s_ri!P24*shock_i!$E$13 -> -0.12736501 | R24: =SUM(L24:Q24)/1000 -> 0.26420221

Sheet import OC
A1: Australia | E1: Finland | I1: Japan | M1: Norway | Q1: New Zealand | U1: Sweden
A2: year | B2: industry | C2: import | E2: year | F2: industry | G2: import | I2: year | J2: industry | K2: import | M2: year | N2: industry | O2: import | Q2: year | R2: industry | S2: import | U2: year | V2: industry | W2: import
A3: 1999 | B3: a-b | C3: 31366299 | E3: 1999 | F3: a-b | G3: 1907415 | I3: 1999 | J3: a-b | K3: 1643501884 | M3: 1999 | N3: a-b | O3: 1125099 | Q3: 1999 | R3: a-b | S3: 8132064 | U3: 1999 | V3: a-b | W3: 1414721
A4: 1999 | B4: c-e | C4: 4170822649 | E4: 1999 | F4: c-e | G4: 723830435 | I4: 1999 | J4: c-e | K4: 40528188750 | M4: 1999 | N4: c-e | O4: 920711827 | Q4: 1999 | R4: c-e | S4: 745304253 | U4: 1999 | V4: c-e | W4: 757645750
A5: 1999 | B5: f | C5: 0 | E5: 1999 | F5: f | G5: 0 | I5: 1999 | J5: f | K5: 0 | M5: 1999 | N5: f | O5: 0 | Q5: 1999 | R5: f | S5: 0 | U5: 1999 | V5: f | W5: 0
A6: 1999 | B6: g-i | C6: 0 | E6: 1999 | F6: g-i | G6: 0 | I6: 1999 | J6: g-i | K6: 0 | M6: 1999 | N6: g-i | O6: 0 | Q6: 1999 | R6: g-i | S6: 0 | U6: 1999 | V6: g-i | W6: 0
A7: 1999 | B7: j-k | C7: 13735 | E7: 1999 | F7: j-k | G7: 0 | I7: 1999 | J7: j-k | K7: 399015 | M7: 1999 | N7: j-k | O7: 4382 | Q7: 1999 | R7: j-k | S7: 0 | U7: 1999 | V7: j-k | W7: 1451
A8: 1999 | B8: l-q | C8: 11992818 | E8: 1999 | F8: l-q | G8: 916058 | I8: 1999 | J8: l-q | K8: 313452422 | M8: 1999 | N8: l-q | O8: 310766 | Q8: 1999 | R8: l-q | S8: 1466967 | U8: 1999 | V8: l-q | W8: 2039185
A9: 2011 | B9: a-b | C9: 126210268 | E9: 2011 | F9: a-b | G9: 2661830 | I9: 2011 | J9: a-b | K9: 1871215480 | M9: 2011 | N9: a-b | O9: 14453257 | Q9: 2011 | R9: a-b | S9: 23104718 | U9: 2011 | V9: a-b | W9: 10454215
A10: 2011 | B10: c-e | C10: 42571628341 | E10: 2011 | F10: c-e | G10: 3030544423 | I10: 2011 | J10: c-e | K10: 178004922182 | M10: 2011 | N10: c-e | O10: 8239528662 | Q10: 2011 | R10: c-e | S10: 5.8354693e+09 | U10: 2011 | V10: c-e | W10: 6831335381
A11: 2011 | B11: f | C11: 0 | E11: 2011 | F11: f | G11: 0 | I11: 2011 | J11: f | K11: 0 | M11: 2011 | N11: f | O11: 0 | Q11: 2011 | R11: f | S11: 0 | U11: 2011 | V11: f | W11: 0
A12: 2011 | B12: g-i | C12: 0 | E12: 2011 | F12: g-i | G12: 0 | I12: 2011 | J12: g-i | K12: 0 | M12: 2011 | N12: g-i | O12: 0 | Q12: 2011 | R12: g-i | S12: 0 | U12: 2011 | V12: g-i | W12: 0
A13: 2011 | B13: j-k | C13: 12361 | E13: 2011 | F13: j-k | G13: 2351 | I13: 2011 | J13: j-k | K13: 761578 | M13: 2011 | N13: j-k | O13: 2049 | Q13: 2011 | R13: j-k | S13: 119105.48 | U13: 2011 | V13: j-k | W13: 1541
A14: 2011 | B14: l-q | C14: 13383600 | E14: 2011 | F14: l-q | G14: 2764490 | I14: 2011 | J14: l-q | K14: 598610981 | M14: 2011 | N14: l-q | O14: 32414433 | Q14: 2011 | R14: l-q | S14: 2539302.1 | U14: 2011 | V14: l-q | W14: 3199406
... A26: 2019 | B26: l-q | C26: 16244423 | E26: 2019 | F26: l-q | G26: 127890.12 | I26: 2019 | J26: l-q | K26: 7844738.1 | M26: 2019 | N26: l-q | O26: 346564.79 | Q26: 2019 | R26: l-q | S26: 953593.05 | U26: 2019 | V26: l-q | W26: 791047.17
A28: period | B28: industry | C28: delta_M | E28: period | F28: industry | G28: delta_M | I28: period | J28: industry | K28: delta_M | M28: period | N28: industry | O28: delta_M | Q28: period | R28: industry | S28: delta_M | U28: period | V28: industry | W28: delta_M
A29: 1999-2011 | B29: a-b | C29: =C9-C3 -> 94843969 | E29: 1999-2011 | F29: a-b | G29: =G9-G3 -> 754415 | I29: 1999-2011 | J29: a-b | K29: =K9-K3 -> 227713596 | M29: 1999-2011 | N29: a-b | O29: =O9-O3 -> 13328158 | Q29: 1999-2011 | R29: a-b | S29: =S9-S3 -> 14972654 | U29: 1999-2011 | V29: a-b | W29: =W9-W3 -> 9039494
A30: 1999-2011 | B30: c-e | C30: =C10-C4 -> 38400805692 | E30: 1999-2011 | F30: c-e | G30: =G10-G4 -> 2306713988 | I30: 1999-2011 | J30: c-e | K30: =K10-K4 -> 137476733432 | M30: 1999-2011 | N30: c-e | O30: =O10-O4 -> 7318816835 | Q30: 1999-2011 | R30: c-e | S30: =S10-S4 -> 5.0901651e+09 | U30: 1999-2011 | V30: c-e | W30: =W10-W4 -> 6073689631
A31: 1999-2011 | B31: f | C31: =C11-C5 -> 0 | E31: 1999-2011 | F31: f | G31: =G11-G5 -> 0 | I31: 1999-2011 | J31: f | K31: =K11-K5 -> 0 | M31: 1999-2011 | N31: f | O31: =O11-O5 -> 0 | Q31: 1999-2011 | R31: f | S31: =S11-S5 -> 0 | U31: 1999-2011 | V31: f | W31: =W11-W5 -> 0
A32: 1999-2011 | B32: g-i | C32: =C12-C6 -> 0 | E32: 1999-2011 | F32: g-i | G32: =G12-G6 -> 0 | I32: 1999-2011 | J32: g-i | K32: =K12-K6 -> 0 | M32: 1999-2011 | N32: g-i | O32: =O12-O6 -> 0 | Q32: 1999-2011 | R32: g-i | S32: =S12-S6 -> 0 | U32: 1999-2011 | V32: g-i | W32: =W12-W6 -> 0
A33: 1999-2011 | B33: j-k | C33: =C13-C7 -> -1374 | E33: 1999-2011 | F33: j-k | G33: =G13-G7 -> 2351 | I33: 1999-2011 | J33: j-k | K33: =K13-K7 -> 362563 | M33: 1999-2011 | N33: j-k | O33: =O13-O7 -> -2333 | Q33: 1999-2011 | R33: j-k | S33: =S13-S7 -> 119105.48 | U33: 1999-2011 | V33: j-k | W33: =W13-W7 -> 90
A34: 1999-2011 | B34: l-q | C34: =C14-C8 -> 1390782 | E34: 1999-2011 | F34: l-q | G34: =G14-G8 -> 1848432 | I34: 1999-2011 | J34: l-q | K34: =K14-K8 -> 285158559 | M34: 1999-2011 | N34: l-q | O34: =O14-O8 -> 32103667 | Q34: 1999-2011 | R34: l-q | S34: =S14-S8 -> 1072335.1 | U34: 1999-2011 | V34: l-q | W34: =W14-W8 -> 1160221
A35: 2012-2019 | B35: a-b | C35: =C21-C15 -> 33751430 | E35: 2012-2019 | F35: a-b | G35: =G21-G15 -> 116933.34 | I35: 2012-2019 | J35: a-b | K35: =K21-K15 -> -2.6543456e+08 | M35: 2012-2019 | N35: a-b | O35: =O21-O15 -> 4261096.3 | Q35: 2012-2019 | R35: a-b | S35: =S21-S15 -> 13832956 | U35: 2012-2019 | V35: a-b | W35: =W21-W15 -> 5051225.7
A36: 2012-2019 | B36: c-e | C36: =C22-C16 -> 1.13132e+10 | E36: 2012-2019 | F36: c-e | G36: =G22-G16 -> -4.23857e+08 | I36: 2012-2019 | J36: c-e | K36: =K22-K16 -> -1.8174415e+10 | M36: 2012-2019 | N36: c-e | O36: =O22-O16 -> 6.6895909e+08 | Q36: 2012-2019 | R36: c-e | S36: =S22-S16 -> 2.2382646e+09 | U36: 2012-2019 | V36: c-e | W36: =W22-W16 -> 1.6071349e+09
A37: 2012-2019 | B37: f | C37: =C23-C17 -> 0 | E37: 2012-2019 | F37: f | G37: =G23-G17 -> 0 | I37: 2012-2019 | J37: f | K37: =K23-K17 -> 0 | M37: 2012-2019 | N37: f | O37: =O23-O17 -> 0 | Q37: 2012-2019 | R37: f | S37: =S23-S17 -> 0 | U37: 2012-2019 | V37: f | W37: =W23-W17 -> 0
A38: 2012-2019 | B38: g-i | C38: =C24-C18 -> 0 | E38: 2012-2019 | F38: g-i | G38: =G24-G18 -> 0 | I38: 2012-2019 | J38: g-i | K38: =K24-K18 -> 0 | M38: 2012-2019 | N38: g-i | O38: =O24-O18 -> 0 | Q38: 2012-2019 | R38: g-i | S38: =S24-S18 -> 0 | U38: 2012-2019 | V38: g-i | W38: =W24-W18 -> 0
A39: 2012-2019 | B39: j-k | C39: =C25-C19 -> -16866.495 | E39: 2012-2019 | F39: j-k | G39: =G25-G19 -> 5974.449 | I39: 2012-2019 | J39: j-k | K39: =K25-K19 -> 353490.37 | M39: 2012-2019 | N39: j-k | O39: =O25-O19 -> -33543.559 | Q39: 2012-2019 | R39: j-k | S39: =S25-S19 -> -81522.771 | U39: 2012-2019 | V39: j-k | W39: =W25-W19 -> 1830.964
A40: 2012-2019 | B40: l-q | C40: =C26-C20 -> 10823487 | E40: 2012-2019 | F40: l-q | G40: =G26-G20 -> -49944.884 | I40: 2012-2019 | J40: l-q | K40: =K26-K20 -> 3868789.1 | M40: 2012-2019 | N40: l-q | O40: =O26-O20 -> -830318.21 | Q40: 2012-2019 | R40: l-q | S40: =S26-S20 -> -413354.35 | U40: 2012-2019 | V40: l-q | W40: =W26-W20 -> -622979.37

Sheet delta_M_OC
A1: period | B1: industry | C1: delta_M_OC
A2: 1999-2011 | B2: a-b | C2: ='import OC'!C29+'import OC'!G29+'import OC'!K29+'import OC'!O29+'import OC'!S29+'import OC'!W29 -> 3.6065229e+08
A3: 1999-2011 | B3: c-e | C3: ='import OC'!C30+'import OC'!G30+'import OC'!K30+'import OC'!O30+'import OC'!S30+'import OC'!W30 -> 1.9666692e+11
A4: 1999-2011 | B4: f | C4: ='import OC'!C31+'import OC'!G31+'import OC'!K31+'import OC'!O31+'import OC'!S31+'import OC'!W31 -> 0
A5: 1999-2011 | B5: g-i | C5: ='import OC'!C32+'import OC'!G32+'import OC'!K32+'import OC'!O32+'import OC'!S32+'import OC'!W32 -> 0
A6: 1999-2011 | B6: j-k | C6: ='import OC'!C33+'import OC'!G33+'import OC'!K33+'import OC'!O33+'import OC'!S33+'import OC'!W33 -> 480402.48
A7: 1999-2011 | B7: l-q | C7: ='import OC'!C34+'import OC'!G34+'import OC'!K34+'import OC'!O34+'import OC'!S34+'import OC'!W34 -> 3.22734e+08
A8: 2012-2019 | B8: a-b | C8: ='import OC'!C35+'import OC'!G35+'import OC'!K35+'import OC'!O35+'import OC'!S35+'import OC'!W35 -> -2.0842092e+08
A9: 2012-2019 | B9: c-e | C9: ='import OC'!C36+'import OC'!G36+'import OC'!K36+'import OC'!O36+'import OC'!S36+'import OC'!W36 -> -2.7707135e+09
A10: 2012-2019 | B10: f | C10: ='import OC'!C37+'import OC'!G37+'import OC'!K37+'import OC'!O37+'import OC'!S37+'import OC'!W37 -> 0
A11: 2012-2019 | B11: g-i | C11: ='import OC'!C38+'import OC'!G38+'import OC'!K38+'import OC'!O38+'import OC'!S38+'import OC'!W38 -> 0
A12: 2012-2019 | B12: j-k | C12: ='import OC'!C39+'import OC'!G39+'import OC'!K39+'import OC'!O39+'import OC'!S39+'import OC'!W39 -> 229362.95
A13: 2012-2019 | B13: l-q | C13: ='import OC'!C40+'import OC'!G40+'import OC'!K40+'import OC'!O40+'import OC'!S40+'import OC'!W40 -> 12775679

Sheet shock_OC
A1: period | B1: industry | C1: L_i0 | D1: delta_M_OC | E1: shock_OC
A2: 1999-2011 | B2: a-b | C2: =L_i!C2 -> 919800 | D2: =delta_M_OC!C2 -> 3.6065229e+08 | E2: =D2/C2 -> 392.09859
A3: 1999-2011 | B3: c-e | C3: =L_i!C3 -> 4463500 | D3: =delta_M_OC!C3 -> 1.9666692e+11 | E3: =D3/C3 -> 44061.146
A4: 1999-2011 | B4: f | C4: =L_i!C4 -> 1435000 | D4: =delta_M_OC!C4 -> 0 | E4: =D4/C4 -> 0
A5: 1999-2011 | B5: g-i | C5: =L_i!C5 -> 5179800 | D5: =delta_M_OC!C5 -> 0 | E5: =D5/C5 -> 0
A6: 1999-2011 | B6: j-k | C6: =L_i!C6 -> 2769700 | D6: =delta_M_OC!C6 -> 480402.48 | E6: =D6/C6 -> 0.17344928
A7: 1999-2011 | B7: l-q | C7: =L_i!C7 -> 7617400 | D7: =delta_M_OC!C7 -> 3.22734e+08 | E7: =D7/C7 -> 42.367999
A8: 2012-2019 | B8: a-b | C8: =L_i!C14 -> 721200 | D8: =delta_M_OC!C8 -> -2.0842092e+08 | E8: =D8/C8 -> -288.99185
A9: 2012-2019 | B9: c-e | C9: =L_i!C15 -> 3716400 | D9: =delta_M_OC!C9 -> -2.7707135e+09 | E9: =D9/C9 -> -745.53695
A10: 2012-2019 | B10: f | C10: =L_i!C16 -> 1856100 | D10: =delta_M_OC!C10 -> 0 | E10: =D10/C10 -> 0
A11: 2012-2019 | B11: g-i | C11: =L_i!C17 -> 6273700 | D11: =delta_M_OC!C11 -> 0 | E11: =D11/C11 -> 0
A12: 2012-2019 | B12: j-k | C12: =L_i!C18 -> 3471200 | D12: =delta_M_OC!C12 -> 229362.95 | E12: =D12/C12 -> 0.066075984
A13: 2012-2019 | B13: l-q | C13: =L_i!C19 -> 9371800 | D13: =delta_M_OC!C13 -> 12775679 | E13: =D13/C13 -> 1.3632045

Sheet IPW_OC
A1: p1 | K1: p2
B2: a-b | C2: c-e | D2: f | E2: g-i | F2: j-k | G2: l-q | H2: IPW (1999-2011) | L2: a-b | M2: c-e | N2: f | O2: g-i | P2: j-k | Q2: l-q | R2: IPW (2012-2019)
A3: Ile de France | B3: =shock_OC!$E$2*s_ri!B3 -> 1.8344743 | C3: =shock_OC!$E$3*s_ri!C3 -> 6392.3095 | D3: =shock_OC!$E$4*s_ri!D3 -> 0 | E3: =shock_OC!$E$5*s_ri!E3 -> 0 | F3: =shock_OC!$E$6*s_ri!F3 -> 0.03859655 | G3: =shock_OC!$E$7*s_ri!G3 -> 14.05016 | H3: =SUM(B3:G3)/1000 -> 6.4082327 | K3: Ile de France | L3: =shock_OC!$E$8*s_ri!K3 -> -0.48128 | M3: =shock_OC!$E$9*s_ri!L3 -> -67.927021 | N3: =shock_OC!$E$10*s_ri!M3 -> 0 | O3: =shock_OC!$E$11*s_ri!N3 -> 0 | P3: =shock_OC!$E$12*s_ri!O3 -> 0.014252912 | Q3: =shock_OC!$E$13*s_ri!P3 -> 0.46025309 | R3: =SUM(L3:Q3)/1000 -> -0.067933795
A4: Centre — Val de Loire | B4: =shock_OC!$E$2*s_ri!B4 -> 22.954194 | C4: =shock_OC!$E$3*s_ri!C4 -> 11195.079 | D4: =shock_OC!$E$4*s_ri!D4 -> 0 | E4: =shock_OC!$E$5*s_ri!E4 -> 0 | F4: =shock_OC!$E$6*s_ri!F4 -> 0.017439297 | G4: =shock_OC!$E$7*s_ri!G4 -> 13.93211 | H4: =SUM(B4:G4)/1000 -> 11.231983 | K4: Centre — Val de Loire | L4: =shock_OC!$E$8*s_ri!K4 -> -11.426791 | M4: =shock_OC!$E$9*s_ri!L4 -> -129.21852 | N4: =shock_OC!$E$10*s_ri!M4 -> 0 | O4: =shock_OC!$E$11*s_ri!N4 -> 0 | P4: =shock_OC!$E$12*s_ri!O4 -> 0.0080933421 | Q4: =shock_OC!$E$13*s_ri!P4 -> 0.49105621 | R4: =SUM(L4:Q4)/1000 -> -0.14014617
A5: Bourgogne | B5: =shock_OC!$E$2*s_ri!B5 -> 25.879641 | C5: =shock_OC!$E$3*s_ri!C5 -> 10642.037 | D5: =shock_OC!$E$4*s_ri!D5 -> 0 | E5: =shock_OC!$E$5*s_ri!E5 -> 0 | F5: =shock_OC!$E$6*s_ri!F5 -> 0.011698844 | G5: =shock_OC!$E$7*s_ri!G5 -> 14.635228 | H5: =SUM(B5:G5)/1000 -> 10.682563 | K5: Bourgogne | L5: =shock_OC!$E$8*s_ri!K5 -> -16.375005 | M5: =shock_OC!$E$9*s_ri!L5 -> -121.16136 | N5: =shock_OC!$E$10*s_ri!M5 -> 0 | O5: =shock_OC!$E$11*s_ri!N5 -> 0 | P5: =shock_OC!$E$12*s_ri!O5 -> 0.0070046303 | Q5: =shock_OC!$E$13*s_ri!P5 -> 0.48446385 | R5: =SUM(L5:Q5)/1000 -> -0.1370449
A6: Franche-Comté | B6: =shock_OC!$E$2*s_ri!B6 -> 18.309138 | C6: =shock_OC!$E$3*s_ri!C6 -> 14302.727 | D6: =shock_OC!$E$4*s_ri!D6 -> 0 | E6: =shock_OC!$E$5*s_ri!E6 -> 0 | F6: =shock_OC!$E$6*s_ri!F6 -> 0.011542418 | G6: =shock_OC!$E$7*s_ri!G6 -> 13.533293 | H6: =SUM(B6:G6)/1000 -> 14.334581 | K6: Franche-Comté | L6: =shock_OC!$E$8*s_ri!K6 -> -9.7171127 | M6: =shock_OC!$E$9*s_ri!L6 -> -203.71769 | N6: =shock_OC!$E$10*s_ri!M6 -> 0 | O6: =shock_OC!$E$11*s_ri!N6 -> 0 | P6: =shock_OC!$E$12*s_ri!O6 -> 0.0048091054 | Q6: =shock_OC!$E$13*s_ri!P6 -> 0.50217214 | R6: =SUM(L6:Q6)/1000 -> -0.21292782
A7: Basse-Normandie | B7: =shock_OC!$E$2*s_ri!B7 -> 35.407691 | C7: =shock_OC!$E$3*s_ri!C7 -> 8669.8093 | D7: =shock_OC!$E$4*s_ri!D7 -> 0 | E7: =shock_OC!$E$5*s_ri!E7 -> 0 | F7: =shock_OC!$E$6*s_ri!F7 -> 0.016679163 | G7: =shock_OC!$E$7*s_ri!G7 -> 14.781724 | H7: =SUM(B7:G7)/1000 -> 8.7200154 | K7: Basse-Normandie | L7: =shock_OC!$E$8*s_ri!K7 -> -15.974171 | M7: =shock_OC!$E$9*s_ri!L7 -> -117.66862 | N7: =shock_OC!$E$10*s_ri!M7 -> 0 | O7: =shock_OC!$E$11*s_ri!N7 -> 0 | P7: =shock_OC!$E$12*s_ri!O7 -> 0.0061447334 | Q7: =shock_OC!$E$13*s_ri!P7 -> 0.51134977 | R7: =SUM(L7:Q7)/1000 -> -0.13312529
A8: Haute-Normandie | B8: =shock_OC!$E$2*s_ri!B8 -> 9.1997691 | C8: =shock_OC!$E$3*s_ri!C8 -> 10861.15 | D8: =shock_OC!$E$4*s_ri!D8 -> 0 | E8: =shock_OC!$E$5*s_ri!E8 -> 0 | F8: =shock_OC!$E$6*s_ri!F8 -> 0.016621712 | G8: =shock_OC!$E$7*s_ri!G8 -> 14.078751 | H8: =SUM(B8:G8)/1000 -> 10.884445 | K8: Haute-Normandie | L8: =shock_OC!$E$8*s_ri!K8 -> -4.3318695 | M8: =shock_OC!$E$9*s_ri!L8 -> -153.55681 | N8: =shock_OC!$E$10*s_ri!M8 -> 0 | O8: =shock_OC!$E$11*s_ri!N8 -> 0 | P8: =shock_OC!$E$12*s_ri!O8 -> 0.0067956008 | Q8: =shock_OC!$E$13*s_ri!P8 -> 0.52125306 | R8: =SUM(L8:Q8)/1000 -> -0.15736063
A9: Nord-Pas de Calais | B9: =shock_OC!$E$2*s_ri!B9 -> 6.5661733 | C9: =shock_OC!$E$3*s_ri!C9 -> 10179.771 | D9: =shock_OC!$E$4*s_ri!D9 -> 0 | E9: =shock_OC!$E$5*s_ri!E9 -> 0 | F9: =shock_OC!$E$6*s_ri!F9 -> 0.016441998 | G9: =shock_OC!$E$7*s_ri!G9 -> 14.732647 | H9: =SUM(B9:G9)/1000 -> 10.201086 | K9: Nord-Pas de Calais | L9: =shock_OC!$E$8*s_ri!K9 -> -3.0997793 | M9: =shock_OC!$E$9*s_ri!L9 -> -125.86213 | N9: =shock_OC!$E$10*s_ri!M9 -> 0 | O9: =shock_OC!$E$11*s_ri!N9 -> 0 | P9: =shock_OC!$E$12*s_ri!O9 -> 0.0074616117 | Q9: =shock_OC!$E$13*s_ri!P9 -> 0.54101325 | R9: =SUM(L9:Q9)/1000 -> -0.12841344
A10: Picardie | B10: =shock_OC!$E$2*s_ri!B10 -> 15.128634 | C10: =shock_OC!$E$3*s_ri!C10 -> 11246.959 | D10: =shock_OC!$E$4*s_ri!D10 -> 0 | E10: =shock_OC!$E$5*s_ri!E10 -> 0 | F10: =shock_OC!$E$6*s_ri!F10 -> 0.014408179 | G10: =shock_OC!$E$7*s_ri!G10 -> 13.609814 | H10: =SUM(B10:G10)/1000 -> 11.275712 | K10: Picardie | L10: =shock_OC!$E$8*s_ri!K10 -> -8.6824898 | M10: =shock_OC!$E$9*s_ri!L10 -> -129.01801 | N10: =shock_OC!$E$10*s_ri!M10 -> 0 | O10: =shock_OC!$E$11*s_ri!N10 -> 0 | P10: =shock_OC!$E$12*s_ri!O10 -> 0.0062555578 | Q10: =shock_OC!$E$13*s_ri!P10 -> 0.49693526 | R10: =SUM(L10:Q10)/1000 -> -0.13719731
A11: Alsace | B11: =shock_OC!$E$2*s_ri!B11 -> 7.4090705 | C11: =shock_OC!$E$3*s_ri!C11 -> 12881.15 | D11: =shock_OC!$E$4*s_ri!D11 -> 0 | E11: =shock_OC!$E$5*s_ri!E11 -> 0 | F11: =shock_OC!$E$6*s_ri!F11 -> 0.017323859 | G11: =shock_OC!$E$7*s_ri!G11 -> 12.163144 | H11: =SUM(B11:G11)/1000 -> 12.90074 | K11: Alsace | L11: =shock_OC!$E$8*s_ri!K11 -> -2.6196952 | M11: =shock_OC!$E$9*s_ri!L11 -> -159.88356 | N11: =shock_OC!$E$10*s_ri!M11 -> 0 | O11: =shock_OC!$E$11*s_ri!N11 -> 0 | P11: =shock_OC!$E$12*s_ri!O11 -> 0.0072123171 | Q11: =shock_OC!$E$13*s_ri!P11 -> 0.48667736 | R11: =SUM(L11:Q11)/1000 -> -0.16200937
A12: Champagne-Ardenne | B12: =shock_OC!$E$2*s_ri!B12 -> 33.173736 | C12: =shock_OC!$E$3*s_ri!C12 -> 9623.1934 | D12: =shock_OC!$E$4*s_ri!D12 -> 0 | E12: =shock_OC!$E$5*s_ri!E12 -> 0 | F12: =shock_OC!$E$6*s_ri!F12 -> 0.014490886 | G12: =shock_OC!$E$7*s_ri!G12 -> 14.167586 | H12: =SUM(B12:G12)/1000 -> 9.6705493 | K12: Champagne-Ardenne | L12: =shock_OC!$E$8*s_ri!K12 -> -16.71806 | M12: =shock_OC!$E$9*s_ri!L12 -> -144.70526 | N12: =shock_OC!$E$10*s_ri!M12 -> 0 | O12: =shock_OC!$E$11*s_ri!N12 -> 0 | P12: =shock_OC!$E$12*s_ri!O12 -> 0.0063004828 | Q12: =shock_OC!$E$13*s_ri!P12 -> 0.50987599 | R12: =SUM(L12:Q12)/1000 -> -0.16090714
A13: Lorraine | B13: =shock_OC!$E$2*s_ri!B13 -> 11.249663 | C13: =shock_OC!$E$3*s_ri!C13 -> 10829.758 | D13: =shock_OC!$E$4*s_ri!D13 -> 0 | E13: =shock_OC!$E$5*s_ri!E13 -> 0 | F13: =shock_OC!$E$6*s_ri!F13 -> 0.01525161 | G13: =shock_OC!$E$7*s_ri!G13 -> 14.503252 | H13: =SUM(B13:G13)/1000 -> 10.855526 | K13: Lorraine | L13: =shock_OC!$E$8*s_ri!K13 -> -5.5721479 | M13: =shock_OC!$E$9*s_ri!L13 -> -129.70121 | N13: =shock_OC!$E$10*s_ri!M13 -> 0 | O13: =shock_OC!$E$11*s_ri!N13 -> 0 | P13: =shock_OC!$E$12*s_ri!O13 -> 0.0071591967 | Q13: =shock_OC!$E$13*s_ri!P13 -> 0.54719337 | R13: =SUM(L13:Q13)/1000 -> -0.13471901
A14: Pays de la Loire | B14: =shock_OC!$E$2*s_ri!B14 -> 25.608806 | C14: =shock_OC!$E$3*s_ri!C14 -> 11212.509 | D14: =shock_OC!$E$4*s_ri!D14 -> 0 | E14: =shock_OC!$E$5*s_ri!E14 -> 0 | F14: =shock_OC!$E$6*s_ri!F14 -> 0.014771409 | G14: =shock_OC!$E$7*s_ri!G14 -> 13.505913 | H14: =SUM(B14:G14)/1000 -> 11.251638 | K14: Pays de la Loire | L14: =shock_OC!$E$8*s_ri!K14 -> -11.574262 | M14: =shock_OC!$E$9*s_ri!L14 -> -140.87756 | N14: =shock_OC!$E$10*s_ri!M14 -> 0 | O14: =shock_OC!$E$11*s_ri!N14 -> 0 | P14: =shock_OC!$E$12*s_ri!O14 -> 0.0076758033 | Q14: =shock_OC!$E$13*s_ri!P14 -> 0.46710758 | R14: =SUM(L14:Q14)/1000 -> -0.15197704
... A24: Corse | B24: =shock_OC!$E$2*s_ri!B24 -> 0 | C24: =shock_OC!$E$3*s_ri!C24 -> 0 | D24: =shock_OC!$E$4*s_ri!D24 -> 0 | E24: =shock_OC!$E$5*s_ri!E24 -> 0 | F24: =shock_OC!$E$6*s_ri!F24 -> 0 | G24: =shock_OC!$E$7*s_ri!G24 -> 25.420799 | H24: =SUM(B24:G24)/1000 -> 0.025420799 | K24: Corse | L24: =shock_OC!$E$8*s_ri!K24 -> 0 | M24: =shock_OC!$E$9*s_ri!L24 -> -119.3297 | N24: =shock_OC!$E$10*s_ri!M24 -> 0 | O24: =shock_OC!$E$11*s_ri!N24 -> 0 | P24: =shock_OC!$E$12*s_ri!O24 -> 0.0072770907 | Q24: =shock_OC!$E$13*s_ri!P24 -> 0.50844924 | R24: =SUM(L24:Q24)/1000 -> -0.11881398
