Workbook

Sheet employment
A1: zone | B1: year | C1: industry | D1: employment
A2: Stuttgart | B2: 1999 | C2: a-b | D2: 31.3
A3: Karlsruhe | B3: 1999 | C3: a-b | D3: 17.3
A4: Freiburg | B4: 1999 | C4: a-b | D4: 31.1
A5: Tübingen | B5: 1999 | C5: a-b | D5: 32.2
A6: Oberbayern | B6: 1999 | C6: a-b | D6: 52.8
A7: Niederbayern | B7: 1999 | C7: a-b | D7: 35.6
A8: Oberpfalz | B8: 1999 | C8: a-b | D8: 29.9
A9: Oberfranken | B9: 1999 | C9: a-b | D9: 14.2
A10: Mittelfranken | B10: 1999 | C10: a-b | D10: 33.3
A11: Unterfranken | B11: 1999 | C11: a-b | D11: 15.9
A12: Schwaben | B12: 1999 | C12: a-b | D12: 33.5
A13: Berlin | B13: 1999 | C13: a-b | D13: 11.4
... A913: Thüringen | B913: 2019 | C913: l-q | D913: 322.4

Sheet import
A1: year | B1: industry | C1: import
A2: 1999 | B2: a-b | C2: 146970629
A3: 1999 | B3: c-e | C3: 14200111910
A4: 1999 | B4: f | C4: 0
A5: 1999 | B5: g-i | C5: 0
A6: 1999 | B6: j-k | C6: 55522
A7: 1999 | B7: l-q | C7: 3570931
A8: 2011 | B8: a-b | C8: 6.3366063e+08
A9: 2011 | B9: c-e | C9: 1.1065913e+11
A10: 2011 | B10: f | C10: 0
A11: 2011 | B11: g-i | C11: 0
A12: 2011 | B12: j-k | C12: 73440.387
A13: 2011 | B13: l-q | C13: 13752870
... A25: 2019 | B25: l-q | C25: 21161267

Sheet L_i
A1: year | B1: industry | C1: L_i
A2: 1999 | B2: a-b | C2: =SUM(employment!D2:D39) -> 919.8
A3: 1999 | B3: c-e | C3: =SUM(employment!D154:D191) -> 8638.9
A4: 1999 | B4: f | C4: =SUM(employment!D306:D343) -> 2830.4
A5: 1999 | B5: g-i | C5: =SUM(employment!D458:D495) -> 7772.9
A6: 1999 | B6: j-k | C6: =SUM(employment!D610:D647) -> 3768.8
A7: 1999 | B7: l-q | C7: =SUM(employment!D762:D799) -> 9883.6
A8: 2011 | B8: a-b | C8: =SUM(employment!D40:D77) -> 564.4
A9: 2011 | B9: c-e | C9: =SUM(employment!D192:D229) -> 8286.1
A10: 2011 | B10: f | C10: =SUM(employment!D344:D381) -> 2527.9
A11: 2011 | B11: g-i | C11: =SUM(employment!D496:D533) -> 9568.7
A12: 2011 | B12: j-k | C12: =SUM(employment!D648:D685) -> 5387.8
A13: 2011 | B13: l-q | C13: =SUM(employment!D800:D837) -> 11631.1
A14: 2012 | B14: a-b | C14: =SUM(employment!D78:D115) -> 541.1
A15: 2012 | B15: c-e | C15: =SUM(employment!D230:D267) -> 8311.1
A16: 2012 | B16: f | C16: =SUM(employment!D382:D419) -> 2573
A17: 2012 | B17: g-i | C17: =SUM(employment!D534:D571) -> 9643.7
A18: 2012 | B18: j-k | C18: =SUM(employment!D686:D723) -> 5389.8
A19: 2012 | B19: l-q | C19: =SUM(employment!D838:D875) -> 11789.6
A20: 2019 | B20: a-b | C20: =SUM(employment!D116:D153) -> 455
A21: 2019 | B21: c-e | C21: =SUM(employment!D268:D305) -> 8508.4
A22: 2019 | B22: f | C22: =SUM(employment!D420:D457) -> 2771.5
A23: 2019 | B23: g-i | C23: =SUM(employment!D572:D609) -> 10513.4
A24: 2019 | B24: j-k | C24: =SUM(employment!D724:D761) -> 5731.4
A25: 2019 | B25: l-q | C25: =SUM(employment!D876:D913) -> 13002.7

Sheet delta_М
A1: period | B1: industry | C1: delta_M
A2: 1999-2011 | B2: a-b | C2: =import!C8-import!C2 -> 4.8669e+08
A3: 1999-2011 | B3: c-e | C3: =import!C9-import!C3 -> 9.6459021e+10
A4: 1999-2011 | B4: f | C4: =import!C10-import!C4 -> 0
A5: 1999-2011 | B5: g-i | C5: =import!C11-import!C5 -> 0
A6: 1999-2011 | B6: j-k | C6: =import!C12-import!C6 -> 17918.387
A7: 1999-2011 | B7: l-q | C7: =import!C13-import!C7 -> 10181939
A8: 2012-2019 | B8: a-b | C8: =import!C20-import!C14 -> -44049333
A9: 2012-2019 | B9: c-e | C9: =import!C21-import!C15 -> 2.0022199e+10
A10: 2012-2019 | B10: f | C10: =import!C22-import!C16 -> 0
A11: 2012-2019 | B11: g-i | C11: =import!C23-import!C17 -> 0
A12: 2012-2019 | B12: j-k | C12: =import!C24-import!C18 -> 4619.099
A13: 2012-2019 | B13: l-q | C13: =import!C25-import!C19 -> 13392819

Sheet shock_i
A1: period | B1: industry | C1: L_i0 | D1: delta_M | E1: shock_i
A2: 1999-2011 | B2: a-b | C2: =L_i!C2 -> 919.8 | D2: =delta_М!C2 -> 4.8669e+08 | E2: =D2/C2 -> 529125.9
A3: 1999-2011 | B3: c-e | C3: =L_i!C3 -> 8638.9 | D3: =delta_М!C3 -> 9.6459021e+10 | E3: =D3/C3 -> 11165660
A4: 1999-2011 | B4: f | C4: =L_i!C4 -> 2830.4 | D4: =delta_М!C4 -> 0 | E4: =D4/C4 -> 0
A5: 1999-2011 | B5: g-i | C5: =L_i!C5 -> 7772.9 | D5: =delta_М!C5 -> 0 | E5: =D5/C5 -> 0
A6: 1999-2011 | B6: j-k | C6: =L_i!C6 -> 3768.8 | D6: =delta_М!C6 -> 17918.387 | E6: =D6/C6 -> 4.7544011
A7: 1999-2011 | B7: l-q | C7: =L_i!C7 -> 9883.6 | D7: =delta_М!C7 -> 10181939 | E7: =D7/C7 -> 1030.1853
A8: 2012-2019 | B8: a-b | C8: =L_i!C14 -> 541.1 | D8: =delta_М!C8 -> -44049333 | E8: =D8/C8 -> -81407.011
A9: 2012-2019 | B9: c-e | C9: =L_i!C15 -> 8311.1 | D9: =delta_М!C9 -> 2.0022199e+10 | E9: =D9/C9 -> 2409091.3
A10: 2012-2019 | B10: f | C10: =L_i!C16 -> 2573 | D10: =delta_М!C10 -> 0 | E10: =D10/C10 -> 0
A11: 2012-2019 | B11: g-i | C11: =L_i!C17 -> 9643.7 | D11: =delta_М!C11 -> 0 | E11: =D11/C11 -> 0
A12: 2012-2019 | B12: j-k | C12: =L_i!C18 -> 5389.8 | D12: =delta_М!C12 -> 4619.099 | E12: =D12/C12 -> 0.8570075
A13: 2012-2019 | B13: l-q | C13: =L_i!C19 -> 11789.6 | D13: =delta_М!C13 -> 13392819 | E13: =D13/C13 -> 1135.9859

Sheet L_r
A1: 1999 | K1: 2012
B2: a-b | C2: c-e | D2: f | E2: g-i | F2: j-k | G2: l-q | H2: total_1999 | L2: a-b | M2: c-e | N2: f | O2: g-i | P2: j-k | Q2: l-q | R2: total_2012
A3: Stuttgart | B3: =employment!D2 -> 31.3 | C3: =employment!D154 -> 677 | D3: =employment!D306 -> 125.3 | E3: =employment!D458 -> 358.7 | F3: =employment!D610 -> 194.7 | G3: =employment!D762 -> 437.5 | H3: =SUM(B3:G3) -> 1824.5 | K3: Stuttgart | L3: =employment!D78 -> 19.7 | M3: =employment!D230 -> 595.6 | N3: =employment!D382 -> 116 | O3: =employment!D534 -> 421.8 | P3: =employment!D686 -> 274.4 | Q3: =employment!D838 -> 505.8 | R3: =SUM(L3:Q3) -> 1933.3
A4: Karlsruhe | B4: =employment!D3 -> 17.3 | C4: =employment!D155 -> 379.4 | D4: =employment!D307 -> 67.3 | E4: =employment!D459 -> 237.8 | F4: =employment!D611 -> 135.2 | G4: =employment!D763 -> 335.2 | H4: =SUM(B4:G4) -> 1172.2 | K4: Karlsruhe | L4: =employment!D79 -> 5.9 | M4: =employment!D231 -> 353.1 | N4: =employment!D383 -> 68.1 | O4: =employment!D535 -> 312.4 | P4: =employment!D687 -> 181 | Q4: =employment!D839 -> 392.5 | R4: =SUM(L4:Q4) -> 1313
A5: Freiburg | B5: =employment!D4 -> 31.1 | C5: =employment!D156 -> 311.7 | D5: =employment!D308 -> 69.4 | E5: =employment!D460 -> 194.7 | F5: =employment!D612 -> 86.6 | G5: =employment!D764 -> 253.3 | H5: =SUM(B5:G5) -> 946.8 | K5: Freiburg | L5: =employment!D80 -> 12 | M5: =employment!D232 -> 315.2 | N5: =employment!D384 -> 69.3 | O5: =employment!D536 -> 265.2 | P5: =employment!D688 -> 109.4 | Q5: =employment!D840 -> 328.1 | R5: =SUM(L5:Q5) -> 1099.2
A6: Tübingen | B6: =employment!D5 -> 32.2 | C6: =employment!D157 -> 290.3 | D6: =employment!D309 -> 57.6 | E6: =employment!D461 -> 145 | F6: =employment!D613 -> 71.8 | G6: =employment!D765 -> 205.4 | H6: =SUM(B6:G6) -> 802.3 | K6: Tübingen | L6: =employment!D81 -> 18.6 | M6: =employment!D233 -> 288.4 | N6: =employment!D385 -> 53.7 | O6: =employment!D537 -> 181.2 | P6: =employment!D689 -> 89.3 | Q6: =employment!D841 -> 260.3 | R6: =SUM(L6:Q6) -> 891.5
A7: Oberbayern | B7: =employment!D6 -> 52.8 | C7: =employment!D158 -> 474.8 | D7: =employment!D310 -> 125.1 | E7: =employment!D462 -> 446.7 | F7: =employment!D614 -> 331.9 | G7: =employment!D766 -> 549.4 | H7: =SUM(B7:G7) -> 1980.7 | K7: Oberbayern | L7: =employment!D82 -> 34.6 | M7: =employment!D234 -> 450.8 | N7: =employment!D386 -> 130.7 | O7: =employment!D538 -> 593.1 | P7: =employment!D690 -> 414.4 | Q7: =employment!D842 -> 632.2 | R7: =SUM(L7:Q7) -> 2255.8
A8: Niederbayern | B8: =employment!D7 -> 35.6 | C8: =employment!D159 -> 167.7 | D8: =employment!D311 -> 56.3 | E8: =employment!D463 -> 117.3 | F8: =employment!D615 -> 48.8 | G8: =employment!D767 -> 128.3 | H8: =SUM(B8:G8) -> 554 | K8: Niederbayern | L8: =employment!D83 -> 20.9 | M8: =employment!D235 -> 163.1 | N8: =employment!D387 -> 56.5 | O8: =employment!D539 -> 139.7 | P8: =employment!D691 -> 61.4 | Q8: =employment!D843 -> 156 | R8: =SUM(L8:Q8) -> 597.6
A9: Oberpfalz | B9: =employment!D8 -> 29.9 | C9: =employment!D160 -> 146.6 | D9: =employment!D312 -> 45.9 | E9: =employment!D464 -> 102.9 | F9: =employment!D616 -> 39.9 | G9: =employment!D768 -> 129.6 | H9: =SUM(B9:G9) -> 494.8 | K9: Oberpfalz | L9: =employment!D84 -> 14.1 | M9: =employment!D236 -> 155 | N9: =employment!D388 -> 36.7 | O9: =employment!D540 -> 121.8 | P9: =employment!D692 -> 53.2 | Q9: =employment!D844 -> 161 | R9: =SUM(L9:Q9) -> 541.8
A10: Oberfranken | B10: =employment!D9 -> 14.2 | C10: =employment!D161 -> 157.5 | D10: =employment!D313 -> 35.5 | E10: =employment!D465 -> 117.1 | F10: =employment!D617 -> 48.6 | G10: =employment!D769 -> 132.9 | H10: =SUM(B10:G10) -> 505.8 | K10: Oberfranken | L10: =employment!D85 -> 9.2 | M10: =employment!D237 -> 152.5 | N10: =employment!D389 -> 34.7 | O10: =employment!D541 -> 117.8 | P10: =employment!D693 -> 58.1 | Q10: =employment!D845 -> 151.7 | R10: =SUM(L10:Q10) -> 524
A11: Mittelfranken | B11: =employment!D10 -> 33.3 | C11: =employment!D162 -> 234.3 | D11: =employment!D314 -> 56 | E11: =employment!D466 -> 165.2 | F11: =employment!D618 -> 91.8 | G11: =employment!D770 -> 177.2 | H11: =SUM(B11:G11) -> 757.8 | K11: Mittelfranken | L11: =employment!D86 -> 12 | M11: =employment!D238 -> 222.9 | N11: =employment!D390 -> 46.6 | O11: =employment!D542 -> 215.7 | P11: =employment!D694 -> 113 | Q11: =employment!D846 -> 242.6 | R11: =SUM(L11:Q11) -> 852.8
A12: Unterfranken | B12: =employment!D11 -> 15.9 | C12: =employment!D163 -> 184.5 | D12: =employment!D315 -> 51.6 | E12: =employment!D467 -> 128.1 | F12: =employment!D619 -> 53.5 | G12: =employment!D771 -> 163.6 | H12: =SUM(B12:G12) -> 597.2 | K12: Unterfranken | L12: =employment!D87 -> 10.4 | M12: =employment!D239 -> 175.8 | N12: =employment!D391 -> 44.4 | O12: =employment!D543 -> 155.9 | P12: =employment!D695 -> 69.2 | Q12: =employment!D847 -> 197.2 | R12: =SUM(L12:Q12) -> 652.9
A13: Schwaben | B13: =employment!D12 -> 33.5 | C13: =employment!D164 -> 254 | D13: =employment!D316 -> 56.3 | E13: =employment!D468 -> 183.3 | F13: =employment!D620 -> 77.3 | G13: =employment!D772 -> 208.4 | H13: =SUM(B13:G13) -> 812.8 | K13: Schwaben | L13: =employment!D88 -> 20.1 | M13: =employment!D240 -> 250.3 | N13: =employment!D392 -> 63.1 | O13: =employment!D544 -> 211.3 | P13: =employment!D696 -> 100.2 | Q13: =employment!D848 -> 233.7 | R13: =SUM(L13:Q13) -> 878.7
A14: Berlin | B14: =employment!D13 -> 11.4 | C14: =employment!D165 -> 205.8 | D14: =employment!D317 -> 132.8 | E14: =employment!D469 -> 314.4 | F14: =employment!D621 -> 237.6 | G14: =employment!D773 -> 545.8 | H14: =SUM(B14:G14) -> 1447.8 | K14: Berlin | L14: =employment!D89 -> 0 | M14: =employment!D241 -> 144.2 | N14: =employment!D393 -> 88.6 | O14: =employment!D545 -> 442 | P14: =employment!D697 -> 295.2 | Q14: =employment!D849 -> 570.6 | R14: =SUM(L14:Q14) -> 1540.6
... A40: Thüringen | B40: =employment!D39 -> 40.8 | C40: =employment!D191 -> 209.7 | D40: =employment!D343 -> 159.5 | E40: =employment!D495 -> 218.8 | F40: =employment!D647 -> 66.5 | G40: =employment!D799 -> 389.5 | H40: =SUM(B40:G40) -> 1084.8 | K40: Thüringen | L40: =employment!D115 -> 23.7 | M40: =employment!D267 -> 248.2 | N40: =employment!D419 -> 104 | O40: =employment!D571 -> 227.8 | P40: =employment!D723 -> 123.5 | Q40: =employment!D875 -> 322.4 | R40: =SUM(L40:Q40) -> 1049.6

Sheet s_ri
A1: 1999 | J1: 2012
B2: a-b | C2: c-e | D2: f | E2: g-i | F2: j-k | G2: l-q | K2: a-b | L2: c-e | M2: f | N2: g-i | O2: j-k | P2: l-q
A3: Stuttgart | B3: =L_r!B3/L_r!$H3 -> 0.017155385 | C3: =L_r!C3/L_r!$H3 -> 0.37106056 | D3: =L_r!D3/L_r!$H3 -> 0.06867635 | E3: =L_r!E3/L_r!$H3 -> 0.19660181 | F3: =L_r!F3/L_r!$H3 -> 0.10671417 | G3: =L_r!G3/L_r!$H3 -> 0.23979172 | J3: Stuttgart | K3: =L_r!L3/L_r!$R3 -> 0.010189831 | L3: =L_r!M3/L_r!$R3 -> 0.30807428 | M3: =L_r!N3/L_r!$R3 -> 0.060001035 | N3: =L_r!O3/L_r!$R3 -> 0.21817618 | O3: =L_r!P3/L_r!$R3 -> 0.14193348 | P3: =L_r!Q3/L_r!$R3 -> 0.2616252
A4: Karlsruhe | B4: =L_r!B4/L_r!$H4 -> 0.014758574 | C4: =L_r!C4/L_r!$H4 -> 0.3236649 | D4: =L_r!D4/L_r!$H4 -> 0.057413411 | E4: =L_r!E4/L_r!$H4 -> 0.20286641 | F4: =L_r!F4/L_r!$H4 -> 0.11533868 | G4: =L_r!G4/L_r!$H4 -> 0.28595803 | J4: Karlsruhe | K4: =L_r!L4/L_r!$R4 -> 0.0044935263 | L4: =L_r!M4/L_r!$R4 -> 0.26892612 | M4: =L_r!N4/L_r!$R4 -> 0.051865956 | N4: =L_r!O4/L_r!$R4 -> 0.23792841 | O4: =L_r!P4/L_r!$R4 -> 0.13785225 | P4: =L_r!Q4/L_r!$R4 -> 0.29893374
A5: Freiburg | B5: =L_r!B5/L_r!$H5 -> 0.032847486 | C5: =L_r!C5/L_r!$H5 -> 0.3292142 | D5: =L_r!D5/L_r!$H5 -> 0.073299535 | E5: =L_r!E5/L_r!$H5 -> 0.20564005 | F5: =L_r!F5/L_r!$H5 -> 0.091465991 | G5: =L_r!G5/L_r!$H5 -> 0.26753274 | J5: Freiburg | K5: =L_r!L5/L_r!$R5 -> 0.010917031 | L5: =L_r!M5/L_r!$R5 -> 0.286754 | M5: =L_r!N5/L_r!$R5 -> 0.063045852 | N5: =L_r!O5/L_r!$R5 -> 0.24126638 | O5: =L_r!P5/L_r!$R5 -> 0.099526929 | P5: =L_r!Q5/L_r!$R5 -> 0.29848981
A6: Tübingen | B6: =L_r!B6/L_r!$H6 -> 0.040134613 | C6: =L_r!C6/L_r!$H6 -> 0.36183473 | D6: =L_r!D6/L_r!$H6 -> 0.071793593 | E6: =L_r!E6/L_r!$H6 -> 0.1807304 | F6: =L_r!F6/L_r!$H6 -> 0.089492708 | G6: =L_r!G6/L_r!$H6 -> 0.25601396 | J6: Tübingen | K6: =L_r!L6/L_r!$R6 -> 0.020863713 | L6: =L_r!M6/L_r!$R6 -> 0.32349972 | M6: =L_r!N6/L_r!$R6 -> 0.060235558 | N6: =L_r!O6/L_r!$R6 -> 0.20325294 | O6: =L_r!P6/L_r!$R6 -> 0.10016826 | P6: =L_r!Q6/L_r!$R6 -> 0.29197981
A7: Oberbayern | B7: =L_r!B7/L_r!$H7 -> 0.026657242 | C7: =L_r!C7/L_r!$H7 -> 0.23971323 | D7: =L_r!D7/L_r!$H7 -> 0.063159489 | E7: =L_r!E7/L_r!$H7 -> 0.22552633 | F7: =L_r!F7/L_r!$H7 -> 0.16756702 | G7: =L_r!G7/L_r!$H7 -> 0.27737669 | J7: Oberbayern | K7: =L_r!L7/L_r!$R7 -> 0.015338239 | L7: =L_r!M7/L_r!$R7 -> 0.19984041 | M7: =L_r!N7/L_r!$R7 -> 0.057939534 | N7: =L_r!O7/L_r!$R7 -> 0.26292224 | O7: =L_r!P7/L_r!$R7 -> 0.18370423 | P7: =L_r!Q7/L_r!$R7 -> 0.28025534
A8: Niederbayern | B8: =L_r!B8/L_r!$H8 -> 0.064259928 | C8: =L_r!C8/L_r!$H8 -> 0.30270758 | D8: =L_r!D8/L_r!$H8 -> 0.10162455 | E8: =L_r!E8/L_r!$H8 -> 0.21173285 | F8: =L_r!F8/L_r!$H8 -> 0.088086643 | G8: =L_r!G8/L_r!$H8 -> 0.23158845 | J8: Niederbayern | K8: =L_r!L8/L_r!$R8 -> 0.034973226 | L8: =L_r!M8/L_r!$R8 -> 0.27292503 | M8: =L_r!N8/L_r!$R8 -> 0.094544846 | N8: =L_r!O8/L_r!$R8 -> 0.23376841 | O8: =L_r!P8/L_r!$R8 -> 0.10274431 | P8: =L_r!Q8/L_r!$R8 -> 0.26104418
A9: Oberpfalz | B9: =L_r!B9/L_r!$H9 -> 0.060428456 | C9: =L_r!C9/L_r!$H9 -> 0.29628133 | D9: =L_r!D9/L_r!$H9 -> 0.092764753 | E9: =L_r!E9/L_r!$H9 -> 0.20796281 | F9: =L_r!F9/L_r!$H9 -> 0.080638642 | G9: =L_r!G9/L_r!$H9 -> 0.26192401 | J9: Oberpfalz | K9: =L_r!L9/L_r!$R9 -> 0.026024363 | L9: =L_r!M9/L_r!$R9 -> 0.28608343 | M9: =L_r!N9/L_r!$R9 -> 0.067737172 | N9: =L_r!O9/L_r!$R9 -> 0.2248062 | O9: =L_r!P9/L_r!$R9 -> 0.098191214 | P9: =L_r!Q9/L_r!$R9 -> 0.29715762
A10: Oberfranken | B10: =L_r!B10/L_r!$H10 -> 0.028074338 | C10: =L_r!C10/L_r!$H10 -> 0.3113879 | D10: =L_r!D10/L_r!$H10 -> 0.070185844 | E10: =L_r!E10/L_r!$H10 -> 0.23151443 | F10: =L_r!F10/L_r!$H10 -> 0.096085409 | G10: =L_r!G10/L_r!$H10 -> 0.26275208 | J10: Oberfranken | K10: =L_r!L10/L_r!$R10 -> 0.017557252 | L10: =L_r!M10/L_r!$R10 -> 0.29103053 | M10: =L_r!N10/L_r!$R10 -> 0.066221374 | N10: =L_r!O10/L_r!$R10 -> 0.22480916 | O10: =L_r!P10/L_r!$R10 -> 0.11087786 | P10: =L_r!Q10/L_r!$R10 -> 0.28950382
A11: Mittelfranken | B11: =L_r!B11/L_r!$H11 -> 0.043942993 | C11: =L_r!C11/L_r!$H11 -> 0.30918448 | D11: =L_r!D11/L_r!$H11 -> 0.073898126 | E11: =L_r!E11/L_r!$H11 -> 0.21799947 | F11: =L_r!F11/L_r!$H11 -> 0.12114014 | G11: =L_r!G11/L_r!$H11 -> 0.23383478 | J11: Mittelfranken | K11: =L_r!L11/L_r!$R11 -> 0.014071295 | L11: =L_r!M11/L_r!$R11 -> 0.2613743 | M11: =L_r!N11/L_r!$R11 -> 0.054643527 | N11: =L_r!O11/L_r!$R11 -> 0.25293152 | O11: =L_r!P11/L_r!$R11 -> 0.13250469 | P11: =L_r!Q11/L_r!$R11 -> 0.28447467
A12: Unterfranken | B12: =L_r!B12/L_r!$H12 -> 0.026624246 | C12: =L_r!C12/L_r!$H12 -> 0.30894173 | D12: =L_r!D12/L_r!$H12 -> 0.086403215 | E12: =L_r!E12/L_r!$H12 -> 0.214501 | F12: =L_r!F12/L_r!$H12 -> 0.089584729 | G12: =L_r!G12/L_r!$H12 -> 0.27394508 | J12: Unterfranken | K12: =L_r!L12/L_r!$R12 -> 0.015928932 | L12: =L_r!M12/L_r!$R12 -> 0.26926022 | M12: =L_r!N12/L_r!$R12 -> 0.068004289 | N12: =L_r!O12/L_r!$R12 -> 0.23878082 | O12: =L_r!P12/L_r!$R12 -> 0.10598867 | P12: =L_r!Q12/L_r!$R12 -> 0.30203707
A13: Schwaben | B13: =L_r!B13/L_r!$H13 -> 0.041215551 | C13: =L_r!C13/L_r!$H13 -> 0.3125 | D13: =L_r!D13/L_r!$H13 -> 0.069266732 | E13: =L_r!E13/L_r!$H13 -> 0.22551673 | F13: =L_r!F13/L_r!$H13 -> 0.095103346 | G13: =L_r!G13/L_r!$H13 -> 0.25639764 | J13: Schwaben | K13: =L_r!L13/L_r!$R13 -> 0.022874701 | L13: =L_r!M13/L_r!$R13 -> 0.28485262 | M13: =L_r!N13/L_r!$R13 -> 0.071810629 | N13: =L_r!O13/L_r!$R13 -> 0.24046887 | O13: =L_r!P13/L_r!$R13 -> 0.11403209 | P13: =L_r!Q13/L_r!$R13 -> 0.26596108
A14: Berlin | B14: =L_r!B14/L_r!$H14 -> 0.0078740157 | C14: =L_r!C14/L_r!$H14 -> 0.14214671 | D14: =L_r!D14/L_r!$H14 -> 0.091725376 | E14: =L_r!E14/L_r!$H14 -> 0.21715707 | F14: =L_r!F14/L_r!$H14 -> 0.16411107 | G14: =L_r!G14/L_r!$H14 -> 0.37698577 | J14: Berlin | K14: =L_r!L14/L_r!$R14 -> 0 | L14: =L_r!M14/L_r!$R14 -> 0.093599896 | M14: =L_r!N14/L_r!$R14 -> 0.057510061 | N14: =L_r!O14/L_r!$R14 -> 0.28690121 | O14: =L_r!P14/L_r!$R14 -> 0.19161366 | P14: =L_r!Q14/L_r!$R14 -> 0.37037518
... A34: Saarland | B34: =L_r!B34/L_r!$H34 -> 0 | C34: =L_r!C34/L_r!$H34 -> 0.27755768 | D34: =L_r!D34/L_r!$H34 -> 0.073409462 | E34: =L_r!E34/L_r!$H34 -> 0.23421114 | F34: =L_r!F34/L_r!$H34 -> 0.10370543 | G34: =L_r!G34/L_r!$H34 -> 0.31111629 | J34: Saarland | K34: =L_r!L34/L_r!$R34 -> 0 | L34: =L_r!M34/L_r!$R34 -> 0.24353497 | M34: =L_r!N34/L_r!$R34 -> 0.066786598 | N34: =L_r!O34/L_r!$R34 -> 0.24151113 | O34: =L_r!P34/L_r!$R34 -> 0.12300427 | P34: =L_r!Q34/L_r!$R34 -> 0.32516303
A35: Dresden | B35: 0 | C35: 0 | D35: 0 | E35: 0 | F35: 0 | G35: 0 | J35: Dresden | K35: =L_r!L35/L_r!$R35 -> 0.015582285 | L35: =L_r!M35/L_r!$R35 -> 0.20694369 | M35: =L_r!N35/L_r!$R35 -> 0.088572991 | N35: =L_r!O35/L_r!$R35 -> 0.23318753 | O35: =L_r!P35/L_r!$R35 -> 0.14078732 | P35: =L_r!Q35/L_r!$R35 -> 0.31492619
A36: Chemnitz | B36: 0 | C36: 0 | D36: 0 | E36: 0 | F36: 0 | G36: 0 | J36: Chemnitz | K36: =L_r!L36/L_r!$R36 -> 0.016008378 | L36: =L_r!M36/L_r!$R36 -> 0.25329144 | M36: =L_r!N36/L_r!$R36 -> 0.10263315 | N36: =L_r!O36/L_r!$R36 -> 0.2404249 | O36: =L_r!P36/L_r!$R36 -> 0.1128067 | P36: =L_r!Q36/L_r!$R36 -> 0.27483543
A37: Leipzig | B37: 0 | C37: 0 | D37: 0 | E37: 0 | F37: 0 | G37: 0 | J37: Leipzig | K37: =L_r!L37/L_r!$R37 -> 0.015703381 | L37: =L_r!M37/L_r!$R37 -> 0.14394766 | M37: =L_r!N37/L_r!$R37 -> 0.090294438 | N37: =L_r!O37/L_r!$R37 -> 0.27589967 | O37: =L_r!P37/L_r!$R37 -> 0.16117775 | P37: =L_r!Q37/L_r!$R37 -> 0.3129771
A38: Sachsen-Anhalt | B38: =L_r!B38/L_r!$H38 -> 0.041946936 | C38: =L_r!C38/L_r!$H38 -> 0.16208894 | D38: =L_r!D38/L_r!$H38 -> 0.15732436 | E38: =L_r!E38/L_r!$H38 -> 0.23589312 | F38: =L_r!F38/L_r!$H38 -> 0.07333707 | G38: =L_r!G38/L_r!$H38 -> 0.32940957 | J38: Sachsen-Anhalt | K38: =L_r!L38/L_r!$R38 -> 0.020484709 | L38: =L_r!M38/L_r!$R38 -> 0.18128486 | M38: =L_r!N38/L_r!$R38 -> 0.1074245 | N38: =L_r!O38/L_r!$R38 -> 0.2406232 | O38: =L_r!P38/L_r!$R38 -> 0.13416042 | P38: =L_r!Q38/L_r!$R38 -> 0.31602231
A39: Schleswig-Holstein | B39: =L_r!B39/L_r!$H39 -> 0.032094454 | C39: =L_r!C39/L_r!$H39 -> 0.17069926 | D39: =L_r!D39/L_r!$H39 -> 0.078323772 | E39: =L_r!E39/L_r!$H39 -> 0.27030847 | F39: =L_r!F39/L_r!$H39 -> 0.11698678 | G39: =L_r!G39/L_r!$H39 -> 0.33158726 | J39: Schleswig-Holstein | K39: =L_r!L39/L_r!$R39 -> 0.024235958 | L39: =L_r!M39/L_r!$R39 -> 0.14800701 | M39: =L_r!N39/L_r!$R39 -> 0.068439905 | N39: =L_r!O39/L_r!$R39 -> 0.27025379 | O39: =L_r!P39/L_r!$R39 -> 0.14846429 | P39: =L_r!Q39/L_r!$R39 -> 0.34059904
A40: Thüringen | B40: =L_r!B40/L_r!$H40 -> 0.037610619 | C40: =L_r!C40/L_r!$H40 -> 0.19330752 | D40: =L_r!D40/L_r!$H40 -> 0.14703171 | E40: =L_r!E40/L_r!$H40 -> 0.20169617 | F40: =L_r!F40/L_r!$H40 -> 0.061301622 | G40: =L_r!G40/L_r!$H40 -> 0.35905236 | J40: Thüringen | K40: =L_r!L40/L_r!$R40 -> 0.02258003 | L40: =L_r!M40/L_r!$R40 -> 0.23647104 | M40: =L_r!N40/L_r!$R40 -> 0.099085366 | N40: =L_r!O40/L_r!$R40 -> 0.21703506 | O40: =L_r!P40/L_r!$R40 -> 0.11766387 | P40: =L_r!Q40/L_r!$R40 -> 0.30716463

Sheet IPW_r
A1: p1 | K1: p2
B2: a-b | C2: c-e | D2: f | E2: g-i | F2: j-k | G2: l-q | H2: IPW (1999-2011) | L2: a-b | M2: c-e | N2: f | O2: g-i | P2: j-k | Q2: l-q | R2: IPW (2012-2019)
A3: Stuttgart | B3: =s_ri!B3*shock_i!$E$2 -> 9077.3585 | C3: =s_ri!C3*shock_i!$E$3 -> 4143136.1 | D3: =s_ri!D3*shock_i!$E$4 -> 0 | E3: =s_ri!E3*shock_i!$E$5 -> 0 | F3: =s_ri!F3*shock_i!$E$6 -> 0.50736196 | G3: =s_ri!G3*shock_i!$E$7 -> 247.0299 | H3: =SUM(B3:G3)/1000 -> 4152.461 | K3: Stuttgart | L3: =s_ri!K3*shock_i!$E$8 -> -829.52367 | M3: =s_ri!L3*shock_i!$E$9 -> 742179.05 | N3: =s_ri!M3*shock_i!$E$10 -> 0 | O3: =s_ri!N3*shock_i!$E$11 -> 0 | P3: =s_ri!O3*shock_i!$E$12 -> 0.12163806 | Q3: =s_ri!P3*shock_i!$E$13 -> 297.20253 | R3: =SUM(L3:Q3)/1000 -> 741.64685
A4: Karlsruhe | B4: =s_ri!B4*shock_i!$E$2 -> 7809.1435 | C4: =s_ri!C4*shock_i!$E$3 -> 3613932.3 | D4: =s_ri!D4*shock_i!$E$4 -> 0 | E4: =s_ri!E4*shock_i!$E$5 -> 0 | F4: =s_ri!F4*shock_i!$E$6 -> 0.54836635 | G4: =s_ri!G4*shock_i!$E$7 -> 294.58974 | H4: =SUM(B4:G4)/1000 -> 3622.0366 | K4: Karlsruhe | L4: =s_ri!K4*shock_i!$E$8 -> -365.80454 | M4: =s_ri!L4*shock_i!$E$9 -> 647867.58 | N4: =s_ri!M4*shock_i!$E$10 -> 0 | O4: =s_ri!N4*shock_i!$E$11 -> 0 | P4: =s_ri!O4*shock_i!$E$12 -> 0.11814041 | Q4: =s_ri!P4*shock_i!$E$13 -> 339.58451 | R4: =SUM(L4:Q4)/1000 -> 647.84148
A5: Freiburg | B5: =s_ri!B5*shock_i!$E$2 -> 17380.456 | C5: =s_ri!C5*shock_i!$E$3 -> 3675893.8 | D5: =s_ri!D5*shock_i!$E$4 -> 0 | E5: =s_ri!E5*shock_i!$E$5 -> 0 | F5: =s_ri!F5*shock_i!$E$6 -> 0.43486601 | G5: =s_ri!G5*shock_i!$E$7 -> 275.60829 | H5: =SUM(B5:G5)/1000 -> 3693.5503 | K5: Freiburg | L5: =s_ri!K5*shock_i!$E$8 -> -888.72282 | M5: =s_ri!L5*shock_i!$E$9 -> 690816.57 | N5: =s_ri!M5*shock_i!$E$10 -> 0 | O5: =s_ri!N5*shock_i!$E$11 -> 0 | P5: =s_ri!O5*shock_i!$E$12 -> 0.085295324 | Q5: =s_ri!P5*shock_i!$E$13 -> 339.08021 | R5: =SUM(L5:Q5)/1000 -> 690.26701
A6: Tübingen | B6: =s_ri!B6*shock_i!$E$2 -> 21236.263 | C6: =s_ri!C6*shock_i!$E$3 -> 4040123.6 | D6: =s_ri!D6*shock_i!$E$4 -> 0 | E6: =s_ri!E6*shock_i!$E$5 -> 0 | F6: =s_ri!F6*shock_i!$E$6 -> 0.42548423 | G6: =s_ri!G6*shock_i!$E$7 -> 263.74181 | H6: =SUM(B6:G6)/1000 -> 4061.624 | K6: Tübingen | L6: =s_ri!K6*shock_i!$E$8 -> -1698.4525 | M6: =s_ri!L6*shock_i!$E$9 -> 779340.35 | N6: =s_ri!M6*shock_i!$E$10 -> 0 | O6: =s_ri!N6*shock_i!$E$11 -> 0 | P6: =s_ri!O6*shock_i!$E$12 -> 0.085844946 | Q6: =s_ri!P6*shock_i!$E$13 -> 331.68494 | R6: =SUM(L6:Q6)/1000 -> 777.97367
A7: Oberbayern | B7: =s_ri!B7*shock_i!$E$2 -> 14105.037 | C7: =s_ri!C7*shock_i!$E$3 -> 2676556.5 | D7: =s_ri!D7*shock_i!$E$4 -> 0 | E7: =s_ri!E7*shock_i!$E$5 -> 0 | F7: =s_ri!F7*shock_i!$E$6 -> 0.79668084 | G7: =s_ri!G7*shock_i!$E$7 -> 285.74937 | H7: =SUM(B7:G7)/1000 -> 2690.9481 | K7: Oberbayern | L7: =s_ri!K7*shock_i!$E$8 -> -1248.6402 | M7: =s_ri!L7*shock_i!$E$9 -> 481433.79 | N7: =s_ri!M7*shock_i!$E$10 -> 0 | O7: =s_ri!N7*shock_i!$E$11 -> 0 | P7: =s_ri!O7*shock_i!$E$12 -> 0.1574359 | Q7: =s_ri!P7*shock_i!$E$13 -> 318.36611 | R7: =SUM(L7:Q7)/1000 -> 480.50368
A8: Niederbayern | B8: =s_ri!B8*shock_i!$E$2 -> 34001.592 | C8: =s_ri!C8*shock_i!$E$3 -> 3379930 | D8: =s_ri!D8*shock_i!$E$4 -> 0 | E8: =s_ri!E8*shock_i!$E$5 -> 0 | F8: =s_ri!F8*shock_i!$E$6 -> 0.41879923 | G8: =s_ri!G8*shock_i!$E$7 -> 238.579 | H8: =SUM(B8:G8)/1000 -> 3414.1706 | K8: Niederbayern | L8: =s_ri!K8*shock_i!$E$8 -> -2847.0658 | M8: =s_ri!L8*shock_i!$E$9 -> 657501.32 | N8: =s_ri!M8*shock_i!$E$10 -> 0 | O8: =s_ri!N8*shock_i!$E$11 -> 0 | P8: =s_ri!O8*shock_i!$E$12 -> 0.088052644 | Q8: =s_ri!P8*shock_i!$E$13 -> 296.5425 | R8: =SUM(L8:Q8)/1000 -> 654.95088
A9: Oberpfalz | B9: =s_ri!B9*shock_i!$E$2 -> 31974.261 | C9: =s_ri!C9*shock_i!$E$3 -> 3308176.6 | D9: =s_ri!D9*shock_i!$E$4 -> 0 | E9: =s_ri!E9*shock_i!$E$5 -> 0 | F9: =s_ri!F9*shock_i!$E$6 -> 0.38338845 | G9: =s_ri!G9*shock_i!$E$7 -> 269.83025 | H9: =SUM(B9:G9)/1000 -> 3340.4211 | K9: Oberpfalz | L9: =s_ri!K9*shock_i!$E$8 -> -2118.5656 | M9: =s_ri!L9*shock_i!$E$9 -> 689201.09 | N9: =s_ri!M9*shock_i!$E$10 -> 0 | O9: =s_ri!N9*shock_i!$E$11 -> 0 | P9: =s_ri!O9*shock_i!$E$12 -> 0.084150607 | Q9: =s_ri!P9*shock_i!$E$13 -> 337.56686 | R9: =SUM(L9:Q9)/1000 -> 687.42017
A10: Oberfranken | B10: =s_ri!B10*shock_i!$E$2 -> 14854.859 | C10: =s_ri!C10*shock_i!$E$3 -> 3476851.5 | D10: =s_ri!D10*shock_i!$E$4 -> 0 | E10: =s_ri!E10*shock_i!$E$5 -> 0 | F10: =s_ri!F10*shock_i!$E$6 -> 0.45682858 | G10: =s_ri!G10*shock_i!$E$7 -> 270.68332 | H10: =SUM(B10:G10)/1000 -> 3491.9775 | K10: Oberfranken | L10: =s_ri!K10*shock_i!$E$8 -> -1429.2834 | M10: =s_ri!L10*shock_i!$E$9 -> 701119.12 | N10: =s_ri!M10*shock_i!$E$10 -> 0 | O10: =s_ri!N10*shock_i!$E$11 -> 0 | P10: =s_ri!O10*shock_i!$E$12 -> 0.095023159 | Q10: =s_ri!P10*shock_i!$E$13 -> 328.87225 | R10: =SUM(L10:Q10)/1000 -> 700.01881
A11: Mittelfranken | B11: =s_ri!B11*shock_i!$E$2 -> 23251.376 | C11: =s_ri!C11*shock_i!$E$3 -> 3452248.8 | D11: =s_ri!D11*shock_i!$E$4 -> 0 | E11: =s_ri!E11*shock_i!$E$5 -> 0 | F11: =s_ri!F11*shock_i!$E$6 -> 0.57594883 | G11: =s_ri!G11*shock_i!$E$7 -> 240.89315 | H11: =SUM(B11:G11)/1000 -> 3475.7417 | K11: Mittelfranken | L11: =s_ri!K11*shock_i!$E$8 -> -1145.502 | M11: =s_ri!L11*shock_i!$E$9 -> 629674.54 | N11: =s_ri!M11*shock_i!$E$10 -> 0 | O11: =s_ri!N11*shock_i!$E$11 -> 0 | P11: =s_ri!O11*shock_i!$E$12 -> 0.11355751 | Q11: =s_ri!P11*shock_i!$E$13 -> 323.15921 | R11: =SUM(L11:Q11)/1000 -> 628.85231
A12: Unterfranken | B12: =s_ri!B12*shock_i!$E$2 -> 14087.578 | C12: =s_ri!C12*shock_i!$E$3 -> 3449538.3 | D12: =s_ri!D12*shock_i!$E$4 -> 0 | E12: =s_ri!E12*shock_i!$E$5 -> 0 | F12: =s_ri!F12*shock_i!$E$6 -> 0.42592174 | G12: =s_ri!G12*shock_i!$E$7 -> 282.21418 | H12: =SUM(B12:G12)/1000 -> 3463.9085 | K12: Unterfranken | L12: =s_ri!K12*shock_i!$E$8 -> -1296.7268 | M12: =s_ri!L12*shock_i!$E$9 -> 648672.46 | N12: =s_ri!M12*shock_i!$E$10 -> 0 | O12: =s_ri!N12*shock_i!$E$11 -> 0 | P12: =s_ri!O12*shock_i!$E$12 -> 0.090833081 | Q12: =s_ri!P12*shock_i!$E$13 -> 343.10984 | R12: =SUM(L12:Q12)/1000 -> 647.71893
A13: Schwaben | B13: =s_ri!B13*shock_i!$E$2 -> 21808.216 | C13: =s_ri!C13*shock_i!$E$3 -> 3489268.8 | D13: =s_ri!D13*shock_i!$E$4 -> 0 | E13: =s_ri!E13*shock_i!$E$5 -> 0 | F13: =s_ri!F13*shock_i!$E$6 -> 0.45215946 | G13: =s_ri!G13*shock_i!$E$7 -> 264.13707 | H13: =SUM(B13:G13)/1000 -> 3511.3416 | K13: Schwaben | L13: =s_ri!K13*shock_i!$E$8 -> -1862.161 | M13: =s_ri!L13*shock_i!$E$9 -> 686235.97 | N13: =s_ri!M13*shock_i!$E$10 -> 0 | O13: =s_ri!N13*shock_i!$E$11 -> 0 | P13: =s_ri!O13*shock_i!$E$12 -> 0.097726358 | Q13: =s_ri!P13*shock_i!$E$13 -> 302.12803 | R13: =SUM(L13:Q13)/1000 -> 684.67603
A14: Berlin | B14: =s_ri!B14*shock_i!$E$2 -> 4166.3457 | C14: =s_ri!C14*shock_i!$E$3 -> 1587161.8 | D14: =s_ri!D14*shock_i!$E$4 -> 0 | E14: =s_ri!E14*shock_i!$E$5 -> 0 | F14: =s_ri!F14*shock_i!$E$6 -> 0.78024983 | G14: =s_ri!G14*shock_i!$E$7 -> 388.36518 | H14: =SUM(B14:G14)/1000 -> 1591.7173 | K14: Berlin | L14: =s_ri!K14*shock_i!$E$8 -> 0 | M14: =s_ri!L14*shock_i!$E$9 -> 225490.69 | N14: =s_ri!M14*shock_i!$E$10 -> 0 | O14: =s_ri!N14*shock_i!$E$11 -> 0 | P14: =s_ri!O14*shock_i!$E$12 -> 0.16421434 | Q14: =s_ri!P14*shock_i!$E$13 -> 420.74097 | R14: =SUM(L14:Q14)/1000 -> 225.9116
... A40: Thüringen | B40: =s_ri!B40*shock_i!$E$2 -> 19900.753 | C40: =s_ri!C40*shock_i!$E$3 -> 2158406.1 | D40: =s_ri!D40*shock_i!$E$4 -> 0 | E40: =s_ri!E40*shock_i!$E$5 -> 0 | F40: =s_ri!F40*shock_i!$E$6 -> 0.2914525 | G40: =s_ri!G40*shock_i!$E$7 -> 369.89045 | H40: =SUM(B40:G40)/1000 -> 2178.677 | K40: Thüringen | L40: =s_ri!K40*shock_i!$E$8 -> -1838.1728 | M40: =s_ri!L40*shock_i!$E$9 -> 569680.31 | N40: =s_ri!M40*shock_i!$E$10 -> 0 | O40: =s_ri!N40*shock_i!$E$11 -> 0 | P40: =s_ri!O40*shock_i!$E$12 -> 0.10083882 | Q40: =s_ri!P40*shock_i!$E$13 -> 348.93469 | R40: =SUM(L40:Q40)/1000 -> 568.19117

Sheet import OC
A1: Australia | E1: Finland | I1: Japan | M1: Norway | Q1: New Zealand | U1: Sweden
A2: year | B2: industry | C2: import | E2: year | F2: industry | G2: import | I2: year | J2: industry | K2: import | M2: year | N2: industry | O2: import | Q2: year | R2: industry | S2: import | U2: year | V2: industry | W2: import
A3: 1999 | B3: a-b | C3: 31366299 | E3: 1999 | F3: a-b | G3: 1907415 | I3: 1999 | J3: a-b | K3: 1643501884 | M3: 1999 | N3: a-b | O3: 1125099 | Q3: 1999 | R3: a-b | S3: 8132064 | U3: 1999 | V3: a-b | W3: 1414721
A4: 1999 | B4: c-e | C4: 4170822649 | E4: 1999 | F4: c-e | G4: 723830435 | I4: 1999 | J4: c-e | K4: 40528188750 | M4: 1999 | N4: c-e | O4: 920711827 | Q4: 1999 | R4: c-e | S4: 745304253 | U4: 1999 | V4: c-e | W4: 757645750
A5: 1999 | B5: f | C5: 0 | E5: 1999 | F5: f | G5: 0 | I5: 1999 | J5: f | K5: 0 | M5: 1999 | N5: f | O5: 0 | Q5: 1999 | R5: f | S5: 0 | U5: 1999 | V5: f | W5: 0
A6: 1999 | B6: g-i | C6: 0 | E6: 1999 | F6: g-i | G6: 0 | I6: 1999 | J6: g-i | K6: 0 | M6: 1999 | N6: g-i | O6: 0 | Q6: 1999 | R6: g-i | S6: 0 | U6: 1999 | V6: g-i | W6: 0
A7: 1999 | B7: j-k | C7: 8063 | E7: 1999 | F7: j-k | G7: 0 | I7: 1999 | J7: j-k | K7: 399015 | M7: 1999 | N7: j-k | O7: 4382 | Q7: 1999 | R7: j-k | S7: 0 | U7: 1999 | V7: j-k | W7: 1451
A8: 1999 | B8: l-q | C8: 8515219 | E8: 1999 | F8: l-q | G8: 116194 | I8: 1999 | J8: l-q | K8: 26277368 | M8: 1999 | N8: l-q | O8: 195790 | Q8: 1999 | R8: l-q | S8: 422934 | U8: 1999 | V8: l-q | W8: 170444
A9: 2011 | B9: a-b | C9: 126210268 | E9: 2011 | F9: a-b | G9: 2661830 | I9: 2011 | J9: a-b | K9: 1871215480 | M9: 2011 | N9: a-b | O9: 14453257 | Q9: 2011 | R9: a-b | S9: 23104718 | U9: 2011 | V9: a-b | W9: 10454215
A10: 2011 | B10: c-e | C10: 42571628341 | E10: 2011 | F10: c-e | G10: 3030544423 | I10: 2011 | J10: c-e | K10: 178004922182 | M10: 2011 | N10: c-e | O10: 8239528662 | Q10: 2011 | R10: c-e | S10: 5.8354693e+09 | U10: 2011 | V10: c-e | W10: 6831335381
A11: 2011 | B11: f | C11: 0 | E11: 2011 | F11: f | G11: 0 | I11: 2011 | J11: f | K11: 0 | M11: 2011 | N11: f | O11: 0 | Q11: 2011 | R11: f | S11: 0 | U11: 2011 | V11: f | W11: 0
A12: 2011 | B12: g-i | C12: 0 | E12: 2011 | F12: g-i | G12: 0 | I12: 2011 | J12: g-i | K12: 0 | M12: 2011 | N12: g-i | O12: 0 | Q12: 2011 | R12: g-i | S12: 0 | U12: 2011 | V12: g-i | W12: 0
A13: 2011 | B13: j-k | C13: 12361 | E13: 2011 | F13: j-k | G13: 2351 | I13: 2011 | J13: j-k | K13: 761578 | M13: 2011 | N13: j-k | O13: 2049 | Q13: 2011 | R13: j-k | S13: 119105.48 | U13: 2011 | V13: j-k | W13: 1541
A14: 2011 | B14: l-q | C14: 8175074 | E14: 2011 | F14: l-q | G14: 175153 | I14: 2011 | J14: l-q | K14: 13813507 | M14: 2011 | N14: l-q | O14: 1991261 | Q14: 2011 | R14: l-q | S14: 840021.3 | U14: 2011 | V14: l-q | W14: 1374256
... A26: 2019 | B26: l-q | C26: 16244423 | E26: 2019 | F26: l-q | G26: 127890.12 | I26: 2019 | J26: l-q | K26: 7844738.1 | M26: 2019 | N26: l-q | O26: 346564.79 | Q26: 2019 | R26: l-q | S26: 953593.05 | U26: 2019 | V26: l-q | W26: 791047.17
A28: period | B28: industry | C28: delta_M | E28: period | F28: industry | G28: delta_M | I28: period | J28: industry | K28: delta_M | M28: period | N28: industry | O28: delta_M | Q28: period | R28: industry | S28: delta_M | U28: period | V28: industry | W28: delta_M
A29: 1999-2011 | B29: a-b | C29: =C9-C3 -> 94843969 | E29: 1999-2011 | F29: a-b | G29: =G9-G3 -> 754415 | I29: 1999-2011 | J29: a-b | K29: =K9-K3 -> 227713596 | M29: 1999-2011 | N29: a-b | O29: =O9-O3 -> 13328158 | Q29: 1999-2011 | R29: a-b | S29: =S9-S3 -> 14972654 | U29: 1999-2011 | V29: a-b | W29: =W9-W3 -> 9039494
A30: 1999-2011 | B30: c-e | C30: =C10-C4 -> 38400805692 | E30: 1999-2011 | F30: c-e | G30: =G10-G4 -> 2306713988 | I30: 1999-2011 | J30: c-e | K30: =K10-K4 -> 137476733432 | M30: 1999-2011 | N30: c-e | O30: =O10-O4 -> 7318816835 | Q30: 1999-2011 | R30: c-e | S30: =S10-S4 -> 5.0901651e+09 | U30: 1999-2011 | V30: c-e | W30: =W10-W4 -> 6073689631
A31: 1999-2011 | B31: f | C31: =C11-C5 -> 0 | E31: 1999-2011 | F31: f | G31: =G11-G5 -> 0 | I31: 1999-2011 | J31: f | K31: =K11-K5 -> 0 | M31: 1999-2011 | N31: f | O31: =O11-O5 -> 0 | Q31: 1999-2011 | R31: f | S31: =S11-S5 -> 0 | U31: 1999-2011 | V31: f | W31: =W11-W5 -> 0
A32: 1999-2011 | B32: g-i | C32: =C12-C6 -> 0 | E32: 1999-2011 | F32: g-i | G32: =G12-G6 -> 0 | I32: 1999-2011 | J32: g-i | K32: =K12-K6 -> 0 | M32: 1999-2011 | N32: g-i | O32: =O12-O6 -> 0 | Q32: 1999-2011 | R32: g-i | S32: =S12-S6 -> 0 | U32: 1999-2011 | V32: g-i | W32: =W12-W6 -> 0
A33: 1999-2011 | B33: j-k | C33: =C13-C7 -> 4298 | E33: 1999-2011 | F33: j-k | G33: =G13-G7 -> 2351 | I33: 1999-2011 | J33: j-k | K33: =K13-K7 -> 362563 | M33: 1999-2011 | N33: j-k | O33: =O13-O7 -> -2333 | Q33: 1999-2011 | R33: j-k | S33: =S13-S7 -> 119105.48 | U33: 1999-2011 | V33: j-k | W33: =W13-W7 -> 90
A34: 1999-2011 | B34: l-q | C34: =C14-C8 -> -340145 | E34: 1999-2011 | F34: l-q | G34: =G14-G8 -> 58959 | I34: 1999-2011 | J34: l-q | K34: =K14-K8 -> -12463861 | M34: 1999-2011 | N34: l-q | O34: =O14-O8 -> 1795471 | Q34: 1999-2011 | R34: l-q | S34: =S14-S8 -> 417087.3 | U34: 1999-2011 | V34: l-q | W34: =W14-W8 -> 1203812
A35: 2012-2019 | B35: a-b | C35: =C21-C15 -> 33751430 | E35: 2012-2019 | F35: a-b | G35: =G21-G15 -> 116933.34 | I35: 2012-2019 | J35: a-b | K35: =K21-K15 -> -2.6543456e+08 | M35: 2012-2019 | N35: a-b | O35: =O21-O15 -> 4261096.3 | Q35: 2012-2019 | R35: a-b | S35: =S21-S15 -> 13832956 | U35: 2012-2019 | V35: a-b | W35: =W21-W15 -> 5051225.7
A36: 2012-2019 | B36: c-e | C36: =C22-C16 -> 1.1313181e+10 | E36: 2012-2019 | F36: c-e | G36: =G22-G16 -> -4.2385769e+08 | I36: 2012-2019 | J36: c-e | K36: =K22-K16 -> -1.8174446e+10 | M36: 2012-2019 | N36: c-e | O36: =O22-O16 -> 6.6895767e+08 | Q36: 2012-2019 | R36: c-e | S36: =S22-S16 -> 2.2383389e+09 | U36: 2012-2019 | V36: c-e | W36: =W22-W16 -> 1.607121e+09
A37: 2012-2019 | B37: f | C37: =C23-C17 -> 0 | E37: 2012-2019 | F37: f | G37: =G23-G17 -> 0 | I37: 2012-2019 | J37: f | K37: =K23-K17 -> 0 | M37: 2012-2019 | N37: f | O37: =O23-O17 -> 0 | Q37: 2012-2019 | R37: f | S37: =S23-S17 -> 0 | U37: 2012-2019 | V37: f | W37: =W23-W17 -> 0
A38: 2012-2019 | B38: g-i | C38: =C24-C18 -> 0 | E38: 2012-2019 | F38: g-i | G38: =G24-G18 -> 0 | I38: 2012-2019 | J38: g-i | K38: =K24-K18 -> 0 | M38: 2012-2019 | N38: g-i | O38: =O24-O18 -> 0 | Q38: 2012-2019 | R38: g-i | S38: =S24-S18 -> 0 | U38: 2012-2019 | V38: g-i | W38: =W24-W18 -> 0
A39: 2012-2019 | B39: j-k | C39: =C25-C19 -> -16866.495 | E39: 2012-2019 | F39: j-k | G39: =G25-G19 -> 5974.449 | I39: 2012-2019 | J39: j-k | K39: =K25-K19 -> 353490.37 | M39: 2012-2019 | N39: j-k | O39: =O25-O19 -> -33543.559 | Q39: 2012-2019 | R39: j-k | S39: =S25-S19 -> -81522.771 | U39: 2012-2019 | V39: j-k | W39: =W25-W19 -> 1830.964
A40: 2012-2019 | B40: l-q | C40: =C26-C20 -> 10823487 | E40: 2012-2019 | F40: l-q | G40: =G26-G20 -> -49944.884 | I40: 2012-2019 | J40: l-q | K40: =K26-K20 -> 3868789.1 | M40: 2012-2019 | N40: l-q | O40: =O26-O20 -> -830318.21 | Q40: 2012-2019 | R40: l-q | S40: =S26-S20 -> -413354.35 | U40: 2012-2019 | V40: l-q | W40: =W26-W20 -> -622979.37

Sheet delta_M_OC
A1: period | B1: industry | C1: delta_M_OC
A2: 1999-2011 | B2: a-b | C2: 3.6065229e+08
A3: 1999-2011 | B3: c-e | C3: 1.9666692e+11
A4: 1999-2011 | B4: f | C4: 0
A5: 1999-2011 | B5: g-i | C5: 0
A6: 1999-2011 | B6: j-k | C6: 486074.48
A7: 1999-2011 | B7: l-q | C7: -9328676.7
A8: 2012-2019 | B8: a-b | C8: -2.0842092e+08
A9: 2012-2019 | B9: c-e | C9: -2.7707047e+09
A10: 2012-2019 | B10: f | C10: 0
A11: 2012-2019 | B11: g-i | C11: 0
A12: 2012-2019 | B12: j-k | C12: 229362.95
A13: 2012-2019 | B13: l-q | C13: 12775679

Sheet shock_OC
A1: period | B1: industry | C1: L_i0 | D1: delta_M_OC | E1: shock_OC
A2: 1999-2011 | B2: a-b | C2: =L_i!C2 -> 919.8 | D2: =delta_M_OC!C2 -> 3.6065229e+08 | E2: =D2/C2 -> 392098.59
A3: 1999-2011 | B3: c-e | C3: =L_i!C3 -> 8638.9 | D3: =delta_M_OC!C3 -> 1.9666692e+11 | E3: =D3/C3 -> 22765274
A4: 1999-2011 | B4: f | C4: =L_i!C4 -> 2830.4 | D4: =delta_M_OC!C4 -> 0 | E4: =D4/C4 -> 0
A5: 1999-2011 | B5: g-i | C5: =L_i!C5 -> 7772.9 | D5: =delta_M_OC!C5 -> 0 | E5: =D5/C5 -> 0
A6: 1999-2011 | B6: j-k | C6: =L_i!C6 -> 3768.8 | D6: =delta_M_OC!C6 -> 486074.48 | E6: =D6/C6 -> 128.97328
A7: 1999-2011 | B7: l-q | C7: =L_i!C7 -> 9883.6 | D7: =delta_M_OC!C7 -> -9328676.7 | E7: =D7/C7 -> -943.85413
A8: 2012-2019 | B8: a-b | C8: =L_i!C14 -> 541.1 | D8: =delta_M_OC!C8 -> -2.0842092e+08 | E8: =D8/C8 -> -385180.05
A9: 2012-2019 | B9: c-e | C9: =L_i!C15 -> 8311.1 | D9: =delta_M_OC!C9 -> -2.7707047e+09 | E9: =D9/C9 -> -333374.01
A10: 2012-2019 | B10: f | C10: =L_i!C16 -> 2573 | D10: =delta_M_OC!C10 -> 0 | E10: =D10/C10 -> 0
A11: 2012-2019 | B11: g-i | C11: =L_i!C17 -> 9643.7 | D11: =delta_M_OC!C11 -> 0 | E11: =D11/C11 -> 0
A12: 2012-2019 | B12: j-k | C12: =L_i!C18 -> 5389.8 | D12: =delta_M_OC!C12 -> 229362.95 | E12: =D12/C12 -> 42.555003
A13: 2012-2019 | B13: l-q | C13: =L_i!C19 -> 11789.6 | D13: =delta_M_OC!C13 -> 12775679 | E13: =D13/C13 -> 1083.6398

Sheet IPW_OC
A1: p1 | K1: p2
B2: a-b | C2: c-e | D2: f | E2: g-i | F2: j-k | G2: l-q | H2: IPW_OC (1999-2011) | L2: a-b | M2: c-e | N2: f | O2: g-i | P2: j-k | Q2: l-q | R2: IPW_OC (2012-2019)
A3: Stuttgart | B3: =s_ri!B3*shock_OC!$E$2 -> 6726.6023 | C3: =s_ri!C3*shock_OC!$E$3 -> 8447295.4 | D3: =s_ri!D3*shock_OC!$E$4 -> 0 | E3: =s_ri!E3*shock_OC!$E$5 -> 0 | F3: =s_ri!F3*shock_OC!$E$6 -> 13.763276 | G3: =s_ri!G3*shock_OC!$E$7 -> -226.32841 | H3: =SUM(B3:G3)/1000 -> 8453.8094 | K3: Stuttgart | L3: =s_ri!K3*shock_OC!$E$8 -> -3924.9195 | M3: =s_ri!L3*shock_OC!$E$9 -> -102703.96 | N3: =s_ri!M3*shock_OC!$E$10 -> 0 | O3: =s_ri!N3*shock_OC!$E$11 -> 0 | P3: =s_ri!O3*shock_OC!$E$12 -> 6.0399797 | Q3: =s_ri!P3*shock_OC!$E$12 -> 11.133461 | R3: =SUM(L3:Q3)/1000 -> -106.6117
A4: Karlsruhe | B4: =s_ri!B4*shock_OC!$E$2 -> 5786.816 | C4: =s_ri!C4*shock_OC!$E$3 -> 7368320.2 | D4: =s_ri!D4*shock_OC!$E$4 -> 0 | E4: =s_ri!E4*shock_OC!$E$5 -> 0 | F4: =s_ri!F4*shock_OC!$E$6 -> 14.875607 | G4: =s_ri!G4*shock_OC!$E$7 -> -269.90267 | H4: =SUM(B4:G4)/1000 -> 7373.852 | K4: Karlsruhe | L4: =s_ri!K4*shock_OC!$E$8 -> -1730.8167 | M4: =s_ri!L4*shock_OC!$E$9 -> -89652.98 | N4: =s_ri!M4*shock_OC!$E$10 -> 0 | O4: =s_ri!N4*shock_OC!$E$11 -> 0 | P4: =s_ri!O4*shock_OC!$E$12 -> 5.8663027 | Q4: =s_ri!P4*shock_OC!$E$12 -> 12.721126 | R4: =SUM(L4:Q4)/1000 -> -91.365209
A5: Freiburg | B5: =s_ri!B5*shock_OC!$E$2 -> 12879.453 | C5: =s_ri!C5*shock_OC!$E$3 -> 7494651.3 | D5: =s_ri!D5*shock_OC!$E$4 -> 0 | E5: =s_ri!E5*shock_OC!$E$5 -> 0 | F5: =s_ri!F5*shock_OC!$E$6 -> 11.796668 | G5: =s_ri!G5*shock_OC!$E$7 -> -252.51188 | H5: =SUM(B5:G5)/1000 -> 7507.2901 | K5: Freiburg | L5: =s_ri!K5*shock_OC!$E$8 -> -4205.0223 | M5: =s_ri!L5*shock_OC!$E$9 -> -95596.332 | N5: =s_ri!M5*shock_OC!$E$10 -> 0 | O5: =s_ri!N5*shock_OC!$E$11 -> 0 | P5: =s_ri!O5*shock_OC!$E$12 -> 4.2353687 | Q5: =s_ri!P5*shock_OC!$E$12 -> 12.702235 | R5: =SUM(L5:Q5)/1000 -> -99.784416
A6: Tübingen | B6: =s_ri!B6*shock_OC!$E$2 -> 15736.725 | C6: =s_ri!C6*shock_OC!$E$3 -> 8237266.6 | D6: =s_ri!D6*shock_OC!$E$4 -> 0 | E6: =s_ri!E6*shock_OC!$E$5 -> 0 | F6: =s_ri!F6*shock_OC!$E$6 -> 11.542168 | G6: =s_ri!G6*shock_OC!$E$7 -> -241.63983 | H6: =SUM(B6:G6)/1000 -> 8252.7733 | K6: Tübingen | L6: =s_ri!K6*shock_OC!$E$8 -> -8036.2859 | M6: =s_ri!L6*shock_OC!$E$9 -> -107846.4 | N6: =s_ri!M6*shock_OC!$E$10 -> 0 | O6: =s_ri!N6*shock_OC!$E$11 -> 0 | P6: =s_ri!O6*shock_OC!$E$12 -> 4.2626604 | Q6: =s_ri!P6*shock_OC!$E$12 -> 12.425202 | R6: =SUM(L6:Q6)/1000 -> -115.866
A7: Oberbayern | B7: =s_ri!B7*shock_OC!$E$2 -> 10452.267 | C7: =s_ri!C7*shock_OC!$E$3 -> 5457137.4 | D7: =s_ri!D7*shock_OC!$E$4 -> 0 | E7: =s_ri!E7*shock_OC!$E$5 -> 0 | F7: =s_ri!F7*shock_OC!$E$6 -> 21.611668 | G7: =s_ri!G7*shock_OC!$E$7 -> -261.80313 | H7: =SUM(B7:G7)/1000 -> 5467.3495 | K7: Oberbayern | L7: =s_ri!K7*shock_OC!$E$8 -> -5907.9837 | M7: =s_ri!L7*shock_OC!$E$9 -> -66621.599 | N7: =s_ri!M7*shock_OC!$E$10 -> 0 | O7: =s_ri!N7*shock_OC!$E$11 -> 0 | P7: =s_ri!O7*shock_OC!$E$12 -> 7.817534 | Q7: =s_ri!P7*shock_OC!$E$12 -> 11.926267 | R7: =SUM(L7:Q7)/1000 -> -72.509839
A8: Niederbayern | B8: =s_ri!B8*shock_OC!$E$2 -> 25196.227 | C8: =s_ri!C8*shock_OC!$E$3 -> 6891221 | D8: =s_ri!D8*shock_OC!$E$4 -> 0 | E8: =s_ri!E8*shock_OC!$E$5 -> 0 | F8: =s_ri!F8*shock_OC!$E$6 -> 11.360823 | G8: =s_ri!G8*shock_OC!$E$7 -> -218.58571 | H8: =SUM(B8:G8)/1000 -> 6916.21 | K8: Niederbayern | L8: =s_ri!K8*shock_OC!$E$8 -> -13470.989 | M8: =s_ri!L8*shock_OC!$E$9 -> -90986.113 | N8: =s_ri!M8*shock_OC!$E$10 -> 0 | O8: =s_ri!N8*shock_OC!$E$11 -> 0 | P8: =s_ri!O8*shock_OC!$E$12 -> 4.3722844 | Q8: =s_ri!P8*shock_OC!$E$12 -> 11.108736 | R8: =SUM(L8:Q8)/1000 -> -104.44162
A9: Oberpfalz | B9: =s_ri!B9*shock_OC!$E$2 -> 23693.913 | C9: =s_ri!C9*shock_OC!$E$3 -> 6744925.5 | D9: =s_ri!D9*shock_OC!$E$4 -> 0 | E9: =s_ri!E9*shock_OC!$E$5 -> 0 | F9: =s_ri!F9*shock_OC!$E$6 -> 10.40023 | G9: =s_ri!G9*shock_OC!$E$7 -> -247.21806 | H9: =SUM(B9:G9)/1000 -> 6768.3826 | K9: Oberpfalz | L9: =s_ri!K9*shock_OC!$E$8 -> -10024.065 | M9: =s_ri!L9*shock_OC!$E$9 -> -95372.779 | N9: =s_ri!M9*shock_OC!$E$10 -> 0 | O9: =s_ri!N9*shock_OC!$E$11 -> 0 | P9: =s_ri!O9*shock_OC!$E$12 -> 4.1785274 | Q9: =s_ri!P9*shock_OC!$E$12 -> 12.645543 | R9: =SUM(L9:Q9)/1000 -> -105.38002
A10: Oberfranken | B10: =s_ri!B10*shock_OC!$E$2 -> 11007.908 | C10: =s_ri!C10*shock_OC!$E$3 -> 7088830.8 | D10: =s_ri!D10*shock_OC!$E$4 -> 0 | E10: =s_ri!E10*shock_OC!$E$5 -> 0 | F10: =s_ri!F10*shock_OC!$E$6 -> 12.39245 | G10: =s_ri!G10*shock_OC!$E$7 -> -247.99963 | H10: =SUM(B10:G10)/1000 -> 7099.6031 | K10: Oberfranken | L10: =s_ri!K10*shock_OC!$E$8 -> -6762.7031 | M10: =s_ri!L10*shock_OC!$E$9 -> -97022.016 | N10: =s_ri!M10*shock_OC!$E$10 -> 0 | O10: =s_ri!N10*shock_OC!$E$11 -> 0 | P10: =s_ri!O10*shock_OC!$E$12 -> 4.7184078 | Q10: =s_ri!P10*shock_OC!$E$12 -> 12.319836 | R10: =SUM(L10:Q10)/1000 -> -103.76768
A11: Mittelfranken | B11: =s_ri!B11*shock_OC!$E$2 -> 17229.986 | C11: =s_ri!C11*shock_OC!$E$3 -> 7038669.4 | D11: =s_ri!D11*shock_OC!$E$4 -> 0 | E11: =s_ri!E11*shock_OC!$E$5 -> 0 | F11: =s_ri!F11*shock_OC!$E$6 -> 15.623841 | G11: =s_ri!G11*shock_OC!$E$7 -> -220.70593 | H11: =SUM(B11:G11)/1000 -> 7055.6943 | K11: Mittelfranken | L11: =s_ri!K11*shock_OC!$E$8 -> -5419.9819 | M11: =s_ri!L11*shock_OC!$E$9 -> -87135.397 | N11: =s_ri!M11*shock_OC!$E$10 -> 0 | O11: =s_ri!N11*shock_OC!$E$11 -> 0 | P11: =s_ri!O11*shock_OC!$E$12 -> 5.6387375 | Q11: =s_ri!P11*shock_OC!$E$12 -> 12.10582 | R11: =SUM(L11:Q11)/1000 -> -92.537635
A12: Unterfranken | B12: =s_ri!B12*shock_OC!$E$2 -> 10439.33 | C12: =s_ri!C12*shock_OC!$E$3 -> 7033143.1 | D12: =s_ri!D12*shock_OC!$E$4 -> 0 | E12: =s_ri!E12*shock_OC!$E$5 -> 0 | F12: =s_ri!F12*shock_OC!$E$6 -> 11.554036 | G12: =s_ri!G12*shock_OC!$E$7 -> -258.56419 | H12: =SUM(B12:G12)/1000 -> 7043.3354 | K12: Unterfranken | L12: =s_ri!K12*shock_OC!$E$8 -> -6135.5069 | M12: =s_ri!L12*shock_OC!$E$9 -> -89764.36 | N12: =s_ri!M12*shock_OC!$E$10 -> 0 | O12: =s_ri!N12*shock_OC!$E$11 -> 0 | P12: =s_ri!O12*shock_OC!$E$12 -> 4.510348 | Q12: =s_ri!P12*shock_OC!$E$12 -> 12.853188 | R12: =SUM(L12:Q12)/1000 -> -95.882504
A13: Schwaben | B13: =s_ri!B13*shock_OC!$E$2 -> 16160.56 | C13: =s_ri!C13*shock_OC!$E$3 -> 7114148.1 | D13: =s_ri!D13*shock_OC!$E$4 -> 0 | E13: =s_ri!E13*shock_OC!$E$5 -> 0 | F13: =s_ri!F13*shock_OC!$E$6 -> 12.26579 | G13: =s_ri!G13*shock_OC!$E$7 -> -242.00197 | H13: =SUM(B13:G13)/1000 -> 7130.0789 | K13: Schwaben | L13: =s_ri!K13*shock_OC!$E$8 -> -8810.8785 | M13: =s_ri!L13*shock_OC!$E$9 -> -94962.461 | N13: =s_ri!M13*shock_OC!$E$10 -> 0 | O13: =s_ri!N13*shock_OC!$E$11 -> 0 | P13: =s_ri!O13*shock_OC!$E$12 -> 4.852636 | Q13: =s_ri!P13*shock_OC!$E$12 -> 11.317974 | R13: =SUM(L13:Q13)/1000 -> -103.75717
A14: Berlin | B14: =s_ri!B14*shock_OC!$E$2 -> 3087.3905 | C14: =s_ri!C14*shock_OC!$E$3 -> 3236008.7 | D14: =s_ri!D14*shock_OC!$E$4 -> 0 | E14: =s_ri!E14*shock_OC!$E$5 -> 0 | F14: =s_ri!F14*shock_OC!$E$6 -> 21.165942 | G14: =s_ri!G14*shock_OC!$E$7 -> -355.81958 | H14: =SUM(B14:G14)/1000 -> 3238.7614 | K14: Berlin | L14: =s_ri!K14*shock_OC!$E$8 -> 0 | M14: =s_ri!L14*shock_OC!$E$9 -> -31203.773 | N14: =s_ri!M14*shock_OC!$E$10 -> 0 | O14: =s_ri!N14*shock_OC!$E$11 -> 0 | P14: =s_ri!O14*shock_OC!$E$12 -> 8.1541197 | Q14: =s_ri!P14*shock_OC!$E$12 -> 15.761317 | R14: =SUM(L14:Q14)/1000 -> -31.179857
... A40: Thüringen | B40: =s_ri!B40*shock_OC!$E$2 -> 14747.071 | C40: =s_ri!C40*shock_OC!$E$3 -> 4400698.7 | D40: =s_ri!D40*shock_OC!$E$4 -> 0 | E40: =s_ri!E40*shock_OC!$E$5 -> 0 | F40: =s_ri!F40*shock_OC!$E$6 -> 7.906271 | G40: =s_ri!G40*shock_OC!$E$7 -> -338.89305 | H40: =SUM(B40:G40)/1000 -> 4415.1148 | K40: Thüringen | L40: =s_ri!K40*shock_OC!$E$8 -> -8697.3772 | M40: =s_ri!L40*shock_OC!$E$9 -> -78833.298 | N40: =s_ri!M40*shock_OC!$E$10 -> 0 | O40: =s_ri!N40*shock_OC!$E$11 -> 0 | P40: =s_ri!O40*shock_OC!$E$12 -> 5.0071864 | Q40: =s_ri!P40*shock_OC!$E$12 -> 13.071392 | R40: =SUM(L40:Q40)/1000 -> -87.512596
