Workbook

Sheet employment
A1: zone | B1: year | C1: industry | D1: employment
A2: Piemonte | B2: 1999 | C2: a-b | D2: 57900
A3: Valle d’Aosta/Vallée d’Aoste | B3: 1999 | C3: a-b | D3: 2800
A4: Liguria | B4: 1999 | C4: a-b | D4: 19900
A5: Lombardia | B5: 1999 | C5: a-b | D5: 73300
A6: Abruzzo | B6: 1999 | C6: a-b | D6: 26400
A7: Molise | B7: 1999 | C7: a-b | D7: 12600
A8: Campania | B8: 1999 | C8: a-b | D8: 114800
A9: Puglia | B9: 1999 | C9: a-b | D9: 133300
A10: Basilicata | B10: 1999 | C10: a-b | D10: 21500
A11: Calabria | B11: 1999 | C11: a-b | D11: 63500
A12: Sicilia | B12: 1999 | C12: a-b | D12: 118200
A13: Sardegna | B13: 1999 | C13: a-b | D13: 39500
... A505: Lazio | B505: 2019 | C505: l-q | D505: 783200

Sheet import
A1: year | B1: industry | C1: import
A2: 1999 | B2: a-b | C2: 202007036
A3: 1999 | B3: c-e | C3: 5088277490
A4: 1999 | B4: f | C4: 0
A5: 1999 | B5: g-i | C5: 0
A6: 1999 | B6: j-k | C6: 12765
A7: 1999 | B7: l-q | C7: 26168263
A8: 2011 | B8: a-b | C8: 386066150
A9: 2011 | B9: c-e | C9: 40664269329
A10: 2011 | B10: f | C10: 0
A11: 2011 | B11: g-i | C11: 0
A12: 2011 | B12: j-k | C12: 3893
A13: 2011 | B13: l-q | C13: 74449387
... A25: 2019 | B25: l-q | C25: 4753334.9

Sheet L_i
A1: year | B1: industry | C1: L_i
A2: 1999 | B2: a-b | C2: =SUM(employment!D2:D22) -> 1053900
A3: 1999 | B3: c-e | C3: =SUM(employment!D86:D106) -> 5066000
A4: 1999 | B4: f | C4: =SUM(employment!D170:D190) -> 1550400
A5: 1999 | B5: g-i | C5: =SUM(employment!D254:D274) -> 5016100
A6: 1999 | B6: j-k | C6: =SUM(employment!D338:D358) -> 1996600
A7: 1999 | B7: l-q | C7: =SUM(employment!D422:D442) -> 5608400
A8: 2011 | B8: a-b | C8: =SUM(employment!D23:D43) -> 781200
A9: 2011 | B9: c-e | C9: =SUM(employment!D107:D127) -> 4554600
A10: 2011 | B10: f | C10: =SUM(employment!D191:D211) -> 1767600
A11: 2011 | B11: g-i | C11: =SUM(employment!D254:D274) -> 5016100
A12: 2011 | B12: j-k | C12: =SUM(employment!D359:D379) -> 2956200
A13: 2011 | B13: l-q | C13: =SUM(employment!D443:D463) -> 6204100
A14: 2012 | B14: a-b | C14: =SUM(employment!D44:D64) -> 778700
A15: 2012 | B15: c-e | C15: =SUM(employment!D128:D148) -> 4473300
A16: 2012 | B16: f | C16: =SUM(employment!D212:D232) -> 1673500
A17: 2012 | B17: g-i | C17: =SUM(employment!D296:D316) -> 6057500
A18: 2012 | B18: j-k | C18: =SUM(employment!D380:D400) -> 2907100
A19: 2012 | B19: l-q | C19: =SUM(employment!D464:D484) -> 6250800
A20: 2019 | B20: a-b | C20: =SUM(employment!D65:D85) -> 832000
A21: 2019 | B21: c-e | C21: =SUM(employment!D149:D169) -> 4586400
A22: 2019 | B22: f | C22: =SUM(employment!D233:D253) -> 1295700
A23: 2019 | B23: g-i | C23: =SUM(employment!D317:D337) -> 6291100
A24: 2019 | B24: j-k | C24: =SUM(employment!D401:D421) -> 3205300
A25: 2019 | B25: l-q | C25: =SUM(employment!D485:D505) -> 6245400

Sheet delta_M
A1: period | B1: industry | C1: delta_M
A2: 1999-2011 | B2: a-b | C2: =import!C8-import!C2 -> 184059114
A3: 1999-2011 | B3: c-e | C3: =import!C9-import!C3 -> 35575991839
A4: 1999-2011 | B4: f | C4: =import!C10-import!C4 -> 0
A5: 1999-2011 | B5: g-i | C5: =import!C11-import!C5 -> 0
A6: 1999-2011 | B6: j-k | C6: =import!C12-import!C6 -> -8872
A7: 1999-2011 | B7: l-q | C7: =import!C13-import!C7 -> 48281124
A8: 2012-2019 | B8: a-b | C8: =import!C20-import!C14 -> 1.7238661e+08
A9: 2012-2019 | B9: c-e | C9: =import!C21-import!C15 -> -1.8212381e+10
A10: 2012-2019 | B10: f | C10: =import!C22-import!C16 -> 0
A11: 2012-2019 | B11: g-i | C11: =import!C23-import!C17 -> 0
A12: 2012-2019 | B12: j-k | C12: =import!C24-import!C18 -> -304830.45
A13: 2012-2019 | B13: l-q | C13: =import!C25-import!C19 -> -6086119.1

Sheet shock_i
A1: period | B1: industry | C1: L_i0 | D1: delta_M | E1: shock_i
A2: 1999-2011 | B2: a-b | C2: =L_i!C2 -> 1053900 | D2: =delta_M!C2 -> 184059114 | E2: =D2/C2 -> 174.64571
A3: 1999-2011 | B3: c-e | C3: =L_i!C3 -> 5066000 | D3: =delta_M!C3 -> 35575991839 | E3: =D3/C3 -> 7022.5013
A4: 1999-2011 | B4: f | C4: =L_i!C4 -> 1550400 | D4: =delta_M!C4 -> 0 | E4: =D4/C4 -> 0
A5: 1999-2011 | B5: g-i | C5: =L_i!C5 -> 5016100 | D5: =delta_M!C5 -> 0 | E5: =D5/C5 -> 0
A6: 1999-2011 | B6: j-k | C6: =L_i!C6 -> 1996600 | D6: =delta_M!C6 -> -8872 | E6: =D6/C6 -> -0.004443554
A7: 1999-2011 | B7: l-q | C7: =L_i!C7 -> 5608400 | D7: =delta_M!C7 -> 48281124 | E7: =D7/C7 -> 8.6087162
A8: 2012-2019 | B8: a-b | C8: =L_i!C14 -> 778700 | D8: =delta_M!C8 -> 1.7238661e+08 | E8: =D8/C8 -> 221.37743
A9: 2012-2019 | B9: c-e | C9: =L_i!C15 -> 4473300 | D9: =delta_M!C9 -> -1.8212381e+10 | E9: =D9/C9 -> -4071.3525
A10: 2012-2019 | B10: f | C10: =L_i!C16 -> 1673500 | D10: =delta_M!C10 -> 0 | E10: =D10/C10 -> 0
A11: 2012-2019 | B11: g-i | C11: =L_i!C17 -> 6057500 | D11: =delta_M!C11 -> 0 | E11: =D11/C11 -> 0
A12: 2012-2019 | B12: j-k | C12: =L_i!C18 -> 2907100 | D12: =delta_M!C12 -> -304830.45 | E12: =D12/C12 -> -0.10485723
A13: 2012-2019 | B13: l-q | C13: =L_i!C19 -> 6250800 | D13: =delta_M!C13 -> -6086119.1 | E13: =D13/C13 -> -0.97365442

Sheet L_r
A1: 1999 | K1: 2012
B2: a-b | C2: c-e | D2: f | E2: g-i | F2: j-k | G2: l-q | H2: total_1999 | L2: a-b | M2: c-e | N2: f | O2: g-i | P2: j-k | Q2: l-q | R2: total_2012
A3: Piemonte | B3: =employment!D2 -> 57900 | C3: =employment!D87 -> 6400 | D3: =employment!D170 -> 104300 | E3: =employment!D254 -> 395000 | F3: =employment!D338 -> 166200 | G3: =employment!D422 -> 395600 | H3: =SUM(B3:G3) -> 1125400 | K3: Piemonte | L3: =employment!D44 -> 49100 | M3: =employment!D128 -> 455000 | N3: =employment!D212 -> 139400 | O3: =employment!D296 -> 443900 | P3: =employment!D380 -> 230500 | Q3: =employment!D464 -> 462600 | R3: =SUM(L3:Q3) -> 1780500
A4: Valle d’Aosta/Vallée d’Aoste | B4: =employment!D3 -> 2800 | C4: =employment!D88 -> 92500 | D4: =employment!D171 -> 5600 | E4: =employment!D255 -> 15400 | F4: =employment!D339 -> 3900 | G4: =employment!D423 -> 17000 | H4: =SUM(B4:G4) -> 137200 | K4: Valle d’Aosta/Vallée d’Aoste | L4: =employment!D45 -> 2100 | M4: =employment!D129 -> 5800 | N4: =employment!D213 -> 6300 | O4: =employment!D297 -> 14000 | P4: =employment!D381 -> 4900 | Q4: =employment!D465 -> 19000 | R4: =SUM(L4:Q4) -> 52100
A5: Liguria | B5: =employment!D4 -> 19900 | C5: =employment!D89 -> 1268400 | D5: =employment!D172 -> 42700 | E5: =employment!D256 -> 182600 | F5: =employment!D340 -> 73800 | G5: =employment!D424 -> 171400 | H5: =SUM(B5:G5) -> 1758800 | K5: Liguria | L5: =employment!D46 -> 12600 | M5: =employment!D130 -> 72500 | N5: =employment!D214 -> 41600 | O5: =employment!D298 -> 199900 | P5: =employment!D382 -> 83200 | Q5: =employment!D466 -> 191200 | R5: =SUM(L5:Q5) -> 601000
A6: Lombardia | B6: =employment!D5 -> 73300 | C6: =employment!D90 -> 111500 | D6: =employment!D173 -> 291000 | E6: =employment!D257 -> 877600 | F6: =employment!D341 -> 486200 | G6: =employment!D425 -> 778400 | H6: =SUM(B6:G6) -> 2618000 | K6: Lombardia | L6: =employment!D47 -> 51400 | M6: =employment!D131 -> 1101200 | N6: =employment!D215 -> 307600 | O6: =employment!D299 -> 1095300 | P6: =employment!D383 -> 615700 | Q6: =employment!D467 -> 936500 | R6: =SUM(L6:Q6) -> 4107700
A7: Abruzzo | B7: =employment!D6 -> 26400 | C7: =employment!D91 -> 19300 | D7: =employment!D174 -> 37200 | E7: =employment!D258 -> 98000 | F7: =employment!D342 -> 34800 | G7: =employment!D426 -> 121700 | H7: =SUM(B7:G7) -> 337400 | K7: Abruzzo | L7: =employment!D48 -> 11900 | M7: =employment!D132 -> 110400 | N7: =employment!D216 -> 48700 | O7: =employment!D300 -> 131600 | P7: =employment!D384 -> 54700 | Q7: =employment!D468 -> 134500 | R7: =SUM(L7:Q7) -> 491800
A8: Molise | B8: =employment!D7 -> 12600 | C8: =employment!D92 -> 247400 | D8: =employment!D175 -> 11300 | E8: =employment!D259 -> 20500 | F8: =employment!D343 -> 7400 | G8: =employment!D427 -> 32400 | H8: =SUM(B8:G8) -> 331600 | K8: Molise | L8: =employment!D49 -> 6700 | M8: =employment!D133 -> 18600 | N8: =employment!D217 -> 10500 | O8: =employment!D301 -> 24400 | P8: =employment!D385 -> 10900 | Q8: =employment!D469 -> 31100 | R8: =SUM(L8:Q8) -> 102200
A9: Campania | B9: =employment!D8 -> 114800 | C9: =employment!D93 -> 200700 | D9: =employment!D176 -> 132100 | E9: =employment!D260 -> 379600 | F9: =employment!D344 -> 116400 | G9: =employment!D428 -> 550900 | H9: =SUM(B9:G9) -> 1494500 | K9: Campania | L9: =employment!D50 -> 61200 | M9: =employment!D134 -> 218800 | N9: =employment!D218 -> 119700 | O9: =employment!D302 -> 465800 | P9: =employment!D386 -> 201900 | Q9: =employment!D470 -> 498100 | R9: =SUM(L9:Q9) -> 1565500
A10: Puglia | B10: =employment!D9 -> 133300 | C10: =employment!D94 -> 34300 | D10: =employment!D177 -> 109300 | E10: =employment!D261 -> 263800 | F10: =employment!D345 -> 69300 | G10: =employment!D429 -> 381200 | H10: =SUM(B10:G10) -> 991200 | K10: Puglia | L10: =employment!D51 -> 106000 | M10: =employment!D135 -> 191600 | N10: =employment!D219 -> 101200 | O10: =employment!D303 -> 326000 | P10: =employment!D387 -> 143300 | Q10: =employment!D471 -> 349900 | R10: =SUM(L10:Q10) -> 1218000
A11: Basilicata | B11: =employment!D10 -> 21500 | C11: =employment!D95 -> 39200 | D11: =employment!D178 -> 21600 | E11: =employment!D262 -> 36100 | F11: =employment!D346 -> 8100 | G11: =employment!D430 -> 52000 | H11: =SUM(B11:G11) -> 178500 | K11: Basilicata | L11: =employment!D52 -> 13800 | M11: =employment!D136 -> 31500 | N11: =employment!D220 -> 18000 | O11: =employment!D304 -> 43600 | P11: =employment!D388 -> 18600 | Q11: =employment!D472 -> 53400 | R11: =SUM(L11:Q11) -> 178900
A12: Calabria | B12: =employment!D11 -> 63500 | C12: =employment!D96 -> 125400 | D12: =employment!D179 -> 58000 | E12: =employment!D263 -> 127800 | F12: =employment!D347 -> 34900 | G12: =employment!D431 -> 197000 | H12: =SUM(B12:G12) -> 606600 | K12: Calabria | L12: =employment!D53 -> 56600 | M12: =employment!D137 -> 48000 | N12: =employment!D221 -> 43700 | O12: =employment!D305 -> 156800 | P12: =employment!D389 -> 63800 | Q12: =employment!D473 -> 174000 | R12: =SUM(L12:Q12) -> 542900
A13: Sicilia | B13: =employment!D12 -> 118200 | C13: =employment!D97 -> 59400 | D13: =employment!D180 -> 125100 | E13: =employment!D264 -> 317000 | F13: =employment!D348 -> 95400 | G13: =employment!D432 -> 520300 | H13: =SUM(B13:G13) -> 1235400 | K13: Sicilia | L13: =employment!D54 -> 113000 | M13: =employment!D138 -> 126400 | N13: =employment!D222 -> 101200 | O13: =employment!D306 -> 368800 | P13: =employment!D390 -> 153700 | Q13: =employment!D474 -> 518900 | R13: =SUM(L13:Q13) -> 1382000
A14: Sardegna | B14: =employment!D13 -> 39500 | C14: =employment!D98 -> 34800 | D14: =employment!D181 -> 56100 | E14: =employment!D265 -> 136000 | F14: =employment!D349 -> 33100 | G14: =employment!D433 -> 182500 | H14: =SUM(B14:G14) -> 482000 | K14: Sardegna | L14: =employment!D55 -> 32100 | M14: =employment!D139 -> 52900 | N14: =employment!D223 -> 46400 | O14: =employment!D307 -> 164100 | P14: =employment!D391 -> 74200 | Q14: =employment!D475 -> 208000 | R14: =SUM(L14:Q14) -> 577700
... A23: Lazio | B23: =employment!D22 -> 52400 | C23: =employment!D107 -> 475000 | D23: =employment!D190 -> 119100 | E23: =employment!D274 -> 510300 | F23: =employment!D358 -> 268400 | G23: =employment!D442 -> 659300 | H23: =SUM(B23:G23) -> 2084500 | K23: Lazio | L23: =employment!D64 -> 34400 | M23: =employment!D148 -> 220800 | N23: =employment!D232 -> 157400 | O23: =employment!D316 -> 648900 | P23: =employment!D400 -> 340800 | Q23: =employment!D484 -> 777300 | R23: =SUM(L23:Q23) -> 2179600

Sheet s_ri
A1: 1999 | J1: 2012
B2: a-b | C2: c-e | D2: f | E2: g-i | F2: j-k | G2: l-q | K2: a-b | L2: c-e | M2: f | N2: g-i | O2: j-k | P2: l-q
A3: Piemonte | B3: =L_r!B3/L_r!$H3 -> 0.051448374 | C3: =L_r!C3/L_r!$H3 -> 0.0056868669 | D3: =L_r!D3/L_r!$H3 -> 0.092678159 | E3: =L_r!E3/L_r!$H3 -> 0.35098632 | F3: =L_r!F3/L_r!$H3 -> 0.14768082 | G3: =L_r!G3/L_r!$H3 -> 0.35151946 | J3: Piemonte | K3: =L_r!L3/L_r!$R3 -> 0.027576523 | L3: =L_r!M3/L_r!$R3 -> 0.25554619 | M3: =L_r!N3/L_r!$R3 -> 0.078292614 | N3: =L_r!O3/L_r!$R3 -> 0.24931199 | O3: =L_r!P3/L_r!$R3 -> 0.12945802 | P3: =L_r!Q3/L_r!$R3 -> 0.25981466
A4: Valle d’Aosta/Vallée d’Aoste | B4: =L_r!B4/L_r!$H4 -> 0.020408163 | C4: =L_r!C4/L_r!$H4 -> 0.67419825 | D4: =L_r!D4/L_r!$H4 -> 0.040816327 | E4: =L_r!E4/L_r!$H4 -> 0.1122449 | F4: =L_r!F4/L_r!$H4 -> 0.028425656 | G4: =L_r!G4/L_r!$H4 -> 0.12390671 | J4: Valle d’Aosta/Vallée d’Aoste | K4: =L_r!L4/L_r!$R4 -> 0.040307102 | L4: =L_r!M4/L_r!$R4 -> 0.11132438 | M4: =L_r!N4/L_r!$R4 -> 0.12092131 | N4: =L_r!O4/L_r!$R4 -> 0.26871401 | O4: =L_r!P4/L_r!$R4 -> 0.094049904 | P4: =L_r!Q4/L_r!$R4 -> 0.3646833
A5: Liguria | B5: =L_r!B5/L_r!$H5 -> 0.011314533 | C5: =L_r!C5/L_r!$H5 -> 0.72117353 | D5: =L_r!D5/L_r!$H5 -> 0.024277917 | E5: =L_r!E5/L_r!$H5 -> 0.10382079 | F5: =L_r!F5/L_r!$H5 -> 0.041960428 | G5: =L_r!G5/L_r!$H5 -> 0.097452809 | J5: Liguria | K5: =L_r!L5/L_r!$R5 -> 0.020965058 | L5: =L_r!M5/L_r!$R5 -> 0.12063228 | M5: =L_r!N5/L_r!$R5 -> 0.06921797 | N5: =L_r!O5/L_r!$R5 -> 0.33261231 | O5: =L_r!P5/L_r!$R5 -> 0.13843594 | P5: =L_r!Q5/L_r!$R5 -> 0.31813644
A6: Lombardia | B6: =L_r!B6/L_r!$H6 -> 0.027998472 | C6: =L_r!C6/L_r!$H6 -> 0.042589763 | D6: =L_r!D6/L_r!$H6 -> 0.11115355 | E6: =L_r!E6/L_r!$H6 -> 0.33521772 | F6: =L_r!F6/L_r!$H6 -> 0.18571429 | G6: =L_r!G6/L_r!$H6 -> 0.2973262 | J6: Lombardia | K6: =L_r!L6/L_r!$R6 -> 0.012513085 | L6: =L_r!M6/L_r!$R6 -> 0.26808189 | M6: =L_r!N6/L_r!$R6 -> 0.074883755 | N6: =L_r!O6/L_r!$R6 -> 0.26664557 | O6: =L_r!P6/L_r!$R6 -> 0.14988923 | P6: =L_r!Q6/L_r!$R6 -> 0.22798646
A7: Abruzzo | B7: =L_r!B7/L_r!$H7 -> 0.078245406 | C7: =L_r!C7/L_r!$H7 -> 0.057202134 | D7: =L_r!D7/L_r!$H7 -> 0.11025489 | E7: =L_r!E7/L_r!$H7 -> 0.29045643 | F7: =L_r!F7/L_r!$H7 -> 0.10314167 | G7: =L_r!G7/L_r!$H7 -> 0.36069947 | J7: Abruzzo | K7: =L_r!L7/L_r!$R7 -> 0.024196828 | L7: =L_r!M7/L_r!$R7 -> 0.2244815 | M7: =L_r!N7/L_r!$R7 -> 0.099023993 | N7: =L_r!O7/L_r!$R7 -> 0.26758845 | O7: =L_r!P7/L_r!$R7 -> 0.11122407 | P7: =L_r!Q7/L_r!$R7 -> 0.27348516
A8: Molise | B8: =L_r!B8/L_r!$H8 -> 0.037997587 | C8: =L_r!C8/L_r!$H8 -> 0.74607961 | D8: =L_r!D8/L_r!$H8 -> 0.034077201 | E8: =L_r!E8/L_r!$H8 -> 0.061821472 | F8: =L_r!F8/L_r!$H8 -> 0.022316043 | G8: =L_r!G8/L_r!$H8 -> 0.097708082 | J8: Molise | K8: =L_r!L8/L_r!$R8 -> 0.06555773 | L8: =L_r!M8/L_r!$R8 -> 0.18199609 | M8: =L_r!N8/L_r!$R8 -> 0.10273973 | N8: =L_r!O8/L_r!$R8 -> 0.23874755 | O8: =L_r!P8/L_r!$R8 -> 0.10665362 | P8: =L_r!Q8/L_r!$R8 -> 0.30430528
A9: Campania | B9: =L_r!B9/L_r!$H9 -> 0.076814988 | C9: =L_r!C9/L_r!$H9 -> 0.13429241 | D9: =L_r!D9/L_r!$H9 -> 0.088390766 | E9: =L_r!E9/L_r!$H9 -> 0.25399799 | F9: =L_r!F9/L_r!$H9 -> 0.07788558 | G9: =L_r!G9/L_r!$H9 -> 0.36861827 | J9: Campania | K9: =L_r!L9/L_r!$R9 -> 0.039092942 | L9: =L_r!M9/L_r!$R9 -> 0.13976365 | M9: =L_r!N9/L_r!$R9 -> 0.076461195 | N9: =L_r!O9/L_r!$R9 -> 0.29754072 | O9: =L_r!P9/L_r!$R9 -> 0.12896838 | P9: =L_r!Q9/L_r!$R9 -> 0.31817311
A10: Puglia | B10: =L_r!B10/L_r!$H10 -> 0.13448345 | C10: =L_r!C10/L_r!$H10 -> 0.03460452 | D10: =L_r!D10/L_r!$H10 -> 0.11027038 | E10: =L_r!E10/L_r!$H10 -> 0.26614205 | F10: =L_r!F10/L_r!$H10 -> 0.069915254 | G10: =L_r!G10/L_r!$H10 -> 0.38458434 | J10: Puglia | K10: =L_r!L10/L_r!$R10 -> 0.087027915 | L10: =L_r!M10/L_r!$R10 -> 0.15730706 | M10: =L_r!N10/L_r!$R10 -> 0.083087028 | N10: =L_r!O10/L_r!$R10 -> 0.26765189 | O10: =L_r!P10/L_r!$R10 -> 0.11765189 | P10: =L_r!Q10/L_r!$R10 -> 0.28727422
A11: Basilicata | B11: =L_r!B11/L_r!$H11 -> 0.12044818 | C11: =L_r!C11/L_r!$H11 -> 0.21960784 | D11: =L_r!D11/L_r!$H11 -> 0.1210084 | E11: =L_r!E11/L_r!$H11 -> 0.2022409 | F11: =L_r!F11/L_r!$H11 -> 0.045378151 | G11: =L_r!G11/L_r!$H11 -> 0.29131653 | J11: Basilicata | K11: =L_r!L11/L_r!$R11 -> 0.077138066 | L11: =L_r!M11/L_r!$R11 -> 0.17607602 | M11: =L_r!N11/L_r!$R11 -> 0.10061487 | N11: =L_r!O11/L_r!$R11 -> 0.24371157 | O11: =L_r!P11/L_r!$R11 -> 0.1039687 | P11: =L_r!Q11/L_r!$R11 -> 0.29849078
A12: Calabria | B12: =L_r!B12/L_r!$H12 -> 0.10468183 | C12: =L_r!C12/L_r!$H12 -> 0.20672601 | D12: =L_r!D12/L_r!$H12 -> 0.095614903 | E12: =L_r!E12/L_r!$H12 -> 0.21068249 | F12: =L_r!F12/L_r!$H12 -> 0.057533795 | G12: =L_r!G12/L_r!$H12 -> 0.32476096 | J12: Calabria | K12: =L_r!L12/L_r!$R12 -> 0.10425493 | L12: =L_r!M12/L_r!$R12 -> 0.088414073 | M12: =L_r!N12/L_r!$R12 -> 0.080493645 | N12: =L_r!O12/L_r!$R12 -> 0.2888193 | O12: =L_r!P12/L_r!$R12 -> 0.11751704 | P12: =L_r!Q12/L_r!$R12 -> 0.32050101
A13: Sicilia | B13: =L_r!B13/L_r!$H13 -> 0.095677513 | C13: =L_r!C13/L_r!$H13 -> 0.048081593 | D13: =L_r!D13/L_r!$H13 -> 0.10126275 | E13: =L_r!E13/L_r!$H13 -> 0.25659705 | F13: =L_r!F13/L_r!$H13 -> 0.077221952 | G13: =L_r!G13/L_r!$H13 -> 0.42115914 | J13: Sicilia | K13: =L_r!L13/L_r!$R13 -> 0.081765557 | L13: =L_r!M13/L_r!$R13 -> 0.09146165 | M13: =L_r!N13/L_r!$R13 -> 0.073227207 | N13: =L_r!O13/L_r!$R13 -> 0.26685962 | O13: =L_r!P13/L_r!$R13 -> 0.11121563 | P13: =L_r!Q13/L_r!$R13 -> 0.37547033
A14: Sardegna | B14: =L_r!B14/L_r!$H14 -> 0.081950207 | C14: =L_r!C14/L_r!$H14 -> 0.07219917 | D14: =L_r!D14/L_r!$H14 -> 0.11639004 | E14: =L_r!E14/L_r!$H14 -> 0.28215768 | F14: =L_r!F14/L_r!$H14 -> 0.068672199 | G14: =L_r!G14/L_r!$H14 -> 0.37863071 | J14: Sardegna | K14: =L_r!L14/L_r!$R14 -> 0.055565172 | L14: =L_r!M14/L_r!$R14 -> 0.091570019 | M14: =L_r!N14/L_r!$R14 -> 0.080318504 | N14: =L_r!O14/L_r!$R14 -> 0.28405747 | O14: =L_r!P14/L_r!$R14 -> 0.12844037 | P14: =L_r!Q14/L_r!$R14 -> 0.36004847
... A23: Lazio | B23: =L_r!B23/L_r!$H23 -> 0.025137923 | C23: =L_r!C23/L_r!$H23 -> 0.22787239 | D23: =L_r!D23/L_r!$H23 -> 0.057136004 | E23: =L_r!E23/L_r!$H23 -> 0.24480691 | F23: =L_r!F23/L_r!$H23 -> 0.12875989 | G23: =L_r!G23/L_r!$H23 -> 0.31628688 | J23: Lazio | K23: =L_r!L23/L_r!$R23 -> 0.015782712 | L23: =L_r!M23/L_r!$R23 -> 0.10130299 | M23: =L_r!N23/L_r!$R23 -> 0.072215085 | N23: =L_r!O23/L_r!$R23 -> 0.29771518 | O23: =L_r!P23/L_r!$R23 -> 0.15635896 | P23: =L_r!Q23/L_r!$R23 -> 0.35662507

Sheet IPW_r
A1: p1 | K1: p2
B2: a-b | C2: c-e | D2: f | E2: g-i | F2: j-k | G2: l-q | H2: IPW (1999-2011) | L2: a-b | M2: c-e | N2: f | O2: g-i | P2: j-k | Q2: l-q | R2: IPW (2012-2019)
A3: Piemonte | B3: =s_ri!B3*shock_i!$E$2 -> 8.9852378 | C3: =s_ri!C3*shock_i!$E$3 -> 39.93603 | D3: =s_ri!D3*shock_i!$E$4 -> 0 | E3: =s_ri!E3*shock_i!$E$5 -> 0 | F3: =s_ri!F3*shock_i!$E$6 -> -0.00065622773 | G3: =s_ri!G3*shock_i!$E$7 -> 3.0261313 | H3: =SUM(B3:G3)/1000 -> 0.051946743 | K3: Piemonte | L3: =s_ri!K3*shock_i!$E$8 -> 6.10482 | M3: =s_ri!L3*shock_i!$E$9 -> -1040.4186 | N3: =s_ri!M3*shock_i!$E$10 -> 0 | O3: =s_ri!N3*shock_i!$E$11 -> 0 | P3: =s_ri!O3*shock_i!$E$12 -> -0.013574609 | Q3: =s_ri!P3*shock_i!$E$13 -> -0.25296969 | R3: =SUM(L3:Q3)/1000 -> -1.0345804
A4: Valle d’Aosta/Vallée d’Aoste | B4: =s_ri!B4*shock_i!$E$2 -> 3.5641982 | C4: =s_ri!C4*shock_i!$E$3 -> 4734.5581 | D4: =s_ri!D4*shock_i!$E$4 -> 0 | E4: =s_ri!E4*shock_i!$E$5 -> 0 | F4: =s_ri!F4*shock_i!$E$6 -> -0.00012631094 | G4: =s_ri!G4*shock_i!$E$7 -> 1.0666777 | H4: =SUM(B4:G4)/1000 -> 4.7391889 | K4: Valle d’Aosta/Vallée d’Aoste | L4: =s_ri!K4*shock_i!$E$8 -> 8.9230827 | M4: =s_ri!L4*shock_i!$E$9 -> -453.24078 | N4: =s_ri!M4*shock_i!$E$10 -> 0 | O4: =s_ri!N4*shock_i!$E$11 -> 0 | P4: =s_ri!O4*shock_i!$E$12 -> -0.0098618124 | Q4: =s_ri!P4*shock_i!$E$13 -> -0.35507551 | R4: =SUM(L4:Q4)/1000 -> -0.44468263
A5: Liguria | B5: =s_ri!B5*shock_i!$E$2 -> 1.9760346 | C5: =s_ri!C5*shock_i!$E$3 -> 5064.4421 | D5: =s_ri!D5*shock_i!$E$4 -> 0 | E5: =s_ri!E5*shock_i!$E$5 -> 0 | F5: =s_ri!F5*shock_i!$E$6 -> -0.00018645343 | G5: =s_ri!G5*shock_i!$E$7 -> 0.83894357 | H5: =SUM(B5:G5)/1000 -> 5.0672569 | K5: Liguria | L5: =s_ri!K5*shock_i!$E$8 -> 4.6411908 | M5: =s_ri!L5*shock_i!$E$9 -> -491.13653 | N5: =s_ri!M5*shock_i!$E$10 -> 0 | O5: =s_ri!N5*shock_i!$E$11 -> 0 | P5: =s_ri!O5*shock_i!$E$12 -> -0.014516009 | Q5: =s_ri!P5*shock_i!$E$13 -> -0.30975495 | R5: =SUM(L5:Q5)/1000 -> -0.48681961
A6: Lombardia | B6: =s_ri!B6*shock_i!$E$2 -> 4.889813 | C6: =s_ri!C6*shock_i!$E$3 -> 299.08667 | D6: =s_ri!D6*shock_i!$E$4 -> 0 | E6: =s_ri!E6*shock_i!$E$5 -> 0 | F6: =s_ri!F6*shock_i!$E$6 -> -0.00082523146 | G6: =s_ri!G6*shock_i!$E$7 -> 2.5595969 | H6: =SUM(B6:G6)/1000 -> 0.30653525 | K6: Lombardia | L6: =s_ri!K6*shock_i!$E$8 -> 2.7701147 | M6: =s_ri!L6*shock_i!$E$9 -> -1091.4559 | N6: =s_ri!M6*shock_i!$E$10 -> 0 | O6: =s_ri!N6*shock_i!$E$11 -> 0 | P6: =s_ri!O6*shock_i!$E$12 -> -0.01571697 | Q6: =s_ri!P6*shock_i!$E$13 -> -0.22198003 | R6: =SUM(L6:Q6)/1000 -> -1.0889235
A7: Abruzzo | B7: =s_ri!B7*shock_i!$E$2 -> 13.665225 | C7: =s_ri!C7*shock_i!$E$3 -> 401.70206 | D7: =s_ri!D7*shock_i!$E$4 -> 0 | E7: =s_ri!E7*shock_i!$E$5 -> 0 | F7: =s_ri!F7*shock_i!$E$6 -> -0.00045831559 | G7: =s_ri!G7*shock_i!$E$7 -> 3.1051593 | H7: =SUM(B7:G7)/1000 -> 0.41847199 | K7: Abruzzo | L7: =s_ri!K7*shock_i!$E$8 -> 5.3566317 | M7: =s_ri!L7*shock_i!$E$9 -> -913.9433 | N7: =s_ri!M7*shock_i!$E$10 -> 0 | O7: =s_ri!N7*shock_i!$E$11 -> 0 | P7: =s_ri!O7*shock_i!$E$12 -> -0.011662648 | Q7: =s_ri!P7*shock_i!$E$13 -> -0.26628003 | R7: =SUM(L7:Q7)/1000 -> -0.90886461
A8: Molise | B8: =s_ri!B8*shock_i!$E$2 -> 6.6361156 | C8: =s_ri!C8*shock_i!$E$3 -> 5239.3451 | D8: =s_ri!D8*shock_i!$E$4 -> 0 | E8: =s_ri!E8*shock_i!$E$5 -> 0 | F8: =s_ri!F8*shock_i!$E$6 -> -9.9162545e-05 | G8: =s_ri!G8*shock_i!$E$7 -> 0.84114115 | H8: =SUM(B8:G8)/1000 -> 5.2468223 | K8: Molise | L8: =s_ri!K8*shock_i!$E$8 -> 14.513002 | M8: =s_ri!L8*shock_i!$E$9 -> -740.97022 | N8: =s_ri!M8*shock_i!$E$10 -> 0 | O8: =s_ri!N8*shock_i!$E$11 -> 0 | P8: =s_ri!O8*shock_i!$E$12 -> -0.011183403 | Q8: =s_ri!P8*shock_i!$E$13 -> -0.29628819 | R8: =SUM(L8:Q8)/1000 -> -0.72676469
A9: Campania | B9: =s_ri!B9*shock_i!$E$2 -> 13.415408 | C9: =s_ri!C9*shock_i!$E$3 -> 943.0686 | D9: =s_ri!D9*shock_i!$E$4 -> 0 | E9: =s_ri!E9*shock_i!$E$5 -> 0 | F9: =s_ri!F9*shock_i!$E$6 -> -0.00034608879 | G9: =s_ri!G9*shock_i!$E$7 -> 3.1733301 | H9: =SUM(B9:G9)/1000 -> 0.95965699 | K9: Campania | L9: =s_ri!K9*shock_i!$E$8 -> 8.654295 | M9: =s_ri!L9*shock_i!$E$9 -> -569.0271 | N9: =s_ri!M9*shock_i!$E$10 -> 0 | O9: =s_ri!N9*shock_i!$E$11 -> 0 | P9: =s_ri!O9*shock_i!$E$12 -> -0.013523267 | Q9: =s_ri!P9*shock_i!$E$13 -> -0.30979065 | R9: =SUM(L9:Q9)/1000 -> -0.56069612
A10: Puglia | B10: =s_ri!B10*shock_i!$E$2 -> 23.486958 | C10: =s_ri!C10*shock_i!$E$3 -> 243.01029 | D10: =s_ri!D10*shock_i!$E$4 -> 0 | E10: =s_ri!E10*shock_i!$E$5 -> 0 | F10: =s_ri!F10*shock_i!$E$6 -> -0.00031067221 | G10: =s_ri!G10*shock_i!$E$7 -> 3.3107775 | H10: =SUM(B10:G10)/1000 -> 0.26980771 | K10: Puglia | L10: =s_ri!K10*shock_i!$E$8 -> 19.266016 | M10: =s_ri!L10*shock_i!$E$9 -> -640.45249 | N10: =s_ri!M10*shock_i!$E$10 -> 0 | O10: =s_ri!N10*shock_i!$E$11 -> 0 | P10: =s_ri!O10*shock_i!$E$12 -> -0.012336651 | Q10: =s_ri!P10*shock_i!$E$13 -> -0.27970581 | R10: =SUM(L10:Q10)/1000 -> -0.62147852
A11: Basilicata | B11: =s_ri!B11*shock_i!$E$2 -> 21.035758 | C11: =s_ri!C11*shock_i!$E$3 -> 1542.1964 | D11: =s_ri!D11*shock_i!$E$4 -> 0 | E11: =s_ri!E11*shock_i!$E$5 -> 0 | F11: =s_ri!F11*shock_i!$E$6 -> -0.00020164027 | G11: =s_ri!G11*shock_i!$E$7 -> 2.5078613 | H11: =SUM(B11:G11)/1000 -> 1.5657398 | K11: Basilicata | L11: =s_ri!K11*shock_i!$E$8 -> 17.076627 | M11: =s_ri!L11*shock_i!$E$9 -> -716.86754 | N11: =s_ri!M11*shock_i!$E$10 -> 0 | O11: =s_ri!N11*shock_i!$E$11 -> 0 | P11: =s_ri!O11*shock_i!$E$12 -> -0.01090187 | Q11: =s_ri!P11*shock_i!$E$13 -> -0.29062686 | R11: =SUM(L11:Q11)/1000 -> -0.70009245
A12: Calabria | B12: =s_ri!B12*shock_i!$E$2 -> 18.282233 | C12: =s_ri!C12*shock_i!$E$3 -> 1451.7337 | D12: =s_ri!D12*shock_i!$E$4 -> 0 | E12: =s_ri!E12*shock_i!$E$5 -> 0 | F12: =s_ri!F12*shock_i!$E$6 -> -0.00025565453 | G12: =s_ri!G12*shock_i!$E$7 -> 2.795775 | H12: =SUM(B12:G12)/1000 -> 1.4728115 | K12: Calabria | L12: =s_ri!K12*shock_i!$E$8 -> 23.079688 | M12: =s_ri!L12*shock_i!$E$9 -> -359.96486 | N12: =s_ri!M12*shock_i!$E$10 -> 0 | O12: =s_ri!N12*shock_i!$E$11 -> 0 | P12: =s_ri!O12*shock_i!$E$12 -> -0.012322511 | Q12: =s_ri!P12*shock_i!$E$13 -> -0.31205723 | R12: =SUM(L12:Q12)/1000 -> -0.33720955
A13: Sicilia | B13: =s_ri!B13*shock_i!$E$2 -> 16.709667 | C13: =s_ri!C13*shock_i!$E$3 -> 337.65305 | D13: =s_ri!D13*shock_i!$E$4 -> 0 | E13: =s_ri!E13*shock_i!$E$5 -> 0 | F13: =s_ri!F13*shock_i!$E$6 -> -0.00034313992 | G13: =s_ri!G13*shock_i!$E$7 -> 3.6256395 | H13: =SUM(B13:G13)/1000 -> 0.35798802 | K13: Sicilia | L13: =s_ri!K13*shock_i!$E$8 -> 18.101049 | M13: =s_ri!L13*shock_i!$E$9 -> -372.37262 | N13: =s_ri!M13*shock_i!$E$10 -> 0 | O13: =s_ri!N13*shock_i!$E$11 -> 0 | P13: =s_ri!O13*shock_i!$E$12 -> -0.011661763 | Q13: =s_ri!P13*shock_i!$E$13 -> -0.36557835 | R13: =SUM(L13:Q13)/1000 -> -0.35464881
A14: Sardegna | B14: =s_ri!B14*shock_i!$E$2 -> 14.312252 | C14: =s_ri!C14*shock_i!$E$3 -> 507.01877 | D14: =s_ri!D14*shock_i!$E$4 -> 0 | E14: =s_ri!E14*shock_i!$E$5 -> 0 | F14: =s_ri!F14*shock_i!$E$6 -> -0.00030514863 | G14: =s_ri!G14*shock_i!$E$7 -> 3.2595243 | H14: =SUM(B14:G14)/1000 -> 0.52459024 | K14: Sardegna | L14: =s_ri!K14*shock_i!$E$8 -> 12.300875 | M14: =s_ri!L14*shock_i!$E$9 -> -372.81383 | N14: =s_ri!M14*shock_i!$E$10 -> 0 | O14: =s_ri!N14*shock_i!$E$11 -> 0 | P14: =s_ri!O14*shock_i!$E$12 -> -0.013467901 | Q14: =s_ri!P14*shock_i!$E$13 -> -0.35056278 | R14: =SUM(L14:Q14)/1000 -> -0.36087698
... A23: Lazio | B23: =s_ri!B23*shock_i!$E$2 -> 4.3902304 | C23: =s_ri!C23*shock_i!$E$3 -> 1600.2342 | D23: =s_ri!D23*shock_i!$E$4 -> 0 | E23: =s_ri!E23*shock_i!$E$5 -> 0 | F23: =s_ri!F23*shock_i!$E$6 -> -0.00057215155 | G23: =s_ri!G23*shock_i!$E$7 -> 2.722824 | H23: =SUM(B23:G23)/1000 -> 1.6073467 | K23: Lazio | L23: =s_ri!K23*shock_i!$E$8 -> 3.4939364 | M23: =s_ri!L23*shock_i!$E$9 -> -412.44019 | N23: =s_ri!M23*shock_i!$E$10 -> 0 | O23: =s_ri!N23*shock_i!$E$11 -> 0 | P23: =s_ri!O23*shock_i!$E$12 -> -0.016395368 | Q23: =s_ri!P23*shock_i!$E$13 -> -0.34722958 | R23: =SUM(L23:Q23)/1000 -> -0.40930988

Sheet import OC
A1: Australia | E1: Finland | I1: Japan | M1: Norway | Q1: New Zealand | U1: Sweden
A2: year | B2: industry | C2: import | E2: year | F2: industry | G2: import | I2: year | J2: industry | K2: import | M2: year | N2: industry | O2: import | Q2: year | R2: industry | S2: import | U2: year | V2: industry | W2: import
A3: 1999 | B3: a-b | C3: 31366299 | E3: 1999 | F3: a-b | G3: 1907415 | I3: 1999 | J3: a-b | K3: 1643501884 | M3: 1999 | N3: a-b | O3: 1125099 | Q3: 1999 | R3: a-b | S3: 8132064 | U3: 1999 | V3: a-b | W3: 1414721
A4: 1999 | B4: c-e | C4: 4170822649 | E4: 1999 | F4: c-e | G4: 723830435 | I4: 1999 | J4: c-e | K4: 40528188750 | M4: 1999 | N4: c-e | O4: 920711827 | Q4: 1999 | R4: c-e | S4: 745304253 | U4: 1999 | V4: c-e | W4: 757645750
A5: 1999 | B5: f | C5: 0 | E5: 1999 | F5: f | G5: 0 | I5: 1999 | J5: f | K5: 0 | M5: 1999 | N5: f | O5: 0 | Q5: 1999 | R5: f | S5: 0 | U5: 1999 | V5: f | W5: 0
A6: 1999 | B6: g-i | C6: 0 | E6: 1999 | F6: g-i | G6: 0 | I6: 1999 | J6: g-i | K6: 0 | M6: 1999 | N6: g-i | O6: 0 | Q6: 1999 | R6: g-i | S6: 0 | U6: 1999 | V6: g-i | W6: 0
A7: 1999 | B7: j-k | C7: 13735 | E7: 1999 | F7: j-k | G7: 0 | I7: 1999 | J7: j-k | K7: 399015 | M7: 1999 | N7: j-k | O7: 4382 | Q7: 1999 | R7: j-k | S7: 0 | U7: 1999 | V7: j-k | W7: 1451
A8: 1999 | B8: l-q | C8: 11992818 | E8: 1999 | F8: l-q | G8: 916058 | I8: 1999 | J8: l-q | K8: 313452422 | M8: 1999 | N8: l-q | O8: 310766 | Q8: 1999 | R8: l-q | S8: 1466967 | U8: 1999 | V8: l-q | W8: 2039185
A9: 2011 | B9: a-b | C9: 126210268 | E9: 2011 | F9: a-b | G9: 2661830 | I9: 2011 | J9: a-b | K9: 1871215480 | M9: 2011 | N9: a-b | O9: 14453257 | Q9: 2011 | R9: a-b | S9: 23104718 | U9: 2011 | V9: a-b | W9: 10454215
A10: 2011 | B10: c-e | C10: 42571628341 | E10: 2011 | F10: c-e | G10: 3030544423 | I10: 2011 | J10: c-e | K10: 178004922182 | M10: 2011 | N10: c-e | O10: 8239528662 | Q10: 2011 | R10: c-e | S10: 5.8354693e+09 | U10: 2011 | V10: c-e | W10: 6831335381
A11: 2011 | B11: f | C11: 0 | E11: 2011 | F11: f | G11: 0 | I11: 2011 | J11: f | K11: 0 | M11: 2011 | N11: f | O11: 0 | Q11: 2011 | R11: f | S11: 0 | U11: 2011 | V11: f | W11: 0
A12: 2011 | B12: g-i | C12: 0 | E12: 2011 | F12: g-i | G12: 0 | I12: 2011 | J12: g-i | K12: 0 | M12: 2011 | N12: g-i | O12: 0 | Q12: 2011 | R12: g-i | S12: 0 | U12: 2011 | V12: g-i | W12: 0
A13: 2011 | B13: j-k | C13: 12361 | E13: 2011 | F13: j-k | G13: 2351 | I13: 2011 | J13: j-k | K13: 761578 | M13: 2011 | N13: j-k | O13: 2049 | Q13: 2011 | R13: j-k | S13: 119105.48 | U13: 2011 | V13: j-k | W13: 1541
A14: 2011 | B14: l-q | C14: 13383600 | E14: 2011 | F14: l-q | G14: 2764490 | I14: 2011 | J14: l-q | K14: 598610981 | M14: 2011 | N14: l-q | O14: 32414433 | Q14: 2011 | R14: l-q | S14: 2539302.1 | U14: 2011 | V14: l-q | W14: 3199406
... A26: 2019 | B26: l-q | C26: 16244423 | E26: 2019 | F26: l-q | G26: 127890.12 | I26: 2019 | J26: l-q | K26: 7844738.1 | M26: 2019 | N26: l-q | O26: 346564.79 | Q26: 2019 | R26: l-q | S26: 953593.05 | U26: 2019 | V26: l-q | W26: 791047.17
A28: period | B28: industry | C28: delta_M | E28: period | F28: industry | G28: delta_M | I28: period | J28: industry | K28: delta_M | M28: period | N28: industry | O28: delta_M | Q28: period | R28: industry | S28: delta_M | U28: period | V28: industry | W28: delta_M
A29: 1999-2011 | B29: a-b | C29: =C9-C3 -> 94843969 | E29: 1999-2011 | F29: a-b | G29: =G9-G3 -> 754415 | I29: 1999-2011 | J29: a-b | K29: =K9-K3 -> 227713596 | M29: 1999-2011 | N29: a-b | O29: =O9-O3 -> 13328158 | Q29: 1999-2011 | R29: a-b | S29: =S9-S3 -> 14972654 | U29: 1999-2011 | V29: a-b | W29: =W9-W3 -> 9039494
A30: 1999-2011 | B30: c-e | C30: =C10-C4 -> 38400805692 | E30: 1999-2011 | F30: c-e | G30: =G10-G4 -> 2306713988 | I30: 1999-2011 | J30: c-e | K30: =K10-K4 -> 137476733432 | M30: 1999-2011 | N30: c-e | O30: =O10-O4 -> 7318816835 | Q30: 1999-2011 | R30: c-e | S30: =S10-S4 -> 5.0901651e+09 | U30: 1999-2011 | V30: c-e | W30: =W10-W4 -> 6073689631
A31: 1999-2011 | B31: f | C31: =C11-C5 -> 0 | E31: 1999-2011 | F31: f | G31: =G11-G5 -> 0 | I31: 1999-2011 | J31: f | K31: =K11-K5 -> 0 | M31: 1999-2011 | N31: f | O31: =O11-O5 -> 0 | Q31: 1999-2011 | R31: f | S31: =S11-S5 -> 0 | U31: 1999-2011 | V31: f | W31: =W11-W5 -> 0
A32: 1999-2011 | B32: g-i | C32: =C12-C6 -> 0 | E32: 1999-2011 | F32: g-i | G32: =G12-G6 -> 0 | I32: 1999-2011 | J32: g-i | K32: =K12-K6 -> 0 | M32: 1999-2011 | N32: g-i | O32: =O12-O6 -> 0 | Q32: 1999-2011 | R32: g-i | S32: =S12-S6 -> 0 | U32: 1999-2011 | V32: g-i | W32: =W12-W6 -> 0
A33: 1999-2011 | B33: j-k | C33: =C13-C7 -> -1374 | E33: 1999-2011 | F33: j-k | G33: =G13-G7 -> 2351 | I33: 1999-2011 | J33: j-k | K33: =K13-K7 -> 362563 | M33: 1999-2011 | N33: j-k | O33: =O13-O7 -> -2333 | Q33: 1999-2011 | R33: j-k | S33: =S13-S7 -> 119105.48 | U33: 1999-2011 | V33: j-k | W33: =W13-W7 -> 90
A34: 1999-2011 | B34: l-q | C34: =C14-C8 -> 1390782 | E34: 1999-2011 | F34: l-q | G34: =G14-G8 -> 1848432 | I34: 1999-2011 | J34: l-q | K34: =K14-K8 -> 285158559 | M34: 1999-2011 | N34: l-q | O34: =O14-O8 -> 32103667 | Q34: 1999-2011 | R34: l-q | S34: =S14-S8 -> 1072335.1 | U34: 1999-2011 | V34: l-q | W34: =W14-W8 -> 1160221
A35: 2012-2019 | B35: a-b | C35: =C21-C15 -> 33751430 | E35: 2012-2019 | F35: a-b | G35: =G21-G15 -> 116933.34 | I35: 2012-2019 | J35: a-b | K35: =K21-K15 -> -2.6543456e+08 | M35: 2012-2019 | N35: a-b | O35: =O21-O15 -> 4261096.3 | Q35: 2012-2019 | R35: a-b | S35: =S21-S15 -> 13832956 | U35: 2012-2019 | V35: a-b | W35: =W21-W15 -> 5051225.7
A36: 2012-2019 | B36: c-e | C36: =C22-C16 -> 1.13132e+10 | E36: 2012-2019 | F36: c-e | G36: =G22-G16 -> -4.23857e+08 | I36: 2012-2019 | J36: c-e | K36: =K22-K16 -> -1.8174415e+10 | M36: 2012-2019 | N36: c-e | O36: =O22-O16 -> 6.6895909e+08 | Q36: 2012-2019 | R36: c-e | S36: =S22-S16 -> 2.2382646e+09 | U36: 2012-2019 | V36: c-e | W36: =W22-W16 -> 1.6071349e+09
A37: 2012-2019 | B37: f | C37: =C23-C17 -> 0 | E37: 2012-2019 | F37: f | G37: =G23-G17 -> 0 | I37: 2012-2019 | J37: f | K37: =K23-K17 -> 0 | M37: 2012-2019 | N37: f | O37: =O23-O17 -> 0 | Q37: 2012-2019 | R37: f | S37: =S23-S17 -> 0 | U37: 2012-2019 | V37: f | W37: =W23-W17 -> 0
A38: 2012-2019 | B38: g-i | C38: =C24-C18 -> 0 | E38: 2012-2019 | F38: g-i | G38: =G24-G18 -> 0 | I38: 2012-2019 | J38: g-i | K38: =K24-K18 -> 0 | M38: 2012-2019 | N38: g-i | O38: =O24-O18 -> 0 | Q38: 2012-2019 | R38: g-i | S38: =S24-S18 -> 0 | U38: 2012-2019 | V38: g-i | W38: =W24-W18 -> 0
A39: 2012-2019 | B39: j-k | C39: =C25-C19 -> -16866.495 | E39: 2012-2019 | F39: j-k | G39: =G25-G19 -> 5974.449 | I39: 2012-2019 | J39: j-k | K39: =K25-K19 -> 353490.37 | M39: 2012-2019 | N39: j-k | O39: =O25-O19 -> -33543.559 | Q39: 2012-2019 | R39: j-k | S39: =S25-S19 -> -81522.771 | U39: 2012-2019 | V39: j-k | W39: =W25-W19 -> 1830.964
A40: 2012-2019 | B40: l-q | C40: =C26-C20 -> 10823487 | E40: 2012-2019 | F40: l-q | G40: =G26-G20 -> -49944.884 | I40: 2012-2019 | J40: l-q | K40: =K26-K20 -> 3868789.1 | M40: 2012-2019 | N40: l-q | O40: =O26-O20 -> -830318.21 | Q40: 2012-2019 | R40: l-q | S40: =S26-S20 -> -413354.35 | U40: 2012-2019 | V40: l-q | W40: =W26-W20 -> -622979.37

Sheet delta_M_OC
A1: period | B1: industry | C1: delta_M_OC
A2: 1999-2011 | B2: a-b | C2: 3.6065229e+08
A3: 1999-2011 | B3: c-e | C3: 1.9666692e+11
A4: 1999-2011 | B4: f | C4: 0
A5: 1999-2011 | B5: g-i | C5: 0
A6: 1999-2011 | B6: j-k | C6: 486074.48
A7: 1999-2011 | B7: l-q | C7: -9328676.7
A8: 2012-2019 | B8: a-b | C8: -2.0842092e+08
A9: 2012-2019 | B9: c-e | C9: -2.7707047e+09
A10: 2012-2019 | B10: f | C10: 0
A11: 2012-2019 | B11: g-i | C11: 0
A12: 2012-2019 | B12: j-k | C12: 229362.95
A13: 2012-2019 | B13: l-q | C13: 12775679

Sheet shock_OC
A1: period | B1: industry | C1: L_i0 | D1: delta_M_OC | E1: shock_OC
A2: 1999-2011 | B2: a-b | C2: =L_i!C2 -> 1053900 | D2: =delta_M_OC!C2 -> 3.6065229e+08 | E2: =D2/C2 -> 342.20731
A3: 1999-2011 | B3: c-e | C3: =L_i!C3 -> 5066000 | D3: =delta_M_OC!C3 -> 1.9666692e+11 | E3: =D3/C3 -> 38820.948
A4: 1999-2011 | B4: f | C4: =L_i!C4 -> 1550400 | D4: =delta_M_OC!C4 -> 0 | E4: =D4/C4 -> 0
A5: 1999-2011 | B5: g-i | C5: =L_i!C5 -> 5016100 | D5: =delta_M_OC!C5 -> 0 | E5: =D5/C5 -> 0
A6: 1999-2011 | B6: j-k | C6: =L_i!C6 -> 1996600 | D6: =delta_M_OC!C6 -> 486074.48 | E6: =D6/C6 -> 0.24345111
A7: 1999-2011 | B7: l-q | C7: =L_i!C7 -> 5608400 | D7: =delta_M_OC!C7 -> -9328676.7 | E7: =D7/C7 -> -1.6633401
A8: 2012-2019 | B8: a-b | C8: =L_i!C16 -> 1673500 | D8: =delta_M_OC!C8 -> -2.0842092e+08 | E8: =D8/C8 -> -124.54193
A9: 2012-2019 | B9: c-e | C9: =L_i!C17 -> 6057500 | D9: =delta_M_OC!C9 -> -2.7707047e+09 | E9: =D9/C9 -> -457.4007
A10: 2012-2019 | B10: f | C10: =L_i!C18 -> 2907100 | D10: =delta_M_OC!C10 -> 0 | E10: =D10/C10 -> 0
A11: 2012-2019 | B11: g-i | C11: =L_i!C19 -> 6250800 | D11: =delta_M_OC!C11 -> 0 | E11: =D11/C11 -> 0
A12: 2012-2019 | B12: j-k | C12: =L_i!C20 -> 832000 | D12: =delta_M_OC!C12 -> 229362.95 | E12: =D12/C12 -> 0.27567663
A13: 2012-2019 | B13: l-q | C13: =L_i!C21 -> 4586400 | D13: =delta_M_OC!C13 -> 12775679 | E13: =D13/C13 -> 2.7855572

Sheet IPW_OC
A1: p1 | K1: p2
B2: a-b | C2: c-e | D2: f | E2: g-i | F2: j-k | G2: l-q | H2: IPW_OC (1999-2011) | L2: a-b | M2: c-e | N2: f | O2: g-i | P2: j-k | Q2: l-q | R2: IPW_OC (2012-2019)
A3: Piemonte | B3: =s_ri!B3*shock_OC!$E$2 -> 17.60601 | C3: =s_ri!C3*shock_OC!$E$3 -> 220.76957 | D3: =s_ri!D3*shock_OC!$E$4 -> 0 | E3: =s_ri!E3*shock_OC!$E$5 -> 0 | F3: =s_ri!F3*shock_OC!$E$6 -> 0.03595306 | G3: =s_ri!G3*shock_OC!$E$7 -> -0.58469642 | H3: =SUM(B3:G3)/1000 -> 0.23782683 | K3: Piemonte | L3: =s_ri!K3*shock_OC!$E$8 -> -3.4344335 | M3: =s_ri!L3*shock_OC!$E$9 -> -116.88701 | N3: =s_ri!M3*shock_OC!$E$10 -> 0 | O3: =s_ri!N3*shock_OC!$E$11 -> 0 | P3: =s_ri!O3*shock_OC!$E$12 -> 0.03568855 | Q3: =s_ri!P3*shock_OC!$E$13 -> 0.72372859 | R3: =SUM(L3:Q3)/1000 -> -0.11956202
A4: Valle d’Aosta/Vallée d’Aoste | B4: =s_ri!B4*shock_OC!$E$2 -> 6.9838227 | C4: =s_ri!C4*shock_OC!$E$3 -> 26173.016 | D4: =s_ri!D4*shock_OC!$E$4 -> 0 | E4: =s_ri!E4*shock_OC!$E$5 -> 0 | F4: =s_ri!F4*shock_OC!$E$6 -> 0.0069202574 | G4: =s_ri!G4*shock_OC!$E$7 -> -0.20609899 | H4: =SUM(B4:G4)/1000 -> 26.1798 | K4: Valle d’Aosta/Vallée d’Aoste | L4: =s_ri!K4*shock_OC!$E$8 -> -5.0199243 | M4: =s_ri!L4*shock_OC!$E$9 -> -50.919847 | N4: =s_ri!M4*shock_OC!$E$10 -> 0 | O4: =s_ri!N4*shock_OC!$E$11 -> 0 | P4: =s_ri!O4*shock_OC!$E$12 -> 0.02592736 | Q4: =s_ri!P4*shock_OC!$E$13 -> 1.0158462 | R4: =SUM(L4:Q4)/1000 -> -0.054897998
A5: Liguria | B5: =s_ri!B5*shock_OC!$E$2 -> 3.8719158 | C5: =s_ri!C5*shock_OC!$E$3 -> 27996.64 | D5: =s_ri!D5*shock_OC!$E$4 -> 0 | E5: =s_ri!E5*shock_OC!$E$5 -> 0 | F5: =s_ri!F5*shock_OC!$E$6 -> 0.010215313 | G5: =s_ri!G5*shock_OC!$E$7 -> -0.16209717 | H5: =SUM(B5:G5)/1000 -> 28.00036 | K5: Liguria | L5: =s_ri!K5*shock_OC!$E$8 -> -2.6110288 | M5: =s_ri!L5*shock_OC!$E$9 -> -55.177289 | N5: =s_ri!M5*shock_OC!$E$10 -> 0 | O5: =s_ri!N5*shock_OC!$E$11 -> 0 | P5: =s_ri!O5*shock_OC!$E$12 -> 0.038163553 | Q5: =s_ri!P5*shock_OC!$E$13 -> 0.88618724 | R5: =SUM(L5:Q5)/1000 -> -0.056863967
A6: Lombardia | B6: =s_ri!B6*shock_OC!$E$2 -> 9.5812819 | C6: =s_ri!C6*shock_OC!$E$3 -> 1653.375 | D6: =s_ri!D6*shock_OC!$E$4 -> 0 | E6: =s_ri!E6*shock_OC!$E$5 -> 0 | F6: =s_ri!F6*shock_OC!$E$6 -> 0.045212349 | G6: =s_ri!G6*shock_OC!$E$7 -> -0.4945546 | H6: =SUM(B6:G6)/1000 -> 1.6625069 | K6: Lombardia | L6: =s_ri!K6*shock_OC!$E$8 -> -1.5584038 | M6: =s_ri!L6*shock_OC!$E$9 -> -122.62085 | N6: =s_ri!M6*shock_OC!$E$10 -> 0 | O6: =s_ri!N6*shock_OC!$E$11 -> 0 | P6: =s_ri!O6*shock_OC!$E$12 -> 0.041320958 | Q6: =s_ri!P6*shock_OC!$E$13 -> 0.63506933 | R6: =SUM(L6:Q6)/1000 -> -0.12350286
A7: Abruzzo | B7: =s_ri!B7*shock_OC!$E$2 -> 26.77615 | C7: =s_ri!C7*shock_OC!$E$3 -> 2220.6411 | D7: =s_ri!D7*shock_OC!$E$4 -> 0 | E7: =s_ri!E7*shock_OC!$E$5 -> 0 | F7: =s_ri!F7*shock_OC!$E$6 -> 0.025109954 | G7: =s_ri!G7*shock_OC!$E$7 -> -0.59996589 | H7: =SUM(B7:G7)/1000 -> 2.2468424 | K7: Abruzzo | L7: =s_ri!K7*shock_OC!$E$8 -> -3.0135197 | M7: =s_ri!L7*shock_OC!$E$9 -> -102.67799 | N7: =s_ri!M7*shock_OC!$E$10 -> 0 | O7: =s_ri!N7*shock_OC!$E$11 -> 0 | P7: =s_ri!O7*shock_OC!$E$12 -> 0.030661878 | Q7: =s_ri!P7*shock_OC!$E$13 -> 0.76180854 | R7: =SUM(L7:Q7)/1000 -> -0.10489904
A8: Molise | B8: =s_ri!B8*shock_OC!$E$2 -> 13.003052 | C8: =s_ri!C8*shock_OC!$E$3 -> 28963.518 | D8: =s_ri!D8*shock_OC!$E$4 -> 0 | E8: =s_ri!E8*shock_OC!$E$5 -> 0 | F8: =s_ri!F8*shock_OC!$E$6 -> 0.0054328655 | G8: =s_ri!G8*shock_OC!$E$7 -> -0.16252177 | H8: =SUM(B8:G8)/1000 -> 28.976364 | K8: Molise | L8: =s_ri!K8*shock_OC!$E$8 -> -8.1646863 | M8: =s_ri!L8*shock_OC!$E$9 -> -83.245137 | N8: =s_ri!M8*shock_OC!$E$10 -> 0 | O8: =s_ri!N8*shock_OC!$E$11 -> 0 | P8: =s_ri!O8*shock_OC!$E$12 -> 0.02940191 | Q8: =s_ri!P8*shock_OC!$E$13 -> 0.84765977 | R8: =SUM(L8:Q8)/1000 -> -0.090532762
A9: Campania | B9: =s_ri!B9*shock_OC!$E$2 -> 26.286651 | C9: =s_ri!C9*shock_OC!$E$3 -> 5213.3585 | D9: =s_ri!D9*shock_OC!$E$4 -> 0 | E9: =s_ri!E9*shock_OC!$E$5 -> 0 | F9: =s_ri!F9*shock_OC!$E$6 -> 0.018961331 | G9: =s_ri!G9*shock_OC!$E$7 -> -0.61313755 | H9: =SUM(B9:G9)/1000 -> 5.239051 | K9: Campania | L9: =s_ri!K9*shock_OC!$E$8 -> -4.8687105 | M9: =s_ri!L9*shock_OC!$E$9 -> -63.927993 | N9: =s_ri!M9*shock_OC!$E$10 -> 0 | O9: =s_ri!N9*shock_OC!$E$11 -> 0 | P9: =s_ri!O9*shock_OC!$E$12 -> 0.035553568 | Q9: =s_ri!P9*shock_OC!$E$13 -> 0.88628939 | R9: =SUM(L9:Q9)/1000 -> -0.06787486
A10: Puglia | B10: =s_ri!B10*shock_OC!$E$2 -> 46.021221 | C10: =s_ri!C10*shock_OC!$E$3 -> 1343.3803 | D10: =s_ri!D10*shock_OC!$E$4 -> 0 | E10: =s_ri!E10*shock_OC!$E$5 -> 0 | F10: =s_ri!F10*shock_OC!$E$6 -> 0.017020946 | G10: =s_ri!G10*shock_OC!$E$7 -> -0.63969456 | H10: =SUM(B10:G10)/1000 -> 1.3887788 | K10: Puglia | L10: =s_ri!K10*shock_OC!$E$8 -> -10.838625 | M10: =s_ri!L10*shock_OC!$E$9 -> -71.952359 | N10: =s_ri!M10*shock_OC!$E$10 -> 0 | O10: =s_ri!N10*shock_OC!$E$11 -> 0 | P10: =s_ri!O10*shock_OC!$E$12 -> 0.032433876 | Q10: =s_ri!P10*shock_OC!$E$13 -> 0.80021877 | R10: =SUM(L10:Q10)/1000 -> -0.081958331
A11: Basilicata | B11: =s_ri!B11*shock_OC!$E$2 -> 41.218248 | C11: =s_ri!C11*shock_OC!$E$3 -> 8525.3847 | D11: =s_ri!D11*shock_OC!$E$4 -> 0 | E11: =s_ri!E11*shock_OC!$E$5 -> 0 | F11: =s_ri!F11*shock_OC!$E$6 -> 0.011047361 | G11: =s_ri!G11*shock_OC!$E$7 -> -0.48455847 | H11: =SUM(B11:G11)/1000 -> 8.5661295 | K11: Basilicata | L11: =s_ri!K11*shock_OC!$E$8 -> -9.6069237 | M11: =s_ri!L11*shock_OC!$E$9 -> -80.537295 | N11: =s_ri!M11*shock_OC!$E$10 -> 0 | O11: =s_ri!N11*shock_OC!$E$11 -> 0 | P11: =s_ri!O11*shock_OC!$E$12 -> 0.02866174 | Q11: =s_ri!P11*shock_OC!$E$13 -> 0.83146313 | R11: =SUM(L11:Q11)/1000 -> -0.089284093
A12: Calabria | B12: =s_ri!B12*shock_OC!$E$2 -> 35.822889 | C12: =s_ri!C12*shock_OC!$E$3 -> 8025.2999 | D12: =s_ri!D12*shock_OC!$E$4 -> 0 | E12: =s_ri!E12*shock_OC!$E$5 -> 0 | F12: =s_ri!F12*shock_OC!$E$6 -> 0.014006666 | G12: =s_ri!G12*shock_OC!$E$7 -> -0.54018794 | H12: =SUM(B12:G12)/1000 -> 8.0605966 | K12: Calabria | L12: =s_ri!K12*shock_OC!$E$8 -> -12.98411 | M12: =s_ri!L12*shock_OC!$E$9 -> -40.440659 | N12: =s_ri!M12*shock_OC!$E$10 -> 0 | O12: =s_ri!N12*shock_OC!$E$11 -> 0 | P12: =s_ri!O12*shock_OC!$E$12 -> 0.032396701 | Q12: =s_ri!P12*shock_OC!$E$13 -> 0.8927739 | R12: =SUM(L12:Q12)/1000 -> -0.052499598
A13: Sicilia | B13: =s_ri!B13*shock_OC!$E$2 -> 32.741545 | C13: =s_ri!C13*shock_OC!$E$3 -> 1866.573 | D13: =s_ri!D13*shock_OC!$E$4 -> 0 | E13: =s_ri!E13*shock_OC!$E$5 -> 0 | F13: =s_ri!F13*shock_OC!$E$6 -> 0.01879977 | G13: =s_ri!G13*shock_OC!$E$7 -> -0.70053089 | H13: =SUM(B13:G13)/1000 -> 1.8986329 | K13: Sicilia | L13: =s_ri!K13*shock_OC!$E$8 -> -10.18324 | M13: =s_ri!L13*shock_OC!$E$9 -> -41.834622 | N13: =s_ri!M13*shock_OC!$E$10 -> 0 | O13: =s_ri!N13*shock_OC!$E$11 -> 0 | P13: =s_ri!O13*shock_OC!$E$12 -> 0.03065955 | Q13: =s_ri!P13*shock_OC!$E$13 -> 1.0458941 | R13: =SUM(L13:Q13)/1000 -> -0.050941309
A14: Sardegna | B14: =s_ri!B14*shock_OC!$E$2 -> 28.04396 | C14: =s_ri!C14*shock_OC!$E$3 -> 2802.8403 | D14: =s_ri!D14*shock_OC!$E$4 -> 0 | E14: =s_ri!E14*shock_OC!$E$5 -> 0 | F14: =s_ri!F14*shock_OC!$E$6 -> 0.016718323 | G14: =s_ri!G14*shock_OC!$E$7 -> -0.62979164 | H14: =SUM(B14:G14)/1000 -> 2.8302711 | K14: Sardegna | L14: =s_ri!K14*shock_OC!$E$8 -> -6.9201939 | M14: =s_ri!L14*shock_OC!$E$9 -> -41.884191 | N14: =s_ri!M14*shock_OC!$E$10 -> 0 | O14: =s_ri!N14*shock_OC!$E$11 -> 0 | P14: =s_ri!O14*shock_OC!$E$12 -> 0.035408007 | Q14: =s_ri!P14*shock_OC!$E$13 -> 1.0029356 | R14: =SUM(L14:Q14)/1000 -> -0.047766041
... A23: Lazio | B23: =s_ri!B23*shock_OC!$E$2 -> 8.602381 | C23: =s_ri!C23*shock_OC!$E$3 -> 8846.2224 | D23: =s_ri!D23*shock_OC!$E$4 -> 0 | E23: =s_ri!E23*shock_OC!$E$5 -> 0 | F23: =s_ri!F23*shock_OC!$E$6 -> 0.031346739 | G23: =s_ri!G23*shock_OC!$E$7 -> -0.52609265 | H23: =SUM(B23:G23)/1000 -> 8.85433 | K23: Lazio | L23: =s_ri!K23*shock_OC!$E$8 -> -1.9656095 | M23: =s_ri!L23*shock_OC!$E$9 -> -46.336059 | N23: =s_ri!M23*shock_OC!$E$10 -> 0 | O23: =s_ri!N23*shock_OC!$E$11 -> 0 | P23: =s_ri!O23*shock_OC!$E$12 -> 0.043104512 | Q23: =s_ri!P23*shock_OC!$E$13 -> 0.99339952 | R23: =SUM(L23:Q23)/1000 -> -0.047265164
