Workbook

Sheet employment
A1: zone | B1: year | C1: industry | D1: employment
A2: Groningen | B2: 1999 | C2: a-b | D2: 5600
A3: Friesland (NL) | B3: 1999 | C3: a-b | D3: 10600
A4: Drenthe | B4: 1999 | C4: a-b | D4: 12000
A5: Overijssel | B5: 1999 | C5: a-b | D5: 19500
A6: Gelderland | B6: 1999 | C6: a-b | D6: 30100
A7: Flevoland | B7: 1999 | C7: a-b | D7: 4600
A8: Utrecht (NUTS 2021) | B8: 1999 | C8: a-b | D8: 6100
A9: Noord-Holland | B9: 1999 | C9: a-b | D9: 28100
A10: Zuid-Holland (NUTS 2021) | B10: 1999 | C10: a-b | D10: 41900
A11: Zeeland | B11: 1999 | C11: a-b | D11: 5800
A12: Noord-Brabant | B12: 1999 | C12: a-b | D12: 41200
A13: Limburg (NL) | B13: 1999 | C13: a-b | D13: 20600
... A289: Limburg (NL) | B289: 2019 | C289: l-q | D289: 168200

Sheet import
A1: year | B1: industry | C1: import
A2: 1999 | B2: a-b | C2: 77134471
A3: 1999 | B3: c-e | C3: 3683427867
A4: 1999 | B4: f | C4: 0
A5: 1999 | B5: g-i | C5: 0
A6: 1999 | B6: j-k | C6: 9663
A7: 1999 | B7: l-q | C7: 61617830
A8: 2011 | B8: a-b | C8: 4.1238121e+08
A9: 2011 | B9: c-e | C9: 4.2165925e+10
A10: 2011 | B10: f | C10: 0
A11: 2011 | B11: g-i | C11: 0
A12: 2011 | B12: j-k | C12: 164761.08
A13: 2011 | B13: l-q | C13: 2.3725493e+08
... A25: 2019 | B25: l-q | C25: 2634948.3

Sheet L_i
A1: year | B1: industry | C1: L_i
A2: 1999 | B2: a-b | C2: =SUM(employment!D2:D13) -> 226100
A3: 1999 | B3: c-e | C3: =SUM(employment!D50:D61) -> 1144400
A4: 1999 | B4: f | C4: =SUM(employment!D98:D109) -> 460500
A5: 1999 | B5: g-i | C5: =SUM(employment!D146:D157) -> 1826500
A6: 1999 | B6: j-k | C6: =SUM(employment!D194:D205) -> 1132900
A7: 1999 | B7: l-q | C7: =SUM(employment!D242:D253) -> 2382600
A8: 2011 | B8: a-b | C8: =SUM(employment!D14:D25) -> 194100
A9: 2011 | B9: c-e | C9: =SUM(employment!D62:D73) -> 828000
A10: 2011 | B10: f | C10: =SUM(employment!D110:D121) -> 430500
A11: 2011 | B11: g-i | C11: =SUM(employment!D158:D169) -> 2063200
A12: 2011 | B12: j-k | C12: =SUM(employment!D206:D217) -> 1026000
A13: 2011 | B13: l-q | C13: =SUM(employment!D254:D265) -> 2744300
A14: 2012 | B14: a-b | C14: =SUM(employment!D26:D37) -> 192400
A15: 2012 | B15: c-e | C15: =SUM(employment!D74:D85) -> 844100
A16: 2012 | B16: f | C16: =SUM(employment!D122:D133) -> 434000
A17: 2012 | B17: g-i | C17: =SUM(employment!D170:D181) -> 2101700
A18: 2012 | B18: j-k | C18: =SUM(employment!D218:D229) -> 1057900
A19: 2012 | B19: l-q | C19: =SUM(employment!D266:D277) -> 2738600
A20: 2019 | B20: a-b | C20: =SUM(employment!D38:D49) -> 154400
A21: 2019 | B21: c-e | C21: =SUM(employment!D86:D97) -> 866500
A22: 2019 | B22: f | C22: =SUM(employment!D134:D145) -> 402300
A23: 2019 | B23: g-i | C23: =SUM(employment!D182:D193) -> 2268400
A24: 2019 | B24: j-k | C24: =SUM(employment!D230:D241) -> 1381500
A25: 2019 | B25: l-q | C25: =SUM(employment!D278:D289) -> 2748400

Sheet delta_M
A1: period | B1: industry | C1: delta_M
A2: 1999-2011 | B2: a-b | C2: =import!C8-import!C2 -> 3.3524674e+08
A3: 1999-2011 | B3: c-e | C3: =import!C9-import!C3 -> 3.8482497e+10
A4: 1999-2011 | B4: f | C4: =import!C10-import!C4 -> 0
A5: 1999-2011 | B5: g-i | C5: =import!C11-import!C5 -> 0
A6: 1999-2011 | B6: j-k | C6: =import!C12-import!C6 -> 155098.08
A7: 1999-2011 | B7: l-q | C7: =import!C13-import!C7 -> 1.756371e+08
A8: 2012-2019 | B8: a-b | C8: =import!C20-import!C14 -> -2.2050412e+08
A9: 2012-2019 | B9: c-e | C9: =import!C21-import!C15 -> 6.7766434e+09
A10: 2012-2019 | B10: f | C10: =import!C22-import!C16 -> 0
A11: 2012-2019 | B11: g-i | C11: =import!C23-import!C17 -> 0
A12: 2012-2019 | B12: j-k | C12: =import!C24-import!C18 -> -186538.15
A13: 2012-2019 | B13: l-q | C13: =import!C25-import!C19 -> -3211320.5

Sheet shock_i
A1: period | B1: industry | C1: L_i0 | D1: delta_M | E1: shock_i
A2: 1999-2011 | B2: a-b | C2: =L_i!C2 -> 226100 | D2: =delta_M!C2 -> 3.3524674e+08 | E2: =D2/C2 -> 1482.7366
A3: 1999-2011 | B3: c-e | C3: =L_i!C3 -> 1144400 | D3: =delta_M!C3 -> 3.8482497e+10 | E3: =D3/C3 -> 33626.789
A4: 1999-2011 | B4: f | C4: =L_i!C4 -> 460500 | D4: =delta_M!C4 -> 0 | E4: =D4/C4 -> 0
A5: 1999-2011 | B5: g-i | C5: =L_i!C5 -> 1826500 | D5: =delta_M!C5 -> 0 | E5: =D5/C5 -> 0
A6: 1999-2011 | B6: j-k | C6: =L_i!C6 -> 1132900 | D6: =delta_M!C6 -> 155098.08 | E6: =D6/C6 -> 0.13690359
A7: 1999-2011 | B7: l-q | C7: =L_i!C7 -> 2382600 | D7: =delta_M!C7 -> 1.756371e+08 | E7: =D7/C7 -> 73.716568
A8: 2012-2019 | B8: a-b | C8: =L_i!C14 -> 192400 | D8: =delta_M!C8 -> -2.2050412e+08 | E8: =D8/C8 -> -1146.0713
A9: 2012-2019 | B9: c-e | C9: =L_i!C15 -> 844100 | D9: =delta_M!C9 -> 6.7766434e+09 | E9: =D9/C9 -> 8028.2471
A10: 2012-2019 | B10: f | C10: =L_i!C16 -> 434000 | D10: =delta_M!C10 -> 0 | E10: =D10/C10 -> 0
A11: 2012-2019 | B11: g-i | C11: =L_i!C17 -> 2101700 | D11: =delta_M!C11 -> 0 | E11: =D11/C11 -> 0
A12: 2012-2019 | B12: j-k | C12: =L_i!C18 -> 1057900 | D12: =delta_M!C12 -> -186538.15 | E12: =D12/C12 -> -0.17632871
A13: 2012-2019 | B13: l-q | C13: =L_i!C19 -> 2738600 | D13: =delta_M!C13 -> -3211320.5 | E13: =D13/C13 -> -1.1726139

Sheet L_r
A1: 1999 | K1: 2012
B2: a-b | C2: c-e | D2: f | E2: g-i | F2: j-k | G2: l-q | H2: total_1999 | L2: a-b | M2: c-e | N2: f | O2: g-i | P2: j-k | Q2: l-q | R2: total_2012
A3: Groningen | B3: =employment!D2 -> 5600 | C3: =employment!D50 -> 46600 | D3: =employment!D98 -> 13500 | E3: =employment!D146 -> 52200 | F3: =employment!D194 -> 34700 | G3: =employment!D242 -> 85800 | H3: =SUM(B3:G3) -> 238400 | K3: Groningen | L3: =employment!D26 -> 7900 | M3: =employment!D74 -> 33000 | N3: =employment!D122 -> 11500 | O3: =employment!D170 -> 60400 | P3: =employment!D218 -> 30800 | Q3: =employment!D266 -> 106900 | R3: =SUM(L3:Q3) -> 250500
A4: Friesland (NL) | B4: =employment!D3 -> 10600 | C4: =employment!D51 -> 56300 | D4: =employment!D99 -> 19600 | E4: =employment!D147 -> 64200 | F4: =employment!D195 -> 31100 | G4: =employment!D243 -> 93400 | H4: =SUM(B4:G4) -> 275200 | K4: Friesland (NL) | L4: =employment!D27 -> 12000 | M4: =employment!D75 -> 33000 | N4: =employment!D123 -> 21200 | O4: =employment!D171 -> 73800 | P4: =employment!D219 -> 33100 | Q4: =employment!D267 -> 102600 | R4: =SUM(L4:Q4) -> 275700
A5: Drenthe | B5: =employment!D4 -> 12000 | C5: =employment!D52 -> 37700 | D5: =employment!D100 -> 13100 | E5: =employment!D148 -> 33400 | F5: =employment!D196 -> 18600 | G5: =employment!D244 -> 79200 | H5: =SUM(B5:G5) -> 194000 | K5: Drenthe | L5: =employment!D28 -> 7700 | M5: =employment!D76 -> 27900 | N5: =employment!D124 -> 13900 | O5: =employment!D172 -> 54600 | P5: =employment!D220 -> 24100 | Q5: =employment!D268 -> 79500 | R5: =SUM(L5:Q5) -> 207700
A6: Overijssel | B6: =employment!D5 -> 19500 | C6: =employment!D53 -> 106700 | D6: =employment!D101 -> 37800 | E6: =employment!D149 -> 111700 | F6: =employment!D197 -> 54600 | G6: =employment!D245 -> 147200 | H6: =SUM(B6:G6) -> 477500 | K6: Overijssel | L6: =employment!D29 -> 16900 | M6: =employment!D77 -> 74200 | N6: =employment!D125 -> 32800 | O6: =employment!D173 -> 128200 | P6: =employment!D221 -> 53100 | Q6: =employment!D269 -> 188500 | R6: =SUM(L6:Q6) -> 493700
A7: Gelderland | B7: =employment!D6 -> 30100 | C7: =employment!D54 -> 139100 | D7: =employment!D102 -> 58600 | E7: =employment!D150 -> 215100 | F7: =employment!D198 -> 121500 | G7: =employment!D246 -> 298200 | H7: =SUM(B7:G7) -> 862600 | K7: Gelderland | L7: =employment!D30 -> 25000 | M7: =employment!D78 -> 103800 | N7: =employment!D126 -> 56100 | O7: =employment!D174 -> 242500 | P7: =employment!D222 -> 120800 | Q7: =employment!D270 -> 334100 | R7: =SUM(L7:Q7) -> 882300
A8: Flevoland | B8: =employment!D7 -> 4600 | C8: =employment!D55 -> 22300 | D8: =employment!D103 -> 6200 | E8: =employment!D151 -> 32800 | F8: =employment!D199 -> 29700 | G8: =employment!D247 -> 48100 | H8: =SUM(B8:G8) -> 143700 | K8: Flevoland | L8: =employment!D31 -> 5300 | M8: =employment!D79 -> 17700 | N8: =employment!D127 -> 10000 | O8: =employment!D175 -> 58700 | P8: =employment!D223 -> 25300 | Q8: =employment!D271 -> 60300 | R8: =SUM(L8:Q8) -> 177300
A9: Utrecht (NUTS 2021) | B9: =employment!D8 -> 6100 | C9: =employment!D56 -> 56700 | D9: =employment!D104 -> 31000 | E9: =employment!D152 -> 139300 | F9: =employment!D200 -> 108600 | G9: =employment!D248 -> 188200 | H9: =SUM(B9:G9) -> 529900 | K9: Utrecht (NUTS 2021) | L9: =employment!D32 -> 7300 | M9: =employment!D80 -> 42800 | N9: =employment!D128 -> 28900 | O9: =employment!D176 -> 172400 | P9: =employment!D224 -> 96500 | Q9: =employment!D272 -> 222000 | R9: =SUM(L9:Q9) -> 569900
A10: Noord-Holland | B10: =employment!D9 -> 28100 | C10: =employment!D57 -> 123300 | D10: =employment!D105 -> 59500 | E10: =employment!D153 -> 337600 | F10: =employment!D201 -> 216600 | G10: =employment!D249 -> 401400 | H10: =SUM(B10:G10) -> 1166500 | K10: Noord-Holland | L10: =employment!D33 -> 19400 | M10: =employment!D81 -> 101400 | N10: =employment!D129 -> 59900 | O10: =employment!D177 -> 378400 | P10: =employment!D225 -> 213600 | Q10: =employment!D273 -> 446200 | R10: =SUM(L10:Q10) -> 1218900
A11: Zuid-Holland (NUTS 2021) | B11: =employment!D10 -> 41900 | C11: =employment!D58 -> 168900 | D11: =employment!D106 -> 96500 | E11: =employment!D154 -> 391100 | F11: =employment!D202 -> 284500 | G11: =employment!D250 -> 547000 | H11: =SUM(B11:G11) -> 1529900 | K11: Zuid-Holland (NUTS 2021) | L11: =employment!D34 -> 36300 | M11: =employment!D82 -> 142100 | N11: =employment!D130 -> 88700 | O11: =employment!D178 -> 428500 | P11: =employment!D226 -> 247600 | Q11: =employment!D274 -> 598100 | R11: =SUM(L11:Q11) -> 1541300
A12: Zeeland | B12: =employment!D11 -> 5800 | C12: =employment!D59 -> 34900 | D12: =employment!D107 -> 9200 | E12: =employment!D155 -> 43500 | F12: =employment!D203 -> 19300 | G12: =employment!D251 -> 43200 | H12: =SUM(B12:G12) -> 155900 | K12: Zeeland | L12: =employment!D35 -> 5500 | M12: =employment!D83 -> 27900 | N12: =employment!D131 -> 11600 | O12: =employment!D179 -> 48600 | P12: =employment!D227 -> 14500 | Q12: =employment!D275 -> 56900 | R12: =SUM(L12:Q12) -> 165000
A13: Noord-Brabant | B13: =employment!D12 -> 41200 | C13: =employment!D60 -> 231700 | D13: =employment!D108 -> 86300 | E13: =employment!D156 -> 289700 | F13: =employment!D204 -> 147700 | G13: =employment!D252 -> 299700 | H13: =SUM(B13:G13) -> 1096300 | K13: Noord-Brabant | L13: =employment!D36 -> 34000 | M13: =employment!D84 -> 167500 | N13: =employment!D132 -> 74700 | O13: =employment!D180 -> 317400 | P13: =employment!D228 -> 143900 | Q13: =employment!D276 -> 367000 | R13: =SUM(L13:Q13) -> 1104500
A14: Limburg (NL) | B14: =employment!D13 -> 20600 | C14: =employment!D61 -> 120200 | D14: =employment!D109 -> 29200 | E14: =employment!D157 -> 115900 | F14: =employment!D205 -> 66000 | G14: =employment!D253 -> 151200 | H14: =SUM(B14:G14) -> 503100 | K14: Limburg (NL) | L14: =employment!D37 -> 15100 | M14: =employment!D85 -> 72800 | N14: =employment!D133 -> 24700 | O14: =employment!D181 -> 138200 | P14: =employment!D229 -> 54600 | Q14: =employment!D277 -> 176500 | R14: =SUM(L14:Q14) -> 481900

Sheet s_ri
A1: 1999 | J1: 2012
B2: a-b | C2: c-e | D2: f | E2: g-i | F2: j-k | G2: l-q | K2: a-b | L2: c-e | M2: f | N2: g-i | O2: j-k | P2: l-q
A3: Groningen | B3: =L_r!B3/L_r!$H3 -> 0.023489933 | C3: =L_r!C3/L_r!$H3 -> 0.1954698 | D3: =L_r!D3/L_r!$H3 -> 0.056627517 | E3: =L_r!E3/L_r!$H3 -> 0.21895973 | F3: =L_r!F3/L_r!$H3 -> 0.14555369 | G3: =L_r!G3/L_r!$H3 -> 0.35989933 | J3: Groningen | K3: =L_r!L3/L_r!$R3 -> 0.031536926 | L3: =L_r!M3/L_r!$R3 -> 0.13173653 | M3: =L_r!N3/L_r!$R3 -> 0.045908184 | N3: =L_r!O3/L_r!$R3 -> 0.24111776 | O3: =L_r!P3/L_r!$R3 -> 0.12295409 | P3: =L_r!Q3/L_r!$R3 -> 0.42674651
A4: Friesland (NL) | B4: =L_r!B4/L_r!$H4 -> 0.038517442 | C4: =L_r!C4/L_r!$H4 -> 0.20457849 | D4: =L_r!D4/L_r!$H4 -> 0.07122093 | E4: =L_r!E4/L_r!$H4 -> 0.23328488 | F4: =L_r!F4/L_r!$H4 -> 0.11300872 | G4: =L_r!G4/L_r!$H4 -> 0.33938953 | J4: Friesland (NL) | K4: =L_r!L4/L_r!$R4 -> 0.043525571 | L4: =L_r!M4/L_r!$R4 -> 0.11969532 | M4: =L_r!N4/L_r!$R4 -> 0.076895176 | N4: =L_r!O4/L_r!$R4 -> 0.26768226 | O4: =L_r!P4/L_r!$R4 -> 0.12005803 | P4: =L_r!Q4/L_r!$R4 -> 0.37214363
A5: Drenthe | B5: =L_r!B5/L_r!$H5 -> 0.06185567 | C5: =L_r!C5/L_r!$H5 -> 0.1943299 | D5: =L_r!D5/L_r!$H5 -> 0.067525773 | E5: =L_r!E5/L_r!$H5 -> 0.17216495 | F5: =L_r!F5/L_r!$H5 -> 0.095876289 | G5: =L_r!G5/L_r!$H5 -> 0.40824742 | J5: Drenthe | K5: =L_r!L5/L_r!$R5 -> 0.037072701 | L5: =L_r!M5/L_r!$R5 -> 0.13432836 | M5: =L_r!N5/L_r!$R5 -> 0.066923447 | N5: =L_r!O5/L_r!$R5 -> 0.26287915 | O5: =L_r!P5/L_r!$R5 -> 0.11603274 | P5: =L_r!Q5/L_r!$R5 -> 0.3827636
A6: Overijssel | B6: =L_r!B6/L_r!$H6 -> 0.040837696 | C6: =L_r!C6/L_r!$H6 -> 0.2234555 | D6: =L_r!D6/L_r!$H6 -> 0.079162304 | E6: =L_r!E6/L_r!$H6 -> 0.2339267 | F6: =L_r!F6/L_r!$H6 -> 0.11434555 | G6: =L_r!G6/L_r!$H6 -> 0.30827225 | J6: Overijssel | K6: =L_r!L6/L_r!$R6 -> 0.034231315 | L6: =L_r!M6/L_r!$R6 -> 0.1502937 | M6: =L_r!N6/L_r!$R6 -> 0.066437108 | N6: =L_r!O6/L_r!$R6 -> 0.25967187 | O6: =L_r!P6/L_r!$R6 -> 0.1075552 | P6: =L_r!Q6/L_r!$R6 -> 0.38181082
A7: Gelderland | B7: =L_r!B7/L_r!$H7 -> 0.034894505 | C7: =L_r!C7/L_r!$H7 -> 0.16125667 | D7: =L_r!D7/L_r!$H7 -> 0.067934153 | E7: =L_r!E7/L_r!$H7 -> 0.24936239 | F7: =L_r!F7/L_r!$H7 -> 0.14085323 | G7: =L_r!G7/L_r!$H7 -> 0.34569905 | J7: Gelderland | K7: =L_r!L7/L_r!$R7 -> 0.028335033 | L7: =L_r!M7/L_r!$R7 -> 0.11764706 | M7: =L_r!N7/L_r!$R7 -> 0.063583815 | N7: =L_r!O7/L_r!$R7 -> 0.27484982 | O7: =L_r!P7/L_r!$R7 -> 0.13691488 | P7: =L_r!Q7/L_r!$R7 -> 0.37866939
A8: Flevoland | B8: =L_r!B8/L_r!$H8 -> 0.032011134 | C8: =L_r!C8/L_r!$H8 -> 0.15518441 | D8: =L_r!D8/L_r!$H8 -> 0.043145442 | E8: =L_r!E8/L_r!$H8 -> 0.22825331 | F8: =L_r!F8/L_r!$H8 -> 0.20668058 | G8: =L_r!G8/L_r!$H8 -> 0.33472512 | J8: Flevoland | K8: =L_r!L8/L_r!$R8 -> 0.029892837 | L8: =L_r!M8/L_r!$R8 -> 0.099830795 | M8: =L_r!N8/L_r!$R8 -> 0.056401579 | N8: =L_r!O8/L_r!$R8 -> 0.33107727 | O8: =L_r!P8/L_r!$R8 -> 0.142696 | P8: =L_r!Q8/L_r!$R8 -> 0.34010152
A9: Utrecht (NUTS 2021) | B9: =L_r!B9/L_r!$H9 -> 0.011511606 | C9: =L_r!C9/L_r!$H9 -> 0.10700132 | D9: =L_r!D9/L_r!$H9 -> 0.058501604 | E9: =L_r!E9/L_r!$H9 -> 0.26287979 | F9: =L_r!F9/L_r!$H9 -> 0.20494433 | G9: =L_r!G9/L_r!$H9 -> 0.35516135 | J9: Utrecht (NUTS 2021) | K9: =L_r!L9/L_r!$R9 -> 0.012809265 | L9: =L_r!M9/L_r!$R9 -> 0.075100895 | M9: =L_r!N9/L_r!$R9 -> 0.050710651 | N9: =L_r!O9/L_r!$R9 -> 0.30250921 | O9: =L_r!P9/L_r!$R9 -> 0.16932795 | P9: =L_r!Q9/L_r!$R9 -> 0.38954202
A10: Noord-Holland | B10: =L_r!B10/L_r!$H10 -> 0.024089156 | C10: =L_r!C10/L_r!$H10 -> 0.10570081 | D10: =L_r!D10/L_r!$H10 -> 0.051007287 | E10: =L_r!E10/L_r!$H10 -> 0.28941277 | F10: =L_r!F10/L_r!$H10 -> 0.18568367 | G10: =L_r!G10/L_r!$H10 -> 0.3441063 | J10: Noord-Holland | K10: =L_r!L10/L_r!$R10 -> 0.01591599 | L10: =L_r!M10/L_r!$R10 -> 0.083189761 | M10: =L_r!N10/L_r!$R10 -> 0.04914267 | N10: =L_r!O10/L_r!$R10 -> 0.31044384 | O10: =L_r!P10/L_r!$R10 -> 0.17523997 | P10: =L_r!Q10/L_r!$R10 -> 0.36606777
A11: Zuid-Holland (NUTS 2021) | B11: =L_r!B11/L_r!$H11 -> 0.027387411 | C11: =L_r!C11/L_r!$H11 -> 0.11039937 | D11: =L_r!D11/L_r!$H11 -> 0.063076018 | E11: =L_r!E11/L_r!$H11 -> 0.25563762 | F11: =L_r!F11/L_r!$H11 -> 0.18595987 | G11: =L_r!G11/L_r!$H11 -> 0.35753971 | J11: Zuid-Holland (NUTS 2021) | K11: =L_r!L11/L_r!$R11 -> 0.023551547 | L11: =L_r!M11/L_r!$R11 -> 0.0921949 | M11: =L_r!N11/L_r!$R11 -> 0.057548822 | N11: =L_r!O11/L_r!$R11 -> 0.27801207 | O11: =L_r!P11/L_r!$R11 -> 0.16064361 | P11: =L_r!Q11/L_r!$R11 -> 0.38804905
A12: Zeeland | B12: =L_r!B12/L_r!$H12 -> 0.037203335 | C12: =L_r!C12/L_r!$H12 -> 0.22386145 | D12: =L_r!D12/L_r!$H12 -> 0.059012187 | E12: =L_r!E12/L_r!$H12 -> 0.27902502 | F12: =L_r!F12/L_r!$H12 -> 0.12379731 | G12: =L_r!G12/L_r!$H12 -> 0.27710071 | J12: Zeeland | K12: =L_r!L12/L_r!$R12 -> 0.033333333 | L12: =L_r!M12/L_r!$R12 -> 0.16909091 | M12: =L_r!N12/L_r!$R12 -> 0.07030303 | N12: =L_r!O12/L_r!$R12 -> 0.29454545 | O12: =L_r!P12/L_r!$R12 -> 0.087878788 | P12: =L_r!Q12/L_r!$R12 -> 0.34484848
A13: Noord-Brabant | B13: =L_r!B13/L_r!$H13 -> 0.037580954 | C13: =L_r!C13/L_r!$H13 -> 0.21134726 | D13: =L_r!D13/L_r!$H13 -> 0.078719329 | E13: =L_r!E13/L_r!$H13 -> 0.26425249 | F13: =L_r!F13/L_r!$H13 -> 0.1347259 | G13: =L_r!G13/L_r!$H13 -> 0.27337408 | J13: Noord-Brabant | K13: =L_r!L13/L_r!$R13 -> 0.03078316 | L13: =L_r!M13/L_r!$R13 -> 0.15165233 | M13: =L_r!N13/L_r!$R13 -> 0.067632413 | N13: =L_r!O13/L_r!$R13 -> 0.28736985 | O13: =L_r!P13/L_r!$R13 -> 0.1302852 | P13: =L_r!Q13/L_r!$R13 -> 0.33227705
A14: Limburg (NL) | B14: =L_r!B14/L_r!$H14 -> 0.040946134 | C14: =L_r!C14/L_r!$H14 -> 0.2389187 | D14: =L_r!D14/L_r!$H14 -> 0.058040151 | E14: =L_r!E14/L_r!$H14 -> 0.2303717 | F14: =L_r!F14/L_r!$H14 -> 0.13118664 | G14: =L_r!G14/L_r!$H14 -> 0.30053667 | J14: Limburg (NL) | K14: =L_r!L14/L_r!$R14 -> 0.031334302 | L14: =L_r!M14/L_r!$R14 -> 0.15106869 | M14: =L_r!N14/L_r!$R14 -> 0.051255447 | N14: =L_r!O14/L_r!$R14 -> 0.28678149 | O14: =L_r!P14/L_r!$R14 -> 0.11330151 | P14: =L_r!Q14/L_r!$R14 -> 0.36625856

Sheet IPW_r
A1: p1 | K1: p2
B2: a-b | C2: c-e | D2: f | E2: g-i | F2: j-k | G2: l-q | H2: IPW (1999-2011) | L2: a-b | M2: c-e | N2: f | O2: g-i | P2: j-k | Q2: l-q | R2: IPW (2012-2019)
A3: Groningen | B3: =s_ri!B3*shock_i!$E$2 -> 34.829382 | C3: =s_ri!C3*shock_i!$E$3 -> 6573.0217 | D3: =s_ri!D3*shock_i!$E$4 -> 0 | E3: =s_ri!E3*shock_i!$E$5 -> 0 | F3: =s_ri!F3*shock_i!$E$6 -> 0.019926823 | G3: =s_ri!G3*shock_i!$E$7 -> 26.530543 | H3: =SUM(B3:G3)/1000 -> 6.6344016 | K3: Groningen | L3: =s_ri!K3*shock_i!$E$8 -> -36.143566 | M3: =s_ri!L3*shock_i!$E$9 -> 1057.6134 | N3: =s_ri!M3*shock_i!$E$10 -> 0 | O3: =s_ri!N3*shock_i!$E$11 -> 0 | P3: =s_ri!O3*shock_i!$E$12 -> -0.021680337 | Q3: =s_ri!P3*shock_i!$E$13 -> -0.50040889 | R3: =SUM(L3:Q3)/1000 -> 1.0209477
A4: Friesland (NL) | B4: =s_ri!B4*shock_i!$E$2 -> 57.111219 | C4: =s_ri!C4*shock_i!$E$3 -> 6879.3177 | D4: =s_ri!D4*shock_i!$E$4 -> 0 | E4: =s_ri!E4*shock_i!$E$5 -> 0 | F4: =s_ri!F4*shock_i!$E$6 -> 0.015471299 | G4: =s_ri!G4*shock_i!$E$7 -> 25.018632 | H4: =SUM(B4:G4)/1000 -> 6.961463 | K4: Friesland (NL) | L4: =s_ri!K4*shock_i!$E$8 -> -49.883409 | M4: =s_ri!L4*shock_i!$E$9 -> 960.94361 | N4: =s_ri!M4*shock_i!$E$10 -> 0 | O4: =s_ri!N4*shock_i!$E$11 -> 0 | P4: =s_ri!O4*shock_i!$E$12 -> -0.021169679 | Q4: =s_ri!P4*shock_i!$E$13 -> -0.4363808 | R4: =SUM(L4:Q4)/1000 -> 0.91060266
A5: Drenthe | B5: =s_ri!B5*shock_i!$E$2 -> 91.715664 | C5: =s_ri!C5*shock_i!$E$3 -> 6534.6905 | D5: =s_ri!D5*shock_i!$E$4 -> 0 | E5: =s_ri!E5*shock_i!$E$5 -> 0 | F5: =s_ri!F5*shock_i!$E$6 -> 0.013125808 | G5: =s_ri!G5*shock_i!$E$7 -> 30.094599 | H5: =SUM(B5:G5)/1000 -> 6.6565139 | K5: Drenthe | L5: =s_ri!K5*shock_i!$E$8 -> -42.487959 | M5: =s_ri!L5*shock_i!$E$9 -> 1078.4213 | N5: =s_ri!M5*shock_i!$E$10 -> 0 | O5: =s_ri!N5*shock_i!$E$11 -> 0 | P5: =s_ri!O5*shock_i!$E$12 -> -0.020459904 | Q5: =s_ri!P5*shock_i!$E$13 -> -0.44883392 | R5: =SUM(L5:Q5)/1000 -> 1.035464
A6: Overijssel | B6: =s_ri!B6*shock_i!$E$2 -> 60.551546 | C6: =s_ri!C6*shock_i!$E$3 -> 7514.0909 | D6: =s_ri!D6*shock_i!$E$4 -> 0 | E6: =s_ri!E6*shock_i!$E$5 -> 0 | F6: =s_ri!F6*shock_i!$E$6 -> 0.015654316 | G6: =s_ri!G6*shock_i!$E$7 -> 22.724772 | H6: =SUM(B6:G6)/1000 -> 7.5973829 | K6: Overijssel | L6: =s_ri!K6*shock_i!$E$8 -> -39.231528 | M6: =s_ri!L6*shock_i!$E$9 -> 1206.595 | N6: =s_ri!M6*shock_i!$E$10 -> 0 | O6: =s_ri!N6*shock_i!$E$11 -> 0 | P6: =s_ri!O6*shock_i!$E$12 -> -0.018965069 | Q6: =s_ri!P6*shock_i!$E$13 -> -0.44771667 | R6: =SUM(L6:Q6)/1000 -> 1.1668968
A7: Gelderland | B7: =s_ri!B7*shock_i!$E$2 -> 51.739358 | C7: =s_ri!C7*shock_i!$E$3 -> 5422.5439 | D7: =s_ri!D7*shock_i!$E$4 -> 0 | E7: =s_ri!E7*shock_i!$E$5 -> 0 | F7: =s_ri!F7*shock_i!$E$6 -> 0.019283313 | G7: =s_ri!G7*shock_i!$E$7 -> 25.483748 | H7: =SUM(B7:G7)/1000 -> 5.4997863 | K7: Gelderland | L7: =s_ri!K7*shock_i!$E$8 -> -32.473969 | M7: =s_ri!L7*shock_i!$E$9 -> 944.49966 | N7: =s_ri!M7*shock_i!$E$10 -> 0 | O7: =s_ri!N7*shock_i!$E$11 -> 0 | P7: =s_ri!O7*shock_i!$E$12 -> -0.024142025 | Q7: =s_ri!P7*shock_i!$E$13 -> -0.44403299 | R7: =SUM(L7:Q7)/1000 -> 0.91155752
A8: Flevoland | B8: =s_ri!B8*shock_i!$E$2 -> 47.464079 | C8: =s_ri!C8*shock_i!$E$3 -> 5218.3535 | D8: =s_ri!D8*shock_i!$E$4 -> 0 | E8: =s_ri!E8*shock_i!$E$5 -> 0 | F8: =s_ri!F8*shock_i!$E$6 -> 0.028295314 | G8: =s_ri!G8*shock_i!$E$7 -> 24.674787 | H8: =SUM(B8:G8)/1000 -> 5.2905207 | K8: Flevoland | L8: =s_ri!K8*shock_i!$E$8 -> -34.259323 | M8: =s_ri!L8*shock_i!$E$9 -> 801.46629 | N8: =s_ri!M8*shock_i!$E$10 -> 0 | O8: =s_ri!N8*shock_i!$E$11 -> 0 | P8: =s_ri!O8*shock_i!$E$12 -> -0.025161401 | Q8: =s_ri!P8*shock_i!$E$13 -> -0.39880778 | R8: =SUM(L8:Q8)/1000 -> 0.766783
A9: Utrecht (NUTS 2021) | B9: =s_ri!B9*shock_i!$E$2 -> 17.068679 | C9: =s_ri!C9*shock_i!$E$3 -> 3598.1109 | D9: =s_ri!D9*shock_i!$E$4 -> 0 | E9: =s_ri!E9*shock_i!$E$5 -> 0 | F9: =s_ri!F9*shock_i!$E$6 -> 0.028057614 | G9: =s_ri!G9*shock_i!$E$7 -> 26.181276 | H9: =SUM(B9:G9)/1000 -> 3.6413889 | K9: Utrecht (NUTS 2021) | L9: =s_ri!K9*shock_i!$E$8 -> -14.680331 | M9: =s_ri!L9*shock_i!$E$9 -> 602.92854 | N9: =s_ri!M9*shock_i!$E$10 -> 0 | O9: =s_ri!N9*shock_i!$E$11 -> 0 | P9: =s_ri!O9*shock_i!$E$12 -> -0.02985738 | Q9: =s_ri!P9*shock_i!$E$13 -> -0.4567824 | R9: =SUM(L9:Q9)/1000 -> 0.58776157
A10: Noord-Holland | B10: =s_ri!B10*shock_i!$E$2 -> 35.717872 | C10: =s_ri!C10*shock_i!$E$3 -> 3554.379 | D10: =s_ri!D10*shock_i!$E$4 -> 0 | E10: =s_ri!E10*shock_i!$E$5 -> 0 | F10: =s_ri!F10*shock_i!$E$6 -> 0.025420761 | G10: =s_ri!G10*shock_i!$E$7 -> 25.366336 | H10: =SUM(B10:G10)/1000 -> 3.6154886 | K10: Noord-Holland | L10: =s_ri!K10*shock_i!$E$8 -> -18.240859 | M10: =s_ri!L10*shock_i!$E$9 -> 667.86796 | N10: =s_ri!M10*shock_i!$E$10 -> 0 | O10: =s_ri!N10*shock_i!$E$11 -> 0 | P10: =s_ri!O10*shock_i!$E$12 -> -0.030899839 | Q10: =s_ri!P10*shock_i!$E$13 -> -0.42925615 | R10: =SUM(L10:Q10)/1000 -> 0.64916695
A11: Zuid-Holland (NUTS 2021) | B11: =s_ri!B11*shock_i!$E$2 -> 40.608316 | C11: =s_ri!C11*shock_i!$E$3 -> 3712.3764 | D11: =s_ri!D11*shock_i!$E$4 -> 0 | E11: =s_ri!E11*shock_i!$E$5 -> 0 | F11: =s_ri!F11*shock_i!$E$6 -> 0.025458573 | G11: =s_ri!G11*shock_i!$E$7 -> 26.3566 | H11: =SUM(B11:G11)/1000 -> 3.7793668 | K11: Zuid-Holland (NUTS 2021) | L11: =s_ri!K11*shock_i!$E$8 -> -26.991753 | M11: =s_ri!L11*shock_i!$E$9 -> 740.16344 | N11: =s_ri!M11*shock_i!$E$10 -> 0 | O11: =s_ri!N11*shock_i!$E$11 -> 0 | P11: =s_ri!O11*shock_i!$E$12 -> -0.028326082 | Q11: =s_ri!P11*shock_i!$E$13 -> -0.45503171 | R11: =SUM(L11:Q11)/1000 -> 0.71268833
A12: Zeeland | B12: =s_ri!B12*shock_i!$E$2 -> 55.162746 | C12: =s_ri!C12*shock_i!$E$3 -> 7527.7418 | D12: =s_ri!D12*shock_i!$E$4 -> 0 | E12: =s_ri!E12*shock_i!$E$5 -> 0 | F12: =s_ri!F12*shock_i!$E$6 -> 0.016948295 | G12: =s_ri!G12*shock_i!$E$7 -> 20.426913 | H12: =SUM(B12:G12)/1000 -> 7.6033484 | K12: Zeeland | L12: =s_ri!K12*shock_i!$E$8 -> -38.202377 | M12: =s_ri!L12*shock_i!$E$9 -> 1357.5036 | N12: =s_ri!M12*shock_i!$E$10 -> 0 | O12: =s_ri!N12*shock_i!$E$11 -> 0 | P12: =s_ri!O12*shock_i!$E$12 -> -0.015495554 | Q12: =s_ri!P12*shock_i!$E$13 -> -0.40437413 | R12: =SUM(L12:Q12)/1000 -> 1.3188814
A13: Noord-Brabant | B13: =s_ri!B13*shock_i!$E$2 -> 55.722655 | C13: =s_ri!C13*shock_i!$E$3 -> 7106.9297 | D13: =s_ri!D13*shock_i!$E$4 -> 0 | E13: =s_ri!E13*shock_i!$E$5 -> 0 | F13: =s_ri!F13*shock_i!$E$6 -> 0.018444459 | G13: =s_ri!G13*shock_i!$E$7 -> 20.152199 | H13: =SUM(B13:G13)/1000 -> 7.182823 | K13: Noord-Brabant | L13: =s_ri!K13*shock_i!$E$8 -> -35.279696 | M13: =s_ri!L13*shock_i!$E$9 -> 1217.5024 | N13: =s_ri!M13*shock_i!$E$10 -> 0 | O13: =s_ri!N13*shock_i!$E$11 -> 0 | P13: =s_ri!O13*shock_i!$E$12 -> -0.022973021 | Q13: =s_ri!P13*shock_i!$E$13 -> -0.38963269 | R13: =SUM(L13:Q13)/1000 -> 1.1818101
A14: Limburg (NL) | B14: =s_ri!B14*shock_i!$E$2 -> 60.71233 | C14: =s_ri!C14*shock_i!$E$3 -> 8034.0689 | D14: =s_ri!D14*shock_i!$E$4 -> 0 | E14: =s_ri!E14*shock_i!$E$5 -> 0 | F14: =s_ri!F14*shock_i!$E$6 -> 0.017959922 | G14: =s_ri!G14*shock_i!$E$7 -> 22.154532 | H14: =SUM(B14:G14)/1000 -> 8.1169537 | K14: Limburg (NL) | L14: =s_ri!K14*shock_i!$E$8 -> -35.911344 | M14: =s_ri!L14*shock_i!$E$9 -> 1212.8167 | N14: =s_ri!M14*shock_i!$E$10 -> 0 | O14: =s_ri!N14*shock_i!$E$11 -> 0 | P14: =s_ri!O14*shock_i!$E$12 -> -0.01997831 | Q14: =s_ri!P14*shock_i!$E$13 -> -0.42947988 | R14: =SUM(L14:Q14)/1000 -> 1.1764559

Sheet import OC
A1: Australia | E1: Finland | I1: Japan | M1: Norway | Q1: New Zealand | U1: Sweden
A2: year | B2: industry | C2: import | E2: year | F2: industry | G2: import | I2: year | J2: industry | K2: import | M2: year | N2: industry | O2: import | Q2: year | R2: industry | S2: import | U2: year | V2: industry | W2: import
A3: 1999 | B3: a-b | C3: 31366299 | E3: 1999 | F3: a-b | G3: 1907415 | I3: 1999 | J3: a-b | K3: 1643501884 | M3: 1999 | N3: a-b | O3: 1125099 | Q3: 1999 | R3: a-b | S3: 8132064 | U3: 1999 | V3: a-b | W3: 1414721
A4: 1999 | B4: c-e | C4: 4170822649 | E4: 1999 | F4: c-e | G4: 723830435 | I4: 1999 | J4: c-e | K4: 40528188750 | M4: 1999 | N4: c-e | O4: 920711827 | Q4: 1999 | R4: c-e | S4: 745304253 | U4: 1999 | V4: c-e | W4: 757645750
A5: 1999 | B5: f | C5: 0 | E5: 1999 | F5: f | G5: 0 | I5: 1999 | J5: f | K5: 0 | M5: 1999 | N5: f | O5: 0 | Q5: 1999 | R5: f | S5: 0 | U5: 1999 | V5: f | W5: 0
A6: 1999 | B6: g-i | C6: 0 | E6: 1999 | F6: g-i | G6: 0 | I6: 1999 | J6: g-i | K6: 0 | M6: 1999 | N6: g-i | O6: 0 | Q6: 1999 | R6: g-i | S6: 0 | U6: 1999 | V6: g-i | W6: 0
A7: 1999 | B7: j-k | C7: 13735 | E7: 1999 | F7: j-k | G7: 0 | I7: 1999 | J7: j-k | K7: 399015 | M7: 1999 | N7: j-k | O7: 4382 | Q7: 1999 | R7: j-k | S7: 0 | U7: 1999 | V7: j-k | W7: 1451
A8: 1999 | B8: l-q | C8: 11992818 | E8: 1999 | F8: l-q | G8: 916058 | I8: 1999 | J8: l-q | K8: 313452422 | M8: 1999 | N8: l-q | O8: 310766 | Q8: 1999 | R8: l-q | S8: 1466967 | U8: 1999 | V8: l-q | W8: 2039185
A9: 2011 | B9: a-b | C9: 126210268 | E9: 2011 | F9: a-b | G9: 2661830 | I9: 2011 | J9: a-b | K9: 1871215480 | M9: 2011 | N9: a-b | O9: 14453257 | Q9: 2011 | R9: a-b | S9: 23104718 | U9: 2011 | V9: a-b | W9: 10454215
A10: 2011 | B10: c-e | C10: 42571628341 | E10: 2011 | F10: c-e | G10: 3030544423 | I10: 2011 | J10: c-e | K10: 178004922182 | M10: 2011 | N10: c-e | O10: 8239528662 | Q10: 2011 | R10: c-e | S10: 5.8354693e+09 | U10: 2011 | V10: c-e | W10: 6831335381
A11: 2011 | B11: f | C11: 0 | E11: 2011 | F11: f | G11: 0 | I11: 2011 | J11: f | K11: 0 | M11: 2011 | N11: f | O11: 0 | Q11: 2011 | R11: f | S11: 0 | U11: 2011 | V11: f | W11: 0
A12: 2011 | B12: g-i | C12: 0 | E12: 2011 | F12: g-i | G12: 0 | I12: 2011 | J12: g-i | K12: 0 | M12: 2011 | N12: g-i | O12: 0 | Q12: 2011 | R12: g-i | S12: 0 | U12: 2011 | V12: g-i | W12: 0
A13: 2011 | B13: j-k | C13: 12361 | E13: 2011 | F13: j-k | G13: 2351 | I13: 2011 | J13: j-k | K13: 761578 | M13: 2011 | N13: j-k | O13: 2049 | Q13: 2011 | R13: j-k | S13: 119105.48 | U13: 2011 | V13: j-k | W13: 1541
A14: 2011 | B14: l-q | C14: 13383600 | E14: 2011 | F14: l-q | G14: 2764490 | I14: 2011 | J14: l-q | K14: 598610981 | M14: 2011 | N14: l-q | O14: 32414433 | Q14: 2011 | R14: l-q | S14: 2539302.1 | U14: 2011 | V14: l-q | W14: 3199406
... A26: 2019 | B26: l-q | C26: 16244423 | E26: 2019 | F26: l-q | G26: 127890.12 | I26: 2019 | J26: l-q | K26: 7844738.1 | M26: 2019 | N26: l-q | O26: 346564.79 | Q26: 2019 | R26: l-q | S26: 953593.05 | U26: 2019 | V26: l-q | W26: 791047.17
A28: period | B28: industry | C28: delta_M | E28: period | F28: industry | G28: delta_M | I28: period | J28: industry | K28: delta_M | M28: period | N28: industry | O28: delta_M | Q28: period | R28: industry | S28: delta_M | U28: period | V28: industry | W28: delta_M
A29: 1999-2011 | B29: a-b | C29: =C9-C3 -> 94843969 | E29: 1999-2011 | F29: a-b | G29: =G9-G3 -> 754415 | I29: 1999-2011 | J29: a-b | K29: =K9-K3 -> 227713596 | M29: 1999-2011 | N29: a-b | O29: =O9-O3 -> 13328158 | Q29: 1999-2011 | R29: a-b | S29: =S9-S3 -> 14972654 | U29: 1999-2011 | V29: a-b | W29: =W9-W3 -> 9039494
A30: 1999-2011 | B30: c-e | C30: =C10-C4 -> 38400805692 | E30: 1999-2011 | F30: c-e | G30: =G10-G4 -> 2306713988 | I30: 1999-2011 | J30: c-e | K30: =K10-K4 -> 137476733432 | M30: 1999-2011 | N30: c-e | O30: =O10-O4 -> 7318816835 | Q30: 1999-2011 | R30: c-e | S30: =S10-S4 -> 5.0901651e+09 | U30: 1999-2011 | V30: c-e | W30: =W10-W4 -> 6073689631
A31: 1999-2011 | B31: f | C31: =C11-C5 -> 0 | E31: 1999-2011 | F31: f | G31: =G11-G5 -> 0 | I31: 1999-2011 | J31: f | K31: =K11-K5 -> 0 | M31: 1999-2011 | N31: f | O31: =O11-O5 -> 0 | Q31: 1999-2011 | R31: f | S31: =S11-S5 -> 0 | U31: 1999-2011 | V31: f | W31: =W11-W5 -> 0
A32: 1999-2011 | B32: g-i | C32: =C12-C6 -> 0 | E32: 1999-2011 | F32: g-i | G32: =G12-G6 -> 0 | I32: 1999-2011 | J32: g-i | K32: =K12-K6 -> 0 | M32: 1999-2011 | N32: g-i | O32: =O12-O6 -> 0 | Q32: 1999-2011 | R32: g-i | S32: =S12-S6 -> 0 | U32: 1999-2011 | V32: g-i | W32: =W12-W6 -> 0
A33: 1999-2011 | B33: j-k | C33: =C13-C7 -> -1374 | E33: 1999-2011 | F33: j-k | G33: =G13-G7 -> 2351 | I33: 1999-2011 | J33: j-k | K33: =K13-K7 -> 362563 | M33: 1999-2011 | N33: j-k | O33: =O13-O7 -> -2333 | Q33: 1999-2011 | R33: j-k | S33: =S13-S7 -> 119105.48 | U33: 1999-2011 | V33: j-k | W33: =W13-W7 -> 90
A34: 1999-2011 | B34: l-q | C34: =C14-C8 -> 1390782 | E34: 1999-2011 | F34: l-q | G34: =G14-G8 -> 1848432 | I34: 1999-2011 | J34: l-q | K34: =K14-K8 -> 285158559 | M34: 1999-2011 | N34: l-q | O34: =O14-O8 -> 32103667 | Q34: 1999-2011 | R34: l-q | S34: =S14-S8 -> 1072335.1 | U34: 1999-2011 | V34: l-q | W34: =W14-W8 -> 1160221
A35: 2012-2019 | B35: a-b | C35: =C21-C15 -> 33751430 | E35: 2012-2019 | F35: a-b | G35: =G21-G15 -> 116933.34 | I35: 2012-2019 | J35: a-b | K35: =K21-K15 -> -2.6543456e+08 | M35: 2012-2019 | N35: a-b | O35: =O21-O15 -> 4261096.3 | Q35: 2012-2019 | R35: a-b | S35: =S21-S15 -> 13832956 | U35: 2012-2019 | V35: a-b | W35: =W21-W15 -> 5051225.7
A36: 2012-2019 | B36: c-e | C36: =C22-C16 -> 1.13132e+10 | E36: 2012-2019 | F36: c-e | G36: =G22-G16 -> -4.23857e+08 | I36: 2012-2019 | J36: c-e | K36: =K22-K16 -> -1.8174415e+10 | M36: 2012-2019 | N36: c-e | O36: =O22-O16 -> 6.6895909e+08 | Q36: 2012-2019 | R36: c-e | S36: =S22-S16 -> 2.2382646e+09 | U36: 2012-2019 | V36: c-e | W36: =W22-W16 -> 1.6071349e+09
A37: 2012-2019 | B37: f | C37: =C23-C17 -> 0 | E37: 2012-2019 | F37: f | G37: =G23-G17 -> 0 | I37: 2012-2019 | J37: f | K37: =K23-K17 -> 0 | M37: 2012-2019 | N37: f | O37: =O23-O17 -> 0 | Q37: 2012-2019 | R37: f | S37: =S23-S17 -> 0 | U37: 2012-2019 | V37: f | W37: =W23-W17 -> 0
A38: 2012-2019 | B38: g-i | C38: =C24-C18 -> 0 | E38: 2012-2019 | F38: g-i | G38: =G24-G18 -> 0 | I38: 2012-2019 | J38: g-i | K38: =K24-K18 -> 0 | M38: 2012-2019 | N38: g-i | O38: =O24-O18 -> 0 | Q38: 2012-2019 | R38: g-i | S38: =S24-S18 -> 0 | U38: 2012-2019 | V38: g-i | W38: =W24-W18 -> 0
A39: 2012-2019 | B39: j-k | C39: =C25-C19 -> -16866.495 | E39: 2012-2019 | F39: j-k | G39: =G25-G19 -> 5974.449 | I39: 2012-2019 | J39: j-k | K39: =K25-K19 -> 353490.37 | M39: 2012-2019 | N39: j-k | O39: =O25-O19 -> -33543.559 | Q39: 2012-2019 | R39: j-k | S39: =S25-S19 -> -81522.771 | U39: 2012-2019 | V39: j-k | W39: =W25-W19 -> 1830.964
A40: 2012-2019 | B40: l-q | C40: =C26-C20 -> 10823487 | E40: 2012-2019 | F40: l-q | G40: =G26-G20 -> -49944.884 | I40: 2012-2019 | J40: l-q | K40: =K26-K20 -> 3868789.1 | M40: 2012-2019 | N40: l-q | O40: =O26-O20 -> -830318.21 | Q40: 2012-2019 | R40: l-q | S40: =S26-S20 -> -413354.35 | U40: 2012-2019 | V40: l-q | W40: =W26-W20 -> -622979.37

Sheet delta_M_OC
A1: period | B1: industry | C1: delta_M_OC
A2: 1999-2011 | B2: a-b | C2: 3.6065229e+08
A3: 1999-2011 | B3: c-e | C3: 1.9666692e+11
A4: 1999-2011 | B4: f | C4: 0
A5: 1999-2011 | B5: g-i | C5: 0
A6: 1999-2011 | B6: j-k | C6: 486074.48
A7: 1999-2011 | B7: l-q | C7: -9328676.7
A8: 2012-2019 | B8: a-b | C8: -2.0842092e+08
A9: 2012-2019 | B9: c-e | C9: -2.7707047e+09
A10: 2012-2019 | B10: f | C10: 0
A11: 2012-2019 | B11: g-i | C11: 0
A12: 2012-2019 | B12: j-k | C12: 229362.95
A13: 2012-2019 | B13: l-q | C13: 12775679

Sheet shock_OC
A1: period | B1: industry | C1: L_i0 | D1: delta_M_OC | E1: shock_OC
A2: 1999-2011 | B2: a-b | C2: =L_i!C2 -> 226100 | D2: =delta_M_OC!C2 -> 3.6065229e+08 | E2: =D2/C2 -> 1595.1008
A3: 1999-2011 | B3: c-e | C3: =L_i!C3 -> 1144400 | D3: =delta_M_OC!C3 -> 1.9666692e+11 | E3: =D3/C3 -> 171851.56
A4: 1999-2011 | B4: f | C4: =L_i!C4 -> 460500 | D4: =delta_M_OC!C4 -> 0 | E4: =D4/C4 -> 0
A5: 1999-2011 | B5: g-i | C5: =L_i!C5 -> 1826500 | D5: =delta_M_OC!C5 -> 0 | E5: =D5/C5 -> 0
A6: 1999-2011 | B6: j-k | C6: =L_i!C6 -> 1132900 | D6: =delta_M_OC!C6 -> 486074.48 | E6: =D6/C6 -> 0.4290533
A7: 1999-2011 | B7: l-q | C7: =L_i!C7 -> 2382600 | D7: =delta_M_OC!C7 -> -9328676.7 | E7: =D7/C7 -> -3.9153348
A8: 2012-2019 | B8: a-b | C8: =L_i!C14 -> 192400 | D8: =delta_M_OC!C8 -> -2.0842092e+08 | E8: =D8/C8 -> -1083.2688
A9: 2012-2019 | B9: c-e | C9: =L_i!C15 -> 844100 | D9: =delta_M_OC!C9 -> -2.7707047e+09 | E9: =D9/C9 -> -3282.4366
A10: 2012-2019 | B10: f | C10: =L_i!C16 -> 434000 | D10: =delta_M_OC!C10 -> 0 | E10: =D10/C10 -> 0
A11: 2012-2019 | B11: g-i | C11: =L_i!C17 -> 2101700 | D11: =delta_M_OC!C11 -> 0 | E11: =D11/C11 -> 0
A12: 2012-2019 | B12: j-k | C12: =L_i!C18 -> 1057900 | D12: =delta_M_OC!C12 -> 229362.95 | E12: =D12/C12 -> 0.21680967
A13: 2012-2019 | B13: l-q | C13: =L_i!C19 -> 2738600 | D13: =delta_M_OC!C13 -> 12775679 | E13: =D13/C13 -> 4.6650403

Sheet IPW_OC
A1: p1 | K1: p2
B2: a-b | C2: c-e | D2: f | E2: g-i | F2: j-k | G2: l-q | H2: IPW_OC (1999-2011) | L2: a-b | M2: c-e | N2: f | O2: g-i | P2: j-k | Q2: l-q | R2: IPW_OC (2012-2019)
A3: Groningen | B3: =s_ri!B3*shock_OC!$E$2 -> 37.46881 | C3: =s_ri!C3*shock_OC!$E$3 -> 33591.79 | D3: =s_ri!D3*shock_OC!$E$4 -> 0 | E3: =s_ri!E3*shock_OC!$E$5 -> 0 | F3: =s_ri!F3*shock_OC!$E$6 -> 0.062450291 | G3: =s_ri!G3*shock_OC!$E$7 -> -1.4091264 | H3: =SUM(B3:G3)/1000 -> 33.627912 | K3: Groningen | L3: =shock_OC!$E$8*s_ri!K3 -> -34.162969 | M3: =shock_OC!$E$9*s_ri!L3 -> -432.4168 | N3: =shock_OC!$E$10*s_ri!M3 -> 0 | O3: =shock_OC!$E$11*s_ri!N3 -> 0 | P3: =shock_OC!$E$12*s_ri!O3 -> 0.026657637 | Q3: =shock_OC!$E$13*s_ri!P3 -> 1.9907897 | R3: =SUM(L3:Q3)/1000 -> -0.46456232
A4: Friesland (NL) | B4: =s_ri!B4*shock_OC!$E$2 -> 61.439202 | C4: =s_ri!C4*shock_OC!$E$3 -> 35157.132 | D4: =s_ri!D4*shock_OC!$E$4 -> 0 | E4: =s_ri!E4*shock_OC!$E$5 -> 0 | F4: =s_ri!F4*shock_OC!$E$6 -> 0.048486764 | G4: =s_ri!G4*shock_OC!$E$7 -> -1.3288237 | H4: =SUM(B4:G4)/1000 -> 35.217291 | K4: Friesland (NL) | L4: =shock_OC!$E$8*s_ri!K4 -> -47.149895 | M4: =shock_OC!$E$9*s_ri!L4 -> -392.8923 | N4: =shock_OC!$E$10*s_ri!M4 -> 0 | O4: =shock_OC!$E$11*s_ri!N4 -> 0 | P4: =shock_OC!$E$12*s_ri!O4 -> 0.026029743 | Q4: =shock_OC!$E$13*s_ri!P4 -> 1.7360651 | R4: =SUM(L4:Q4)/1000 -> -0.4382801
A5: Drenthe | B5: =s_ri!B5*shock_OC!$E$2 -> 98.666028 | C5: =s_ri!C5*shock_OC!$E$3 -> 33395.896 | D5: =s_ri!D5*shock_OC!$E$4 -> 0 | E5: =s_ri!E5*shock_OC!$E$5 -> 0 | F5: =s_ri!F5*shock_OC!$E$6 -> 0.041136038 | G5: =s_ri!G5*shock_OC!$E$7 -> -1.5984253 | H5: =SUM(B5:G5)/1000 -> 33.493005 | K5: Drenthe | L5: =shock_OC!$E$8*s_ri!K5 -> -40.159701 | M5: =shock_OC!$E$9*s_ri!L5 -> -440.92432 | N5: =shock_OC!$E$10*s_ri!M5 -> 0 | O5: =shock_OC!$E$11*s_ri!N5 -> 0 | P5: =shock_OC!$E$12*s_ri!O5 -> 0.02515702 | Q5: =shock_OC!$E$13*s_ri!P5 -> 1.7856076 | R5: =SUM(L5:Q5)/1000 -> -0.47927326
A6: Overijssel | B6: =s_ri!B6*shock_OC!$E$2 -> 65.140241 | C6: =s_ri!C6*shock_OC!$E$3 -> 38401.176 | D6: =s_ri!D6*shock_OC!$E$4 -> 0 | E6: =s_ri!E6*shock_OC!$E$5 -> 0 | F6: =s_ri!F6*shock_OC!$E$6 -> 0.049060335 | G6: =s_ri!G6*shock_OC!$E$7 -> -1.2069891 | H6: =SUM(B6:G6)/1000 -> 38.465158 | K6: Overijssel | L6: =shock_OC!$E$8*s_ri!K6 -> -37.081716 | M6: =shock_OC!$E$9*s_ri!L6 -> -493.32954 | N6: =shock_OC!$E$10*s_ri!M6 -> 0 | O6: =shock_OC!$E$11*s_ri!N6 -> 0 | P6: =shock_OC!$E$12*s_ri!O6 -> 0.023319007 | Q6: =shock_OC!$E$13*s_ri!P6 -> 1.7811629 | R6: =SUM(L6:Q6)/1000 -> -0.52860678
A7: Gelderland | B7: =s_ri!B7*shock_OC!$E$2 -> 55.660252 | C7: =s_ri!C7*shock_OC!$E$3 -> 27712.21 | D7: =s_ri!D7*shock_OC!$E$4 -> 0 | E7: =s_ri!E7*shock_OC!$E$5 -> 0 | F7: =s_ri!F7*shock_OC!$E$6 -> 0.060433545 | G7: =s_ri!G7*shock_OC!$E$7 -> -1.3535275 | H7: =SUM(B7:G7)/1000 -> 27.766577 | K7: Gelderland | L7: =shock_OC!$E$8*s_ri!K7 -> -30.694458 | M7: =shock_OC!$E$9*s_ri!L7 -> -386.16901 | N7: =shock_OC!$E$10*s_ri!M7 -> 0 | O7: =shock_OC!$E$11*s_ri!N7 -> 0 | P7: =shock_OC!$E$12*s_ri!O7 -> 0.029684471 | Q7: =shock_OC!$E$13*s_ri!P7 -> 1.766508 | R7: =SUM(L7:Q7)/1000 -> -0.41506728
A8: Flevoland | B8: =s_ri!B8*shock_OC!$E$2 -> 51.060985 | C8: =s_ri!C8*shock_OC!$E$3 -> 26668.683 | D8: =s_ri!D8*shock_OC!$E$4 -> 0 | E8: =s_ri!E8*shock_OC!$E$5 -> 0 | F8: =s_ri!F8*shock_OC!$E$6 -> 0.088676986 | G8: =s_ri!G8*shock_OC!$E$7 -> -1.3105609 | H8: =SUM(B8:G8)/1000 -> 26.718522 | K8: Flevoland | L8: =shock_OC!$E$8*s_ri!K8 -> -32.381979 | M8: =shock_OC!$E$9*s_ri!L8 -> -327.68826 | N8: =shock_OC!$E$10*s_ri!M8 -> 0 | O8: =shock_OC!$E$11*s_ri!N8 -> 0 | P8: =shock_OC!$E$12*s_ri!O8 -> 0.030937872 | Q8: =shock_OC!$E$13*s_ri!P8 -> 1.5865873 | R8: =SUM(L8:Q8)/1000 -> -0.35845271
A9: Utrecht (NUTS 2021) | B9: =s_ri!B9*shock_OC!$E$2 -> 18.362172 | C9: =s_ri!C9*shock_OC!$E$3 -> 18388.344 | D9: =s_ri!D9*shock_OC!$E$4 -> 0 | E9: =s_ri!E9*shock_OC!$E$5 -> 0 | F9: =s_ri!F9*shock_OC!$E$6 -> 0.08793204 | G9: =s_ri!G9*shock_OC!$E$7 -> -1.3905756 | H9: =SUM(B9:G9)/1000 -> 18.405403 | K9: Utrecht (NUTS 2021) | L9: =shock_OC!$E$8*s_ri!K9 -> -13.875877 | M9: =shock_OC!$E$9*s_ri!L9 -> -246.51393 | N9: =shock_OC!$E$10*s_ri!M9 -> 0 | O9: =shock_OC!$E$11*s_ri!N9 -> 0 | P9: =shock_OC!$E$12*s_ri!O9 -> 0.036711938 | Q9: =shock_OC!$E$13*s_ri!P9 -> 1.8172293 | R9: =SUM(L9:Q9)/1000 -> -0.25853586
A10: Noord-Holland | B10: =s_ri!B10*shock_OC!$E$2 -> 38.424631 | C10: =s_ri!C10*shock_OC!$E$3 -> 18164.85 | D10: =s_ri!D10*shock_OC!$E$4 -> 0 | E10: =s_ri!E10*shock_OC!$E$5 -> 0 | F10: =s_ri!F10*shock_OC!$E$6 -> 0.079668191 | G10: =s_ri!G10*shock_OC!$E$7 -> -1.3472914 | H10: =SUM(B10:G10)/1000 -> 18.202007 | K10: Noord-Holland | L10: =shock_OC!$E$8*s_ri!K10 -> -17.241296 | M10: =shock_OC!$E$9*s_ri!L10 -> -273.06512 | N10: =shock_OC!$E$10*s_ri!M10 -> 0 | O10: =shock_OC!$E$11*s_ri!N10 -> 0 | P10: =shock_OC!$E$12*s_ri!O10 -> 0.037993721 | Q10: =shock_OC!$E$13*s_ri!P10 -> 1.7077209 | R10: =SUM(L10:Q10)/1000 -> -0.2885607
A11: Zuid-Holland (NUTS 2021) | B11: =s_ri!B11*shock_OC!$E$2 -> 43.685681 | C11: =s_ri!C11*shock_OC!$E$3 -> 18972.304 | D11: =s_ri!D11*shock_OC!$E$4 -> 0 | E11: =s_ri!E11*shock_OC!$E$5 -> 0 | F11: =s_ri!F11*shock_OC!$E$6 -> 0.079786694 | G11: =s_ri!G11*shock_OC!$E$7 -> -1.3998877 | H11: =SUM(B11:G11)/1000 -> 19.01467 | K11: Zuid-Holland (NUTS 2021) | L11: =shock_OC!$E$8*s_ri!K11 -> -25.512657 | M11: =shock_OC!$E$9*s_ri!L11 -> -302.62392 | N11: =shock_OC!$E$10*s_ri!M11 -> 0 | O11: =shock_OC!$E$11*s_ri!N11 -> 0 | P11: =shock_OC!$E$12*s_ri!O11 -> 0.034829089 | Q11: =shock_OC!$E$13*s_ri!P11 -> 1.8102645 | R11: =SUM(L11:Q11)/1000 -> -0.32629148
A12: Zeeland | B12: =s_ri!B12*shock_OC!$E$2 -> 59.343069 | C12: =s_ri!C12*shock_OC!$E$3 -> 38470.939 | D12: =s_ri!D12*shock_OC!$E$4 -> 0 | E12: =s_ri!E12*shock_OC!$E$5 -> 0 | F12: =s_ri!F12*shock_OC!$E$6 -> 0.053115642 | G12: =s_ri!G12*shock_OC!$E$7 -> -1.084942 | H12: =SUM(B12:G12)/1000 -> 38.52925 | K12: Zeeland | L12: =shock_OC!$E$8*s_ri!K12 -> -36.108961 | M12: =shock_OC!$E$9*s_ri!L12 -> -555.03019 | N12: =shock_OC!$E$10*s_ri!M12 -> 0 | O12: =shock_OC!$E$11*s_ri!N12 -> 0 | P12: =shock_OC!$E$12*s_ri!O12 -> 0.019052971 | Q12: =shock_OC!$E$13*s_ri!P12 -> 1.6087321 | R12: =SUM(L12:Q12)/1000 -> -0.58951136
A13: Noord-Brabant | B13: =s_ri!B13*shock_OC!$E$2 -> 59.945409 | C13: =s_ri!C13*shock_OC!$E$3 -> 36320.356 | D13: =s_ri!D13*shock_OC!$E$4 -> 0 | E13: =s_ri!E13*shock_OC!$E$5 -> 0 | F13: =s_ri!F13*shock_OC!$E$6 -> 0.05780459 | G13: =s_ri!G13*shock_OC!$E$7 -> -1.070351 | H13: =SUM(B13:G13)/1000 -> 36.379289 | K13: Noord-Brabant | L13: =shock_OC!$E$8*s_ri!K13 -> -33.346437 | M13: =shock_OC!$E$9*s_ri!L13 -> -497.78916 | N13: =shock_OC!$E$10*s_ri!M13 -> 0 | O13: =shock_OC!$E$11*s_ri!N13 -> 0 | P13: =shock_OC!$E$12*s_ri!O13 -> 0.028247091 | Q13: =shock_OC!$E$13*s_ri!P13 -> 1.5500858 | R13: =SUM(L13:Q13)/1000 -> -0.52955727
A14: Limburg (NL) | B14: =s_ri!B14*shock_OC!$E$2 -> 65.31321 | C14: =s_ri!C14*shock_OC!$E$3 -> 41058.552 | D14: =s_ri!D14*shock_OC!$E$4 -> 0 | E14: =s_ri!E14*shock_OC!$E$5 -> 0 | F14: =s_ri!F14*shock_OC!$E$6 -> 0.056286062 | G14: =s_ri!G14*shock_OC!$E$7 -> -1.1767017 | H14: =SUM(B14:G14)/1000 -> 41.122745 | K14: Limburg (NL) | L14: =shock_OC!$E$8*s_ri!K14 -> -33.943472 | M14: =shock_OC!$E$9*s_ri!L14 -> -495.87338 | N14: =shock_OC!$E$10*s_ri!M14 -> 0 | O14: =shock_OC!$E$11*s_ri!N14 -> 0 | P14: =shock_OC!$E$12*s_ri!O14 -> 0.024564864 | Q14: =shock_OC!$E$13*s_ri!P14 -> 1.708611 | R14: =SUM(L14:Q14)/1000 -> -0.52808368
