Workbook

Sheet employment
A1: zone | B1: year | C1: industry | D1: employment
A2: Galicia | B2: 1999 | C2: a-b | D2: 169700
A3: Principado de Asturias | B3: 1999 | C3: a-b | D3: 31100
A4: Cantabria | B4: 1999 | C4: a-b | D4: 14600
A5: País Vasco | B5: 1999 | C5: a-b | D5: 16900
A6: Comunidad Foral de Navarra | B6: 1999 | C6: a-b | D6: 16900
A7: La Rioja | B7: 1999 | C7: a-b | D7: 11000
A8: Aragón | B8: 1999 | C8: a-b | D8: 36300
A9: Comunidad de Madrid | B9: 1999 | C9: a-b | D9: 19800
A10: Castilla y León | B10: 1999 | C10: a-b | D10: 91300
A11: Castilla-La Mancha | B11: 1999 | C11: a-b | D11: 64900
A12: Extremadura | B12: 1999 | C12: a-b | D12: 46600
A13: Cataluña | B13: 1999 | C13: a-b | D13: 84500
... A458: Canarias | B458: 2019 | C458: l-q | D458: 260400

Sheet import
A1: year | B1: industry | C1: import
A2: 1999 | B2: a-b | C2: 38394245
A3: 1999 | B3: c-e | C3: 3865345572
A4: 1999 | B4: f | C4: 0
A5: 1999 | B5: g-i | C5: 0
A6: 1999 | B6: j-k | C6: 4400
A7: 1999 | B7: l-q | C7: 14680973
A8: 2011 | B8: a-b | C8: 2.4820509e+08
A9: 2011 | B9: c-e | C9: 2.5668385e+10
A10: 2011 | B10: f | C10: 0
A11: 2011 | B11: g-i | C11: 0
A12: 2011 | B12: j-k | C12: 184165.02
A13: 2011 | B13: l-q | C13: 39514191
... A25: 2019 | B25: l-q | C25: 1921429.6

Sheet L_i
A1: year | B1: industry | C1: L_i
A2: 1999 | B2: a-b | C2: =SUM(employment!D2:D20) -> 1027100
A3: 1999 | B3: c-e | C3: =SUM(employment!D78:D96) -> 2937100
A4: 1999 | B4: f | C4: =SUM(employment!D154:D172) -> 1536700
A5: 1999 | B5: g-i | C5: =SUM(employment!D230:D248) -> 4127900
A6: 1999 | B6: j-k | C6: =SUM(employment!D307:D325) -> 1385100
A7: 1999 | B7: l-q | C7: =SUM(employment!D383:D401) -> 3496000
A8: 2011 | B8: a-b | C8: =SUM(employment!D21:D39) -> 742500
A9: 2011 | B9: c-e | C9: =SUM(employment!D97:D115) -> 2593600
A10: 2011 | B10: f | C10: =SUM(employment!D173:D191) -> 1398900
A11: 2011 | B11: g-i | C11: =SUM(employment!D249:D267) -> 5749600
A12: 2011 | B12: j-k | C12: =SUM(employment!D326:D344) -> 2305900
A13: 2011 | B13: l-q | C13: =SUM(employment!D402:D420) -> 5476700
A14: 2012 | B14: a-b | C14: =SUM(employment!D40:D58) -> 729700
A15: 2012 | B15: c-e | C15: =SUM(employment!D116:D134) -> 2469300
A16: 2012 | B16: f | C16: =SUM(employment!D192:D210) -> 1154300
A17: 2012 | B17: g-i | C17: =SUM(employment!D307:D325) -> 1385100
A18: 2012 | B18: j-k | C18: =SUM(employment!D345:D363) -> 2263900
A19: 2012 | B19: l-q | C19: =SUM(employment!D421:D439) -> 5317500
A20: 2019 | B20: a-b | C20: =SUM(employment!D59:D77) -> 781500
A21: 2019 | B21: c-e | C21: =SUM(employment!D135:D153) -> 2747300
A22: 2019 | B22: f | C22: =SUM(employment!D211:D229) -> 1269700
A23: 2019 | B23: g-i | C23: =SUM(employment!D288:D306) -> 6357200
A24: 2019 | B24: j-k | C24: =SUM(employment!D364:D382) -> 2595600
A25: 2019 | B25: l-q | C25: =SUM(employment!D440:D458) -> 5811800

Sheet delta_M
A1: period | B1: industry | C1: delta_M
A2: 1999-2011 | B2: a-b | C2: =import!C8-import!C2 -> 2.0981085e+08
A3: 1999-2011 | B3: c-e | C3: =import!C9-import!C3 -> 2.1803039e+10
A4: 1999-2011 | B4: f | C4: =import!C10-import!C4 -> 0
A5: 1999-2011 | B5: g-i | C5: =import!C11-import!C5 -> 0
A6: 1999-2011 | B6: j-k | C6: =import!C12-import!C6 -> 179765.02
A7: 1999-2011 | B7: l-q | C7: =import!C13-import!C7 -> 24833218
A8: 2012-2019 | B8: a-b | C8: =import!C20-import!C14 -> 77920175
A9: 2012-2019 | B9: c-e | C9: =import!C21-import!C15 -> 9.6830802e+09
A10: 2012-2019 | B10: f | C10: =import!C22-import!C16 -> 0
A11: 2012-2019 | B11: g-i | C11: =import!C23-import!C17 -> 0
A12: 2012-2019 | B12: j-k | C12: =import!C24-import!C18 -> 89077.048
A13: 2012-2019 | B13: l-q | C13: =import!C25-import!C19 -> -1488399.4

Sheet shock_i
A1: period | B1: industry | C1: L_i0 | D1: delta_M | E1: shock_i
A2: 1999-2011 | B2: a-b | C2: =L_i!C2 -> 1027100 | D2: =delta_M!C2 -> 2.0981085e+08 | E2: =D2/C2 -> 204.275
A3: 1999-2011 | B3: c-e | C3: =L_i!C3 -> 2937100 | D3: =delta_M!C3 -> 2.1803039e+10 | E3: =D3/C3 -> 7423.3221
A4: 1999-2011 | B4: f | C4: =L_i!C4 -> 1536700 | D4: =delta_M!C4 -> 0 | E4: =D4/C4 -> 0
A5: 1999-2011 | B5: g-i | C5: =L_i!C5 -> 4127900 | D5: =delta_M!C5 -> 0 | E5: =D5/C5 -> 0
A6: 1999-2011 | B6: j-k | C6: =L_i!C6 -> 1385100 | D6: =delta_M!C6 -> 179765.02 | E6: =D6/C6 -> 0.12978486
A7: 1999-2011 | B7: l-q | C7: =L_i!C7 -> 3496000 | D7: =delta_M!C7 -> 24833218 | E7: =D7/C7 -> 7.1033231
A8: 2012-2019 | B8: a-b | C8: =L_i!C14 -> 729700 | D8: =delta_M!C8 -> 77920175 | E8: =D8/C8 -> 106.78385
A9: 2012-2019 | B9: c-e | C9: =L_i!C15 -> 2469300 | D9: =delta_M!C9 -> 9.6830802e+09 | E9: =D9/C9 -> 3921.3867
A10: 2012-2019 | B10: f | C10: =L_i!C16 -> 1154300 | D10: =delta_M!C10 -> 0 | E10: =D10/C10 -> 0
A11: 2012-2019 | B11: g-i | C11: =L_i!C17 -> 1385100 | D11: =delta_M!C11 -> 0 | E11: =D11/C11 -> 0
A12: 2012-2019 | B12: j-k | C12: =L_i!C18 -> 2263900 | D12: =delta_M!C12 -> 89077.048 | E12: =D12/C12 -> 0.039346724
A13: 2012-2019 | B13: l-q | C13: =L_i!C19 -> 5317500 | D13: =delta_M!C13 -> -1488399.4 | E13: =D13/C13 -> -0.27990585

Sheet L_r
A1: 1999 | L1: 2012
B2: a-b | C2: c-e | D2: f | E2: g-i | F2: j-k | G2: l-q | H2: total_1999 | M2: a-b | N2: c-e | O2: f | P2: g-i | Q2: j-k | R2: l-q | S2: total_1999
A3: Galicia | B3: =employment!D2 -> 169700 | C3: =employment!D78 -> 176700 | D3: =employment!D154 -> 107300 | E3: =employment!D230 -> 234300 | F3: =employment!D307 -> 60600 | G3: =employment!D383 -> 205600 | H3: =SUM(B3:G3) -> 954200 | L3: Galicia | M3: =employment!D40 -> 77400 | N3: =employment!D116 -> 164300 | O3: =employment!D192 -> 78700 | P3: =employment!D268 -> 306900 | Q3: =employment!D345 -> 104100 | R3: =employment!D421 -> 304000 | S3: =SUM(M3:R3) -> 1035400
A4: Principado de Asturias | B4: =employment!D3 -> 31100 | C4: =employment!D79 -> 67600 | D4: =employment!D155 -> 36300 | E4: =employment!D231 -> 91500 | F4: =employment!D308 -> 23600 | G4: =employment!D384 -> 84400 | H4: =SUM(B4:G4) -> 334500 | L4: Principado de Asturias | M4: =employment!D41 -> 16500 | N4: =employment!D117 -> 56800 | O4: =employment!D193 -> 30400 | P4: =employment!D269 -> 115100 | Q4: =employment!D346 -> 42600 | R4: =employment!D422 -> 118200 | S4: =SUM(M4:R4) -> 379600
A5: Cantabria | B5: =employment!D4 -> 14600 | C5: =employment!D80 -> 39600 | D5: =employment!D156 -> 23500 | E5: =employment!D232 -> 49100 | F5: =employment!D309 -> 11200 | G5: =employment!D385 -> 39400 | H5: =SUM(B5:G5) -> 177400 | L5: Cantabria | M5: =employment!D42 -> 7200 | N5: =employment!D118 -> 38000 | O5: =employment!D194 -> 17400 | P5: =employment!D270 -> 71400 | Q5: =employment!D347 -> 27500 | R5: =employment!D423 -> 70200 | S5: =SUM(M5:R5) -> 231700
A6: País Vasco | B6: =employment!D5 -> 16900 | C6: =employment!D81 -> 237000 | D6: =employment!D157 -> 76700 | E6: =employment!D233 -> 204600 | F6: =employment!D310 -> 77900 | G6: =employment!D386 -> 193500 | H6: =SUM(B6:G6) -> 806600 | L6: País Vasco | M6: =employment!D43 -> 11400 | N6: =employment!D119 -> 185300 | O6: =employment!D195 -> 55600 | P6: =employment!D271 -> 242100 | Q6: =employment!D348 -> 124700 | R6: =employment!D424 -> 278000 | S6: =SUM(M6:R6) -> 897100
A7: Comunidad Foral de Navarra | B7: =employment!D6 -> 16900 | C7: =employment!D82 -> 66500 | D7: =employment!D158 -> 20800 | E7: =employment!D234 -> 48400 | F7: =employment!D311 -> 17700 | G7: =employment!D387 -> 52200 | H7: =SUM(B7:G7) -> 222500 | L7: Comunidad Foral de Navarra | M7: =employment!D44 -> 9100 | N7: =employment!D120 -> 68200 | O7: =employment!D196 -> 17800 | P7: =employment!D272 -> 65600 | Q7: =employment!D349 -> 28100 | R7: =employment!D425 -> 75800 | S7: =SUM(M7:R7) -> 264600
A8: La Rioja | B8: =employment!D7 -> 11000 | C8: =employment!D83 -> 34300 | D8: =employment!D159 -> 9300 | E8: =employment!D235 -> 21900 | F8: =employment!D312 -> 8100 | G8: =employment!D388 -> 17700 | H8: =SUM(B8:G8) -> 102300 | L8: La Rioja | M8: =employment!D45 -> 6900 | N8: =employment!D121 -> 30100 | O8: =employment!D197 -> 11700 | P8: =employment!D273 -> 29900 | Q8: =employment!D350 -> 11800 | R8: =employment!D426 -> 34800 | S8: =SUM(M8:R8) -> 125200
A9: Aragón | B9: =employment!D8 -> 36300 | C9: =employment!D84 -> 115600 | D9: =employment!D160 -> 35400 | E9: =employment!D236 -> 116100 | F9: =employment!D313 -> 39700 | G9: =employment!D389 -> 107600 | H9: =SUM(B9:G9) -> 450700 | L9: Aragón | M9: =employment!D46 -> 31200 | N9: =employment!D122 -> 98500 | O9: =employment!D198 -> 37100 | P9: =employment!D274 -> 150700 | Q9: =employment!D351 -> 59600 | R9: =employment!D427 -> 164200 | S9: =SUM(M9:R9) -> 541300
A10: Comunidad de Madrid | B10: =employment!D9 -> 19800 | C10: =employment!D85 -> 345200 | D10: =employment!D161 -> 185200 | E10: =employment!D237 -> 563000 | F10: =employment!D314 -> 352600 | G10: =employment!D390 -> 591300 | H10: =SUM(B10:G10) -> 2057100 | L10: Comunidad de Madrid | M10: =employment!D47 -> 8000 | N10: =employment!D123 -> 267800 | O10: =employment!D199 -> 137100 | P10: =employment!D275 -> 899300 | Q10: =employment!D352 -> 557500 | R10: =employment!D428 -> 914100 | S10: =SUM(M10:R10) -> 2783800
A11: Castilla y León | B11: =employment!D10 -> 91300 | C11: =employment!D86 -> 159400 | D11: =employment!D162 -> 93300 | E11: =employment!D238 -> 221500 | F11: =employment!D315 -> 64300 | G11: =employment!D391 -> 221200 | H11: =SUM(B11:G11) -> 851000 | L11: Castilla y León | M11: =employment!D48 -> 68100 | N11: =employment!D124 -> 149900 | O11: =employment!D200 -> 78300 | P11: =employment!D276 -> 269200 | Q11: =employment!D353 -> 88800 | R11: =employment!D429 -> 292400 | S11: =SUM(M11:R11) -> 946700
A12: Castilla-La Mancha | B12: =employment!D11 -> 64900 | C12: =employment!D87 -> 118900 | D12: =employment!D163 -> 82000 | E12: =employment!D239 -> 150100 | F12: =employment!D316 -> 32100 | G12: =employment!D392 -> 130800 | H12: =SUM(B12:G12) -> 578800 | L12: Castilla-La Mancha | M12: =employment!D49 -> 51100 | N12: =employment!D125 -> 121200 | O12: =employment!D201 -> 62100 | P12: =employment!D277 -> 206500 | Q12: =employment!D354 -> 66700 | R12: =employment!D430 -> 215200 | S12: =SUM(M12:R12) -> 722800
A13: Extremadura | B13: =employment!D12 -> 46600 | C13: =employment!D88 -> 35600 | D13: =employment!D164 -> 45400 | E13: =employment!D240 -> 87700 | F13: =employment!D317 -> 17200 | G13: =employment!D393 -> 79800 | H13: =SUM(B13:G13) -> 312300 | L13: Extremadura | M13: =employment!D50 -> 37300 | N13: =employment!D126 -> 38600 | O13: =employment!D202 -> 29000 | P13: =employment!D278 -> 85500 | Q13: =employment!D355 -> 24800 | R13: =employment!D431 -> 122500 | S13: =SUM(M13:R13) -> 337700
A14: Cataluña | B14: =employment!D13 -> 84500 | C14: =employment!D89 -> 725800 | D14: =employment!D165 -> 242900 | E14: =employment!D241 -> 704400 | F14: =employment!D318 -> 271700 | G14: =employment!D394 -> 573100 | H14: =SUM(B14:G14) -> 2602400 | L14: Cataluña | M14: =employment!D51 -> 54500 | N14: =employment!D127 -> 560000 | O14: =employment!D203 -> 196300 | P14: =employment!D279 -> 938900 | Q14: =employment!D356 -> 410300 | R14: =employment!D432 -> 840200 | S14: =SUM(M14:R14) -> 3000200
... A21: Canarias | B21: =employment!D20 -> 39000 | C21: =employment!D96 -> 44600 | D21: =employment!D172 -> 79200 | E21: =employment!D248 -> 255100 | F21: =employment!D325 -> 48500 | G21: =employment!D401 -> 156500 | H21: =SUM(B21:G21) -> 622900 | L21: Canarias | M21: =employment!D58 -> 20200 | N21: =employment!D134 -> 37600 | O21: =employment!D210 -> 43200 | P21: =employment!D286 -> 329300 | Q21: =employment!D363 -> 86100 | R21: =employment!D439 -> 218300 | S21: =SUM(M21:R21) -> 734700

Sheet s_ri
A1: 1999 | J1: 2012
B2: a-b | C2: c-e | D2: f | E2: g-i | F2: j-k | G2: l-q | K2: a-b | L2: c-e | M2: f | N2: g-i | O2: j-k | P2: l-q
A3: Galicia | B3: =L_r!B3/L_r!$H3 -> 0.17784532 | C3: =L_r!C3/L_r!$H3 -> 0.1851813 | D3: =L_r!D3/L_r!$H3 -> 0.11245022 | E3: =L_r!E3/L_r!$H3 -> 0.24554601 | F3: =L_r!F3/L_r!$H3 -> 0.063508698 | G3: =L_r!G3/L_r!$H3 -> 0.21546846 | J3: Galicia | K3: =L_r!M3/L_r!$S3 -> 0.074753718 | L3: =L_r!N3/L_r!$S3 -> 0.15868263 | M3: =L_r!O3/L_r!$S3 -> 0.076009272 | N3: =L_r!P3/L_r!$S3 -> 0.29640719 | O3: =L_r!Q3/L_r!$S3 -> 0.10054085 | P3: =L_r!R3/L_r!$S3 -> 0.29360634
A4: Principado de Asturias | B4: =L_r!B4/L_r!$H4 -> 0.092974589 | C4: =L_r!C4/L_r!$H4 -> 0.20209268 | D4: =L_r!D4/L_r!$H4 -> 0.10852018 | E4: =L_r!E4/L_r!$H4 -> 0.2735426 | F4: =L_r!F4/L_r!$H4 -> 0.070553064 | G4: =L_r!G4/L_r!$H4 -> 0.25231689 | J4: Principado de Asturias | K4: =L_r!M4/L_r!$S4 -> 0.043466807 | L4: =L_r!N4/L_r!$S4 -> 0.14963119 | M4: =L_r!O4/L_r!$S4 -> 0.080084299 | N4: =L_r!P4/L_r!$S4 -> 0.30321391 | O4: =L_r!Q4/L_r!$S4 -> 0.11222339 | P4: =L_r!R4/L_r!$S4 -> 0.3113804
A5: Cantabria | B5: =L_r!B5/L_r!$H5 -> 0.082299887 | C5: =L_r!C5/L_r!$H5 -> 0.22322435 | D5: =L_r!D5/L_r!$H5 -> 0.132469 | E5: =L_r!E5/L_r!$H5 -> 0.27677565 | F5: =L_r!F5/L_r!$H5 -> 0.06313416 | G5: =L_r!G5/L_r!$H5 -> 0.22209696 | J5: Cantabria | K5: =L_r!M5/L_r!$S5 -> 0.031074666 | L5: =L_r!N5/L_r!$S5 -> 0.16400518 | M5: =L_r!O5/L_r!$S5 -> 0.075097108 | N5: =L_r!P5/L_r!$S5 -> 0.3081571 | O5: =L_r!Q5/L_r!$S5 -> 0.11868796 | P5: =L_r!R5/L_r!$S5 -> 0.30297799
A6: País Vasco | B6: =L_r!B6/L_r!$H6 -> 0.020952145 | C6: =L_r!C6/L_r!$H6 -> 0.29382594 | D6: =L_r!D6/L_r!$H6 -> 0.095090503 | E6: =L_r!E6/L_r!$H6 -> 0.25365733 | F6: =L_r!F6/L_r!$H6 -> 0.09657823 | G6: =L_r!G6/L_r!$H6 -> 0.23989586 | J6: País Vasco | K6: =L_r!M6/L_r!$S6 -> 0.012707613 | L6: =L_r!N6/L_r!$S6 -> 0.20655445 | M6: =L_r!O6/L_r!$S6 -> 0.061977483 | N6: =L_r!P6/L_r!$S6 -> 0.26986958 | O6: =L_r!Q6/L_r!$S6 -> 0.13900346 | P6: =L_r!R6/L_r!$S6 -> 0.30988742
A7: Comunidad Foral de Navarra | B7: =L_r!B7/L_r!$H7 -> 0.075955056 | C7: =L_r!C7/L_r!$H7 -> 0.2988764 | D7: =L_r!D7/L_r!$H7 -> 0.093483146 | E7: =L_r!E7/L_r!$H7 -> 0.21752809 | F7: =L_r!F7/L_r!$H7 -> 0.079550562 | G7: =L_r!G7/L_r!$H7 -> 0.23460674 | J7: Comunidad Foral de Navarra | K7: =L_r!M7/L_r!$S7 -> 0.034391534 | L7: =L_r!N7/L_r!$S7 -> 0.25774754 | M7: =L_r!O7/L_r!$S7 -> 0.067271353 | N7: =L_r!P7/L_r!$S7 -> 0.24792139 | O7: =L_r!Q7/L_r!$S7 -> 0.10619803 | P7: =L_r!R7/L_r!$S7 -> 0.28647014
A8: La Rioja | B8: =L_r!B8/L_r!$H8 -> 0.10752688 | C8: =L_r!C8/L_r!$H8 -> 0.33528837 | D8: =L_r!D8/L_r!$H8 -> 0.090909091 | E8: =L_r!E8/L_r!$H8 -> 0.21407625 | F8: =L_r!F8/L_r!$H8 -> 0.079178886 | G8: =L_r!G8/L_r!$H8 -> 0.17302053 | J8: La Rioja | K8: =L_r!M8/L_r!$S8 -> 0.055111821 | L8: =L_r!N8/L_r!$S8 -> 0.24041534 | M8: =L_r!O8/L_r!$S8 -> 0.093450479 | N8: =L_r!P8/L_r!$S8 -> 0.23881789 | O8: =L_r!Q8/L_r!$S8 -> 0.094249201 | P8: =L_r!R8/L_r!$S8 -> 0.27795527
A9: Aragón | B9: =L_r!B9/L_r!$H9 -> 0.08054138 | C9: =L_r!C9/L_r!$H9 -> 0.2564899 | D9: =L_r!D9/L_r!$H9 -> 0.078544486 | E9: =L_r!E9/L_r!$H9 -> 0.25759929 | F9: =L_r!F9/L_r!$H9 -> 0.088085201 | G9: =L_r!G9/L_r!$H9 -> 0.23873974 | J9: Aragón | K9: =L_r!M9/L_r!$S9 -> 0.057639017 | L9: =L_r!N9/L_r!$S9 -> 0.18196933 | M9: =L_r!O9/L_r!$S9 -> 0.068538703 | N9: =L_r!P9/L_r!$S9 -> 0.27840384 | O9: =L_r!Q9/L_r!$S9 -> 0.1101053 | P9: =L_r!R9/L_r!$S9 -> 0.3033438
A10: Comunidad de Madrid | B10: =L_r!B10/L_r!$H10 -> 0.0096252005 | C10: =L_r!C10/L_r!$H10 -> 0.16780905 | D10: =L_r!D10/L_r!$H10 -> 0.090029653 | E10: =L_r!E10/L_r!$H10 -> 0.27368626 | F10: =L_r!F10/L_r!$H10 -> 0.17140635 | G10: =L_r!G10/L_r!$H10 -> 0.28744349 | J10: Comunidad de Madrid | K10: =L_r!M10/L_r!$S10 -> 0.0028737697 | L10: =L_r!N10/L_r!$S10 -> 0.09619944 | M10: =L_r!O10/L_r!$S10 -> 0.049249228 | N10: =L_r!P10/L_r!$S10 -> 0.32304763 | O10: =L_r!Q10/L_r!$S10 -> 0.20026582 | P10: =L_r!R10/L_r!$S10 -> 0.32836411
A11: Castilla y León | B11: =L_r!B11/L_r!$H11 -> 0.10728555 | C11: =L_r!C11/L_r!$H11 -> 0.18730905 | D11: =L_r!D11/L_r!$H11 -> 0.10963572 | E11: =L_r!E11/L_r!$H11 -> 0.26028202 | F11: =L_r!F11/L_r!$H11 -> 0.075558167 | G11: =L_r!G11/L_r!$H11 -> 0.25992949 | J11: Castilla y León | K11: =L_r!M11/L_r!$S11 -> 0.071934087 | L11: =L_r!N11/L_r!$S11 -> 0.1583395 | M11: =L_r!O11/L_r!$S11 -> 0.082708355 | N11: =L_r!P11/L_r!$S11 -> 0.28435618 | O11: =L_r!Q11/L_r!$S11 -> 0.093799514 | P11: =L_r!R11/L_r!$S11 -> 0.30886236
A12: Castilla-La Mancha | B12: =L_r!B12/L_r!$H12 -> 0.11212854 | C12: =L_r!C12/L_r!$H12 -> 0.20542502 | D12: =L_r!D12/L_r!$H12 -> 0.14167243 | E12: =L_r!E12/L_r!$H12 -> 0.25932965 | F12: =L_r!F12/L_r!$H12 -> 0.055459572 | G12: =L_r!G12/L_r!$H12 -> 0.2259848 | J12: Castilla-La Mancha | K12: =L_r!M12/L_r!$S12 -> 0.070697288 | L12: =L_r!N12/L_r!$S12 -> 0.16768124 | M12: =L_r!O12/L_r!$S12 -> 0.085915883 | N12: =L_r!P12/L_r!$S12 -> 0.28569452 | O12: =L_r!Q12/L_r!$S12 -> 0.092280022 | P12: =L_r!R12/L_r!$S12 -> 0.29773105
A13: Extremadura | B13: =L_r!B13/L_r!$H13 -> 0.1492155 | C13: =L_r!C13/L_r!$H13 -> 0.11399296 | D13: =L_r!D13/L_r!$H13 -> 0.14537304 | E13: =L_r!E13/L_r!$H13 -> 0.28081972 | F13: =L_r!F13/L_r!$H13 -> 0.055075248 | G13: =L_r!G13/L_r!$H13 -> 0.25552354 | J13: Extremadura | K13: =L_r!M13/L_r!$S13 -> 0.11045306 | L13: =L_r!N13/L_r!$S13 -> 0.11430264 | M13: =L_r!O13/L_r!$S13 -> 0.085875037 | N13: =L_r!P13/L_r!$S13 -> 0.2531833 | O13: =L_r!Q13/L_r!$S13 -> 0.073437963 | P13: =L_r!R13/L_r!$S13 -> 0.362748
A14: Cataluña | B14: =L_r!B14/L_r!$H14 -> 0.032470028 | C14: =L_r!C14/L_r!$H14 -> 0.2788964 | D14: =L_r!D14/L_r!$H14 -> 0.09333692 | E14: =L_r!E14/L_r!$H14 -> 0.27067322 | F14: =L_r!F14/L_r!$H14 -> 0.10440363 | G14: =L_r!G14/L_r!$H14 -> 0.2202198 | J14: Cataluña | K14: =L_r!M14/L_r!$S14 -> 0.018165456 | L14: =L_r!N14/L_r!$S14 -> 0.18665422 | M14: =L_r!O14/L_r!$S14 -> 0.065428971 | N14: =L_r!P14/L_r!$S14 -> 0.3129458 | O14: =L_r!Q14/L_r!$S14 -> 0.13675755 | P14: =L_r!R14/L_r!$S14 -> 0.280048
... A21: Canarias | B21: =L_r!B21/L_r!$H21 -> 0.062610371 | C21: =L_r!C21/L_r!$H21 -> 0.071600578 | D21: =L_r!D21/L_r!$H21 -> 0.12714721 | E21: =L_r!E21/L_r!$H21 -> 0.40953604 | F21: =L_r!F21/L_r!$H21 -> 0.077861615 | G21: =L_r!G21/L_r!$H21 -> 0.25124418 | J21: Canarias | K21: =L_r!M21/L_r!$S21 -> 0.027494215 | L21: =L_r!N21/L_r!$S21 -> 0.051177351 | M21: =L_r!O21/L_r!$S21 -> 0.05879951 | N21: =L_r!P21/L_r!$S21 -> 0.44821015 | O21: =L_r!Q21/L_r!$S21 -> 0.11719069 | P21: =L_r!R21/L_r!$S21 -> 0.29712808

Sheet IPW_r
A1: p1 | K1: p2
B2: a-b | C2: c-e | D2: f | E2: g-i | F2: j-k | G2: l-q | H2: IPW (1999-2011) | L2: a-b | M2: c-e | N2: f | O2: g-i | P2: j-k | Q2: l-q | R2: IPW (2012-2019)
A3: Galicia | B3: =s_ri!B3*shock_i!$E$2 -> 36.329351 | C3: =shock_i!$E$3*s_ri!C3 -> 1374.6605 | D3: =s_ri!D3*shock_i!$E$4 -> 0 | E3: =s_ri!E3*shock_i!$E$5 -> 0 | F3: =s_ri!F3*shock_i!$E$6 -> 0.0082424678 | G3: =s_ri!G3*shock_i!$E$7 -> 1.5305421 | H3: =SUM(B3:G3)/1000 -> 1.4125286 | K3: Galicia | L3: =s_ri!K3*shock_i!$E$8 -> 7.9824898 | M3: =s_ri!L3*shock_i!$E$9 -> 622.25598 | N3: =s_ri!M3*shock_i!$E$10 -> 0 | O3: =s_ri!E3*shock_i!$E$11 -> 0 | P3: =s_ri!O3*shock_i!$E$12 -> 0.0039559532 | Q3: =shock_i!$E$13*s_ri!P3 -> -0.082182132 | R3: =SUM(L3:Q3)/1000 -> 0.63016024
A4: Principado de Asturias | B4: =s_ri!B4*shock_i!$E$2 -> 18.992384 | C4: =shock_i!$E$3*s_ri!C4 -> 1500.199 | D4: =s_ri!D4*shock_i!$E$4 -> 0 | E4: =s_ri!E4*shock_i!$E$5 -> 0 | F4: =s_ri!F4*shock_i!$E$6 -> 0.0091567198 | G4: =s_ri!G4*shock_i!$E$7 -> 1.7922884 | H4: =SUM(B4:G4)/1000 -> 1.5209929 | K4: Principado de Asturias | L4: =s_ri!K4*shock_i!$E$8 -> 4.641553 | M4: =s_ri!L4*shock_i!$E$9 -> 586.76176 | N4: =s_ri!M4*shock_i!$E$10 -> 0 | O4: =s_ri!E4*shock_i!$E$11 -> 0 | P4: =s_ri!O4*shock_i!$E$12 -> 0.0044156228 | Q4: =shock_i!$E$13*s_ri!P4 -> -0.087157196 | R4: =SUM(L4:Q4)/1000 -> 0.59132057
A5: Cantabria | B5: =s_ri!B5*shock_i!$E$2 -> 16.811809 | C5: =shock_i!$E$3*s_ri!C5 -> 1657.0663 | D5: =s_ri!D5*shock_i!$E$4 -> 0 | E5: =s_ri!E5*shock_i!$E$5 -> 0 | F5: =s_ri!F5*shock_i!$E$6 -> 0.0081938584 | G5: =s_ri!G5*shock_i!$E$7 -> 1.5776264 | H5: =SUM(B5:G5)/1000 -> 1.6754639 | K5: Cantabria | L5: =s_ri!K5*shock_i!$E$8 -> 3.3182724 | M5: =s_ri!L5*shock_i!$E$9 -> 643.12773 | N5: =s_ri!M5*shock_i!$E$10 -> 0 | O5: =s_ri!E5*shock_i!$E$11 -> 0 | P5: =s_ri!O5*shock_i!$E$12 -> 0.0046699823 | Q5: =shock_i!$E$13*s_ri!P5 -> -0.084805312 | R5: =SUM(L5:Q5)/1000 -> 0.64636587
A6: País Vasco | B6: =s_ri!B6*shock_i!$E$2 -> 4.2799993 | C6: =shock_i!$E$3*s_ri!C6 -> 2181.1646 | D6: =s_ri!D6*shock_i!$E$4 -> 0 | E6: =s_ri!E6*shock_i!$E$5 -> 0 | F6: =s_ri!F6*shock_i!$E$6 -> 0.012534392 | G6: =s_ri!G6*shock_i!$E$7 -> 1.7040578 | H6: =SUM(B6:G6)/1000 -> 2.1871612 | K6: País Vasco | L6: =s_ri!K6*shock_i!$E$8 -> 1.3569679 | M6: =s_ri!L6*shock_i!$E$9 -> 809.97989 | N6: =s_ri!M6*shock_i!$E$10 -> 0 | O6: =s_ri!E6*shock_i!$E$11 -> 0 | P6: =s_ri!O6*shock_i!$E$12 -> 0.0054693306 | Q6: =shock_i!$E$13*s_ri!P6 -> -0.086739301 | R6: =SUM(L6:Q6)/1000 -> 0.81125559
A7: Comunidad Foral de Navarra | B7: =s_ri!B7*shock_i!$E$2 -> 15.515719 | C7: =shock_i!$E$3*s_ri!C7 -> 2218.6558 | D7: =s_ri!D7*shock_i!$E$4 -> 0 | E7: =s_ri!E7*shock_i!$E$5 -> 0 | F7: =s_ri!F7*shock_i!$E$6 -> 0.010324459 | G7: =s_ri!G7*shock_i!$E$7 -> 1.6664875 | H7: =SUM(B7:G7)/1000 -> 2.2358483 | K7: Comunidad Foral de Navarra | L7: =s_ri!K7*shock_i!$E$8 -> 3.6724604 | M7: =s_ri!L7*shock_i!$E$9 -> 1010.7278 | N7: =s_ri!M7*shock_i!$E$10 -> 0 | O7: =s_ri!E7*shock_i!$E$11 -> 0 | P7: =s_ri!O7*shock_i!$E$12 -> 0.0041785447 | Q7: =shock_i!$E$13*s_ri!P7 -> -0.08018467 | R7: =SUM(L7:Q7)/1000 -> 1.0143242
A8: La Rioja | B8: =s_ri!B8*shock_i!$E$2 -> 21.965053 | C8: =shock_i!$E$3*s_ri!C8 -> 2488.9535 | D8: =s_ri!D8*shock_i!$E$4 -> 0 | E8: =s_ri!E8*shock_i!$E$5 -> 0 | F8: =s_ri!F8*shock_i!$E$6 -> 0.010276221 | G8: =s_ri!G8*shock_i!$E$7 -> 1.2290207 | H8: =SUM(B8:G8)/1000 -> 2.5121579 | K8: La Rioja | L8: =s_ri!K8*shock_i!$E$8 -> 5.8850524 | M8: =s_ri!L8*shock_i!$E$9 -> 942.7615 | N8: =s_ri!M8*shock_i!$E$10 -> 0 | O8: =s_ri!E8*shock_i!$E$11 -> 0 | P8: =s_ri!O8*shock_i!$E$12 -> 0.0037083973 | Q8: =shock_i!$E$13*s_ri!P8 -> -0.077801307 | R8: =SUM(L8:Q8)/1000 -> 0.94857246
A9: Aragón | B9: =s_ri!B9*shock_i!$E$2 -> 16.45259 | C9: =shock_i!$E$3*s_ri!C9 -> 1904.0072 | D9: =s_ri!D9*shock_i!$E$4 -> 0 | E9: =s_ri!E9*shock_i!$E$5 -> 0 | F9: =s_ri!F9*shock_i!$E$6 -> 0.011432126 | G9: =s_ri!G9*shock_i!$E$7 -> 1.6958455 | H9: =SUM(B9:G9)/1000 -> 1.922167 | K9: Aragón | L9: =s_ri!K9*shock_i!$E$8 -> 6.1549161 | M9: =s_ri!L9*shock_i!$E$9 -> 713.57213 | N9: =s_ri!M9*shock_i!$E$10 -> 0 | O9: =s_ri!E9*shock_i!$E$11 -> 0 | P9: =s_ri!O9*shock_i!$E$12 -> 0.0043322829 | Q9: =shock_i!$E$13*s_ri!P9 -> -0.084907705 | R9: =SUM(L9:Q9)/1000 -> 0.71964647
A10: Comunidad de Madrid | B10: =s_ri!B10*shock_i!$E$2 -> 1.9661878 | C10: =shock_i!$E$3*s_ri!C10 -> 1245.7006 | D10: =s_ri!D10*shock_i!$E$4 -> 0 | E10: =s_ri!E10*shock_i!$E$5 -> 0 | F10: =s_ri!F10*shock_i!$E$6 -> 0.02224595 | G10: =s_ri!G10*shock_i!$E$7 -> 2.041804 | H10: =SUM(B10:G10)/1000 -> 1.2497309 | K10: Comunidad de Madrid | L10: =s_ri!K10*shock_i!$E$8 -> 0.30687219 | M10: =s_ri!L10*shock_i!$E$9 -> 377.2352 | N10: =s_ri!M10*shock_i!$E$10 -> 0 | O10: =s_ri!E10*shock_i!$E$11 -> 0 | P10: =s_ri!O10*shock_i!$E$12 -> 0.0078798041 | Q10: =shock_i!$E$13*s_ri!P10 -> -0.091911035 | R10: =SUM(L10:Q10)/1000 -> 0.37745805
A11: Castilla y León | B11: =s_ri!B11*shock_i!$E$2 -> 21.915755 | C11: =shock_i!$E$3*s_ri!C11 -> 1390.4554 | D11: =s_ri!D11*shock_i!$E$4 -> 0 | E11: =s_ri!E11*shock_i!$E$5 -> 0 | F11: =s_ri!F11*shock_i!$E$6 -> 0.0098063064 | G11: =s_ri!G11*shock_i!$E$7 -> 1.8463632 | H11: =SUM(B11:G11)/1000 -> 1.4142273 | K11: Castilla y León | L11: =s_ri!K11*shock_i!$E$8 -> 7.6813987 | M11: =s_ri!L11*shock_i!$E$9 -> 620.91039 | N11: =s_ri!M11*shock_i!$E$10 -> 0 | O11: =s_ri!E11*shock_i!$E$11 -> 0 | P11: =s_ri!O11*shock_i!$E$12 -> 0.0036907036 | Q11: =shock_i!$E$13*s_ri!P11 -> -0.086452383 | R11: =SUM(L11:Q11)/1000 -> 0.62850903
A12: Castilla-La Mancha | B12: =s_ri!B12*shock_i!$E$2 -> 22.905057 | C12: =shock_i!$E$3*s_ri!C12 -> 1524.9361 | D12: =s_ri!D12*shock_i!$E$4 -> 0 | E12: =s_ri!E12*shock_i!$E$5 -> 0 | F12: =s_ri!F12*shock_i!$E$6 -> 0.0071978129 | G12: =s_ri!G12*shock_i!$E$7 -> 1.605243 | H12: =SUM(B12:G12)/1000 -> 1.5494536 | K12: Castilla-La Mancha | L12: =s_ri!K12*shock_i!$E$8 -> 7.5493286 | M12: =s_ri!L12*shock_i!$E$9 -> 657.54299 | N12: =s_ri!M12*shock_i!$E$10 -> 0 | O12: =s_ri!E12*shock_i!$E$11 -> 0 | P12: =s_ri!O12*shock_i!$E$12 -> 0.0036309165 | Q12: =shock_i!$E$13*s_ri!P12 -> -0.083336662 | R12: =SUM(L12:Q12)/1000 -> 0.66501261
A13: Extremadura | B13: =s_ri!B13*shock_i!$E$2 -> 30.480995 | C13: =shock_i!$E$3*s_ri!C13 -> 846.20643 | D13: =s_ri!D13*shock_i!$E$4 -> 0 | E13: =s_ri!E13*shock_i!$E$5 -> 0 | F13: =s_ri!F13*shock_i!$E$6 -> 0.0071479336 | G13: =s_ri!G13*shock_i!$E$7 -> 1.8150662 | H13: =SUM(B13:G13)/1000 -> 0.87850963 | K13: Extremadura | L13: =s_ri!K13*shock_i!$E$8 -> 11.794603 | M13: =s_ri!L13*shock_i!$E$9 -> 448.22484 | N13: =s_ri!M13*shock_i!$E$10 -> 0 | O13: =s_ri!E13*shock_i!$E$11 -> 0 | P13: =s_ri!O13*shock_i!$E$12 -> 0.0028895432 | Q13: =shock_i!$E$13*s_ri!P13 -> -0.10153529 | R13: =SUM(L13:Q13)/1000 -> 0.45992079
A14: Cataluña | B14: =s_ri!B14*shock_i!$E$2 -> 6.6328148 | C14: =shock_i!$E$3*s_ri!C14 -> 2070.3378 | D14: =s_ri!D14*shock_i!$E$4 -> 0 | E14: =s_ri!E14*shock_i!$E$5 -> 0 | F14: =s_ri!F14*shock_i!$E$6 -> 0.013550011 | G14: =s_ri!G14*shock_i!$E$7 -> 1.5642924 | H14: =SUM(B14:G14)/1000 -> 2.0785485 | K14: Cataluña | L14: =s_ri!K14*shock_i!$E$8 -> 1.9397773 | M14: =s_ri!L14*shock_i!$E$9 -> 731.94339 | N14: =s_ri!M14*shock_i!$E$10 -> 0 | O14: =s_ri!E14*shock_i!$E$11 -> 0 | P14: =s_ri!O14*shock_i!$E$12 -> 0.0053809615 | Q14: =shock_i!$E$13*s_ri!P14 -> -0.078387073 | R14: =SUM(L14:Q14)/1000 -> 0.73381016
... A21: Canarias | B21: =s_ri!B21*shock_i!$E$2 -> 12.789733 | C21: =shock_i!$E$3*s_ri!C21 -> 531.51415 | D21: =s_ri!D21*shock_i!$E$4 -> 0 | E21: =s_ri!E21*shock_i!$E$5 -> 0 | F21: =s_ri!F21*shock_i!$E$6 -> 0.010105259 | G21: =s_ri!G21*shock_i!$E$7 -> 1.7846686 | H21: =SUM(B21:G21)/1000 -> 0.54609866 | K21: Canarias | L21: =s_ri!K21*shock_i!$E$8 -> 2.9359381 | M21: =s_ri!L21*shock_i!$E$9 -> 200.68619 | N21: =s_ri!M21*shock_i!$E$10 -> 0 | O21: =s_ri!E21*shock_i!$E$11 -> 0 | P21: =s_ri!O21*shock_i!$E$12 -> 0.0046110697 | Q21: =shock_i!$E$13*s_ri!P21 -> -0.083167888 | R21: =SUM(L21:Q21)/1000 -> 0.20354357

Sheet import OC
A1: Australia | E1: Finland | I1: Japan | M1: Norway | Q1: New Zealand | U1: Sweden
A2: year | B2: industry | C2: import | E2: year | F2: industry | G2: import | I2: year | J2: industry | K2: import | M2: year | N2: industry | O2: import | Q2: year | R2: industry | S2: import | U2: year | V2: industry | W2: import
A3: 1999 | B3: a-b | C3: 31366299 | E3: 1999 | F3: a-b | G3: 1907415 | I3: 1999 | J3: a-b | K3: 1643501884 | M3: 1999 | N3: a-b | O3: 1125099 | Q3: 1999 | R3: a-b | S3: 8132064 | U3: 1999 | V3: a-b | W3: 1414721
A4: 1999 | B4: c-e | C4: 4170822649 | E4: 1999 | F4: c-e | G4: 723830435 | I4: 1999 | J4: c-e | K4: 40528188750 | M4: 1999 | N4: c-e | O4: 920711827 | Q4: 1999 | R4: c-e | S4: 745304253 | U4: 1999 | V4: c-e | W4: 757645750
A5: 1999 | B5: f | C5: 0 | E5: 1999 | F5: f | G5: 0 | I5: 1999 | J5: f | K5: 0 | M5: 1999 | N5: f | O5: 0 | Q5: 1999 | R5: f | S5: 0 | U5: 1999 | V5: f | W5: 0
A6: 1999 | B6: g-i | C6: 0 | E6: 1999 | F6: g-i | G6: 0 | I6: 1999 | J6: g-i | K6: 0 | M6: 1999 | N6: g-i | O6: 0 | Q6: 1999 | R6: g-i | S6: 0 | U6: 1999 | V6: g-i | W6: 0
A7: 1999 | B7: j-k | C7: 13735 | E7: 1999 | F7: j-k | G7: 0 | I7: 1999 | J7: j-k | K7: 399015 | M7: 1999 | N7: j-k | O7: 4382 | Q7: 1999 | R7: j-k | S7: 0 | U7: 1999 | V7: j-k | W7: 1451
A8: 1999 | B8: l-q | C8: 11992818 | E8: 1999 | F8: l-q | G8: 916058 | I8: 1999 | J8: l-q | K8: 313452422 | M8: 1999 | N8: l-q | O8: 310766 | Q8: 1999 | R8: l-q | S8: 1466967 | U8: 1999 | V8: l-q | W8: 2039185
A9: 2011 | B9: a-b | C9: 126210268 | E9: 2011 | F9: a-b | G9: 2661830 | I9: 2011 | J9: a-b | K9: 1871215480 | M9: 2011 | N9: a-b | O9: 14453257 | Q9: 2011 | R9: a-b | S9: 23104718 | U9: 2011 | V9: a-b | W9: 10454215
A10: 2011 | B10: c-e | C10: 42571628341 | E10: 2011 | F10: c-e | G10: 3030544423 | I10: 2011 | J10: c-e | K10: 178004922182 | M10: 2011 | N10: c-e | O10: 8239528662 | Q10: 2011 | R10: c-e | S10: 5.8354693e+09 | U10: 2011 | V10: c-e | W10: 6831335381
A11: 2011 | B11: f | C11: 0 | E11: 2011 | F11: f | G11: 0 | I11: 2011 | J11: f | K11: 0 | M11: 2011 | N11: f | O11: 0 | Q11: 2011 | R11: f | S11: 0 | U11: 2011 | V11: f | W11: 0
A12: 2011 | B12: g-i | C12: 0 | E12: 2011 | F12: g-i | G12: 0 | I12: 2011 | J12: g-i | K12: 0 | M12: 2011 | N12: g-i | O12: 0 | Q12: 2011 | R12: g-i | S12: 0 | U12: 2011 | V12: g-i | W12: 0
A13: 2011 | B13: j-k | C13: 12361 | E13: 2011 | F13: j-k | G13: 2351 | I13: 2011 | J13: j-k | K13: 761578 | M13: 2011 | N13: j-k | O13: 2049 | Q13: 2011 | R13: j-k | S13: 119105.48 | U13: 2011 | V13: j-k | W13: 1541
A14: 2011 | B14: l-q | C14: 13383600 | E14: 2011 | F14: l-q | G14: 2764490 | I14: 2011 | J14: l-q | K14: 598610981 | M14: 2011 | N14: l-q | O14: 32414433 | Q14: 2011 | R14: l-q | S14: 2539302.1 | U14: 2011 | V14: l-q | W14: 3199406
... A26: 2019 | B26: l-q | C26: 16244423 | E26: 2019 | F26: l-q | G26: 127890.12 | I26: 2019 | J26: l-q | K26: 7844738.1 | M26: 2019 | N26: l-q | O26: 346564.79 | Q26: 2019 | R26: l-q | S26: 953593.05 | U26: 2019 | V26: l-q | W26: 791047.17
A28: period | B28: industry | C28: delta_M | E28: period | F28: industry | G28: delta_M | I28: period | J28: industry | K28: delta_M | M28: period | N28: industry | O28: delta_M | Q28: period | R28: industry | S28: delta_M | U28: period | V28: industry | W28: delta_M
A29: 1999-2011 | B29: a-b | C29: =C9-C3 -> 94843969 | E29: 1999-2011 | F29: a-b | G29: =G9-G3 -> 754415 | I29: 1999-2011 | J29: a-b | K29: =K9-K3 -> 227713596 | M29: 1999-2011 | N29: a-b | O29: =O9-O3 -> 13328158 | Q29: 1999-2011 | R29: a-b | S29: =S9-S3 -> 14972654 | U29: 1999-2011 | V29: a-b | W29: =W9-W3 -> 9039494
A30: 1999-2011 | B30: c-e | C30: =C10-C4 -> 38400805692 | E30: 1999-2011 | F30: c-e | G30: =G10-G4 -> 2306713988 | I30: 1999-2011 | J30: c-e | K30: =K10-K4 -> 137476733432 | M30: 1999-2011 | N30: c-e | O30: =O10-O4 -> 7318816835 | Q30: 1999-2011 | R30: c-e | S30: =S10-S4 -> 5.0901651e+09 | U30: 1999-2011 | V30: c-e | W30: =W10-W4 -> 6073689631
A31: 1999-2011 | B31: f | C31: =C11-C5 -> 0 | E31: 1999-2011 | F31: f | G31: =G11-G5 -> 0 | I31: 1999-2011 | J31: f | K31: =K11-K5 -> 0 | M31: 1999-2011 | N31: f | O31: =O11-O5 -> 0 | Q31: 1999-2011 | R31: f | S31: =S11-S5 -> 0 | U31: 1999-2011 | V31: f | W31: =W11-W5 -> 0
A32: 1999-2011 | B32: g-i | C32: =C12-C6 -> 0 | E32: 1999-2011 | F32: g-i | G32: =G12-G6 -> 0 | I32: 1999-2011 | J32: g-i | K32: =K12-K6 -> 0 | M32: 1999-2011 | N32: g-i | O32: =O12-O6 -> 0 | Q32: 1999-2011 | R32: g-i | S32: =S12-S6 -> 0 | U32: 1999-2011 | V32: g-i | W32: =W12-W6 -> 0
A33: 1999-2011 | B33: j-k | C33: =C13-C7 -> -1374 | E33: 1999-2011 | F33: j-k | G33: =G13-G7 -> 2351 | I33: 1999-2011 | J33: j-k | K33: =K13-K7 -> 362563 | M33: 1999-2011 | N33: j-k | O33: =O13-O7 -> -2333 | Q33: 1999-2011 | R33: j-k | S33: =S13-S7 -> 119105.48 | U33: 1999-2011 | V33: j-k | W33: =W13-W7 -> 90
A34: 1999-2011 | B34: l-q | C34: =C14-C8 -> 1390782 | E34: 1999-2011 | F34: l-q | G34: =G14-G8 -> 1848432 | I34: 1999-2011 | J34: l-q | K34: =K14-K8 -> 285158559 | M34: 1999-2011 | N34: l-q | O34: =O14-O8 -> 32103667 | Q34: 1999-2011 | R34: l-q | S34: =S14-S8 -> 1072335.1 | U34: 1999-2011 | V34: l-q | W34: =W14-W8 -> 1160221
A35: 2012-2019 | B35: a-b | C35: =C21-C15 -> 33751430 | E35: 2012-2019 | F35: a-b | G35: =G21-G15 -> 116933.34 | I35: 2012-2019 | J35: a-b | K35: =K21-K15 -> -2.6543456e+08 | M35: 2012-2019 | N35: a-b | O35: =O21-O15 -> 4261096.3 | Q35: 2012-2019 | R35: a-b | S35: =S21-S15 -> 13832956 | U35: 2012-2019 | V35: a-b | W35: =W21-W15 -> 5051225.7
A36: 2012-2019 | B36: c-e | C36: =C22-C16 -> 1.13132e+10 | E36: 2012-2019 | F36: c-e | G36: =G22-G16 -> -4.23857e+08 | I36: 2012-2019 | J36: c-e | K36: =K22-K16 -> -1.8174415e+10 | M36: 2012-2019 | N36: c-e | O36: =O22-O16 -> 6.6895909e+08 | Q36: 2012-2019 | R36: c-e | S36: =S22-S16 -> 2.2382646e+09 | U36: 2012-2019 | V36: c-e | W36: =W22-W16 -> 1.6071349e+09
A37: 2012-2019 | B37: f | C37: =C23-C17 -> 0 | E37: 2012-2019 | F37: f | G37: =G23-G17 -> 0 | I37: 2012-2019 | J37: f | K37: =K23-K17 -> 0 | M37: 2012-2019 | N37: f | O37: =O23-O17 -> 0 | Q37: 2012-2019 | R37: f | S37: =S23-S17 -> 0 | U37: 2012-2019 | V37: f | W37: =W23-W17 -> 0
A38: 2012-2019 | B38: g-i | C38: =C24-C18 -> 0 | E38: 2012-2019 | F38: g-i | G38: =G24-G18 -> 0 | I38: 2012-2019 | J38: g-i | K38: =K24-K18 -> 0 | M38: 2012-2019 | N38: g-i | O38: =O24-O18 -> 0 | Q38: 2012-2019 | R38: g-i | S38: =S24-S18 -> 0 | U38: 2012-2019 | V38: g-i | W38: =W24-W18 -> 0
A39: 2012-2019 | B39: j-k | C39: =C25-C19 -> -16866.495 | E39: 2012-2019 | F39: j-k | G39: =G25-G19 -> 5974.449 | I39: 2012-2019 | J39: j-k | K39: =K25-K19 -> 353490.37 | M39: 2012-2019 | N39: j-k | O39: =O25-O19 -> -33543.559 | Q39: 2012-2019 | R39: j-k | S39: =S25-S19 -> -81522.771 | U39: 2012-2019 | V39: j-k | W39: =W25-W19 -> 1830.964
A40: 2012-2019 | B40: l-q | C40: =C26-C20 -> 10823487 | E40: 2012-2019 | F40: l-q | G40: =G26-G20 -> -49944.884 | I40: 2012-2019 | J40: l-q | K40: =K26-K20 -> 3868789.1 | M40: 2012-2019 | N40: l-q | O40: =O26-O20 -> -830318.21 | Q40: 2012-2019 | R40: l-q | S40: =S26-S20 -> -413354.35 | U40: 2012-2019 | V40: l-q | W40: =W26-W20 -> -622979.37

Sheet delta_M_OC
A1: period | B1: industry | C1: delta_M_OC
A2: 1999-2011 | B2: a-b | C2: 3.6065229e+08
A3: 1999-2011 | B3: c-e | C3: 1.9666692e+11
A4: 1999-2011 | B4: f | C4: 0
A5: 1999-2011 | B5: g-i | C5: 0
A6: 1999-2011 | B6: j-k | C6: 486074.48
A7: 1999-2011 | B7: l-q | C7: -9328676.7
A8: 2012-2019 | B8: a-b | C8: -2.0842092e+08
A9: 2012-2019 | B9: c-e | C9: -2.7707047e+09
A10: 2012-2019 | B10: f | C10: 0
A11: 2012-2019 | B11: g-i | C11: 0
A12: 2012-2019 | B12: j-k | C12: 229362.95
A13: 2012-2019 | B13: l-q | C13: 12775679

Sheet shock_OC
A1: period | B1: industry | C1: L_i0 | D1: delta_M_OC | E1: shock_OC
A2: 1999-2011 | B2: a-b | C2: =L_i!C2 -> 1027100 | D2: =delta_M_OC!C2 -> 3.6065229e+08 | E2: =D2/C2 -> 351.13649
A3: 1999-2011 | B3: c-e | C3: =L_i!C3 -> 2937100 | D3: =delta_M_OC!C3 -> 1.9666692e+11 | E3: =D3/C3 -> 66959.56
A4: 1999-2011 | B4: f | C4: =L_i!C4 -> 1536700 | D4: =delta_M_OC!C4 -> 0 | E4: =D4/C4 -> 0
A5: 1999-2011 | B5: g-i | C5: =L_i!C5 -> 4127900 | D5: =delta_M_OC!C5 -> 0 | E5: =D5/C5 -> 0
A6: 1999-2011 | B6: j-k | C6: =L_i!C6 -> 1385100 | D6: =delta_M_OC!C6 -> 486074.48 | E6: =D6/C6 -> 0.35093097
A7: 1999-2011 | B7: l-q | C7: =L_i!C7 -> 3496000 | D7: =delta_M_OC!C7 -> -9328676.7 | E7: =D7/C7 -> -2.6683858
A8: 2012-2019 | B8: a-b | C8: =L_i!C14 -> 729700 | D8: =delta_M_OC!C8 -> -2.0842092e+08 | E8: =D8/C8 -> -285.62549
A9: 2012-2019 | B9: c-e | C9: =L_i!C15 -> 2469300 | D9: =delta_M_OC!C9 -> -2.7707047e+09 | E9: =D9/C9 -> -1122.0608
A10: 2012-2019 | B10: f | C10: =L_i!C16 -> 1154300 | D10: =delta_M_OC!C10 -> 0 | E10: =D10/C10 -> 0
A11: 2012-2019 | B11: g-i | C11: =L_i!C17 -> 1385100 | D11: =delta_M_OC!C11 -> 0 | E11: =D11/C11 -> 0
A12: 2012-2019 | B12: j-k | C12: =L_i!C18 -> 2263900 | D12: =delta_M_OC!C12 -> 229362.95 | E12: =D12/C12 -> 0.1013132
A13: 2012-2019 | B13: l-q | C13: =L_i!C19 -> 5317500 | D13: =delta_M_OC!C13 -> 12775679 | E13: =D13/C13 -> 2.4025725

Sheet IPW_OC
A1: p1 | K1: p2
B2: a-b | C2: c-e | D2: f | E2: g-i | F2: j-k | G2: l-q | H2: IPW_OC (1999-2011) | L2: a-b | M2: c-e | N2: f | O2: g-i | P2: j-k | Q2: l-q | R2: IPW_OC (2012-2019)
A3: Ile de France | B3: =shock_OC!$E$2*s_ri!B3 -> 62.447979 | C3: =shock_OC!$E$3*s_ri!C3 -> 12399.659 | D3: =shock_OC!$E$4*s_ri!D3 -> 0 | E3: =shock_OC!$E$5*s_ri!E3 -> 0 | F3: =shock_OC!$E$6*s_ri!F3 -> 0.022287169 | G3: =shock_OC!$E$7*s_ri!G3 -> -0.57495296 | H3: =SUM(B3:G3)/1000 -> 12.461554 | K3: Ile de France | L3: =shock_OC!$E$8*s_ri!K3 -> -21.351568 | M3: =shock_OC!$E$9*s_ri!L3 -> -178.05156 | N3: =shock_OC!$E$10*s_ri!M3 -> 0 | O3: =shock_OC!$E$11*s_ri!N3 -> 0 | P3: =shock_OC!$E$12*s_ri!O3 -> 0.010186116 | Q3: =shock_OC!$E$13*s_ri!P3 -> 0.70541052 | R3: =SUM(L3:Q3) -> -198.68753
A4: Centre — Val de Loire | B4: =shock_OC!$E$2*s_ri!B4 -> 32.646771 | C4: =shock_OC!$E$3*s_ri!C4 -> 13532.037 | D4: =shock_OC!$E$4*s_ri!D4 -> 0 | E4: =shock_OC!$E$5*s_ri!E4 -> 0 | F4: =shock_OC!$E$6*s_ri!F4 -> 0.024759255 | G4: =shock_OC!$E$7*s_ri!G4 -> -0.6732788 | H4: =SUM(B4:G4)/1000 -> 13.564035 | K4: Centre — Val de Loire | L4: =shock_OC!$E$8*s_ri!K4 -> -12.415228 | M4: =shock_OC!$E$9*s_ri!L4 -> -167.89529 | N4: =shock_OC!$E$10*s_ri!M4 -> 0 | O4: =shock_OC!$E$11*s_ri!N4 -> 0 | P4: =shock_OC!$E$12*s_ri!O4 -> 0.011369711 | Q4: =shock_OC!$E$13*s_ri!P4 -> 0.748114 | R4: =SUM(L4:Q4) -> -179.55104
A5: Bourgogne | B5: =shock_OC!$E$2*s_ri!B5 -> 28.898493 | C5: =shock_OC!$E$3*s_ri!C5 -> 14947.004 | D5: =shock_OC!$E$4*s_ri!D5 -> 0 | E5: =shock_OC!$E$5*s_ri!E5 -> 0 | F5: =shock_OC!$E$6*s_ri!F5 -> 0.022155732 | G5: =shock_OC!$E$7*s_ri!G5 -> -0.59264036 | H5: =SUM(B5:G5)/1000 -> 14.975332 | K5: Bourgogne | L5: =shock_OC!$E$8*s_ri!K5 -> -8.8757167 | M5: =shock_OC!$E$9*s_ri!L5 -> -184.02378 | N5: =shock_OC!$E$10*s_ri!M5 -> 0 | O5: =shock_OC!$E$11*s_ri!N5 -> 0 | P5: =shock_OC!$E$12*s_ri!O5 -> 0.012024657 | Q5: =shock_OC!$E$13*s_ri!P5 -> 0.7279266 | R5: =SUM(L5:Q5) -> -192.15955
A6: Franche-Comté | B6: =shock_OC!$E$2*s_ri!B6 -> 7.3570625 | C6: =shock_OC!$E$3*s_ri!C6 -> 19674.455 | D6: =shock_OC!$E$4*s_ri!D6 -> 0 | E6: =shock_OC!$E$5*s_ri!E6 -> 0 | F6: =shock_OC!$E$6*s_ri!F6 -> 0.033892291 | G6: =shock_OC!$E$7*s_ri!G6 -> -0.6401347 | H6: =SUM(B6:G6)/1000 -> 19.681206 | K6: Franche-Comté | L6: =shock_OC!$E$8*s_ri!K6 -> -3.6296184 | M6: =shock_OC!$E$9*s_ri!L6 -> -231.76665 | N6: =shock_OC!$E$10*s_ri!M6 -> 0 | O6: =shock_OC!$E$11*s_ri!N6 -> 0 | P6: =shock_OC!$E$12*s_ri!O6 -> 0.014082885 | Q6: =shock_OC!$E$13*s_ri!P6 -> 0.74452699 | R6: =SUM(L6:Q6) -> -234.63766
A7: Basse-Normandie | B7: =shock_OC!$E$2*s_ri!B7 -> 26.670592 | C7: =shock_OC!$E$3*s_ri!C7 -> 20012.633 | D7: =shock_OC!$E$4*s_ri!D7 -> 0 | E7: =shock_OC!$E$5*s_ri!E7 -> 0 | F7: =shock_OC!$E$6*s_ri!F7 -> 0.027916755 | G7: =shock_OC!$E$7*s_ri!G7 -> -0.62602129 | H7: =SUM(B7:G7)/1000 -> 20.038705 | K7: Basse-Normandie | L7: =shock_OC!$E$8*s_ri!K7 -> -9.823099 | M7: =shock_OC!$E$9*s_ri!L7 -> -289.20841 | N7: =shock_OC!$E$10*s_ri!M7 -> 0 | O7: =shock_OC!$E$11*s_ri!N7 -> 0 | P7: =shock_OC!$E$12*s_ri!O7 -> 0.010759263 | Q7: =shock_OC!$E$13*s_ri!P7 -> 0.6882653 | R7: =SUM(L7:Q7) -> -298.33249
A8: Haute-Normandie | B8: =shock_OC!$E$2*s_ri!B8 -> 37.756612 | C8: =shock_OC!$E$3*s_ri!C8 -> 22450.762 | D8: =shock_OC!$E$4*s_ri!D8 -> 0 | E8: =shock_OC!$E$5*s_ri!E8 -> 0 | F8: =shock_OC!$E$6*s_ri!F8 -> 0.027786323 | G8: =shock_OC!$E$7*s_ri!G8 -> -0.46168552 | H8: =SUM(B8:G8)/1000 -> 22.488084 | K8: Haute-Normandie | L8: =shock_OC!$E$8*s_ri!K8 -> -15.741341 | M8: =shock_OC!$E$9*s_ri!L8 -> -269.76062 | N8: =shock_OC!$E$10*s_ri!M8 -> 0 | O8: =shock_OC!$E$11*s_ri!N8 -> 0 | P8: =shock_OC!$E$12*s_ri!O8 -> 0.0095486882 | Q8: =shock_OC!$E$13*s_ri!P8 -> 0.6678077 | R8: =SUM(L8:Q8) -> -284.82461
A9: Nord-Pas de Calais | B9: =shock_OC!$E$2*s_ri!B9 -> 28.281017 | C9: =shock_OC!$E$3*s_ri!C9 -> 17174.451 | D9: =shock_OC!$E$4*s_ri!D9 -> 0 | E9: =shock_OC!$E$5*s_ri!E9 -> 0 | F9: =shock_OC!$E$6*s_ri!F9 -> 0.030911825 | G9: =shock_OC!$E$7*s_ri!G9 -> -0.63704972 | H9: =SUM(B9:G9)/1000 -> 17.202126 | K9: Nord-Pas de Calais | L9: =shock_OC!$E$8*s_ri!K9 -> -16.463173 | M9: =shock_OC!$E$9*s_ri!L9 -> -204.18066 | N9: =shock_OC!$E$10*s_ri!M9 -> 0 | O9: =shock_OC!$E$11*s_ri!N9 -> 0 | P9: =shock_OC!$E$12*s_ri!O9 -> 0.011155121 | Q9: =shock_OC!$E$13*s_ri!P9 -> 0.72880549 | R9: =SUM(L9:Q9) -> -219.90387
A10: Picardie | B10: =shock_OC!$E$2*s_ri!B10 -> 3.3797591 | C10: =shock_OC!$E$3*s_ri!C10 -> 11236.42 | D10: =shock_OC!$E$4*s_ri!D10 -> 0 | E10: =shock_OC!$E$5*s_ri!E10 -> 0 | F10: =shock_OC!$E$6*s_ri!F10 -> 0.060151796 | G10: =shock_OC!$E$7*s_ri!G10 -> -0.76701012 | H10: =SUM(B10:G10)/1000 -> 11.239093 | K10: Picardie | L10: =shock_OC!$E$8*s_ri!K10 -> -0.82082188 | M10: =shock_OC!$E$9*s_ri!L10 -> -107.94162 | N10: =shock_OC!$E$10*s_ri!M10 -> 0 | O10: =shock_OC!$E$11*s_ri!N10 -> 0 | P10: =shock_OC!$E$12*s_ri!O10 -> 0.020289571 | Q10: =shock_OC!$E$13*s_ri!P10 -> 0.78891859 | R10: =SUM(L10:Q10) -> -107.95323
A11: Alsace | B11: =shock_OC!$E$2*s_ri!B11 -> 37.67187 | C11: =shock_OC!$E$3*s_ri!C11 -> 12542.132 | D11: =shock_OC!$E$4*s_ri!D11 -> 0 | E11: =shock_OC!$E$5*s_ri!E11 -> 0 | F11: =shock_OC!$E$6*s_ri!F11 -> 0.0265157 | G11: =shock_OC!$E$7*s_ri!G11 -> -0.69359217 | H11: =SUM(B11:G11)/1000 -> 12.579136 | K11: Alsace | L11: =shock_OC!$E$8*s_ri!K11 -> -20.546209 | M11: =shock_OC!$E$9*s_ri!L11 -> -177.66654 | N11: =shock_OC!$E$10*s_ri!M11 -> 0 | O11: =shock_OC!$E$11*s_ri!N11 -> 0 | P11: =shock_OC!$E$12*s_ri!O11 -> 0.009503129 | Q11: =shock_OC!$E$13*s_ri!P11 -> 0.74206423 | R11: =SUM(L11:Q11) -> -197.46118
A12: Champagne-Ardenne | B12: =shock_OC!$E$2*s_ri!B12 -> 39.372422 | C12: =shock_OC!$E$3*s_ri!C12 -> 13755.169 | D12: =shock_OC!$E$4*s_ri!D12 -> 0 | E12: =shock_OC!$E$5*s_ri!E12 -> 0 | F12: =shock_OC!$E$6*s_ri!F12 -> 0.019462481 | G12: =shock_OC!$E$7*s_ri!G12 -> -0.60301462 | H12: =SUM(B12:G12)/1000 -> 13.793958 | K12: Champagne-Ardenne | L12: =shock_OC!$E$8*s_ri!K12 -> -20.192948 | M12: =shock_OC!$E$9*s_ri!L12 -> -188.14855 | N12: =shock_OC!$E$10*s_ri!M12 -> 0 | O12: =shock_OC!$E$11*s_ri!N12 -> 0 | P12: =shock_OC!$E$12*s_ri!O12 -> 0.0093491844 | Q12: =shock_OC!$E$13*s_ri!P12 -> 0.71532043 | R12: =SUM(L12:Q12) -> -207.61682
A13: Lorraine | B13: =shock_OC!$E$2*s_ri!B13 -> 52.395006 | C13: =shock_OC!$E$3*s_ri!C13 -> 7632.9182 | D13: =shock_OC!$E$4*s_ri!D13 -> 0 | E13: =shock_OC!$E$5*s_ri!E13 -> 0 | F13: =shock_OC!$E$6*s_ri!F13 -> 0.01932761 | G13: =shock_OC!$E$7*s_ri!G13 -> -0.68183537 | H13: =SUM(B13:G13)/1000 -> 7.6846507 | K13: Lorraine | L13: =shock_OC!$E$8*s_ri!K13 -> -31.548211 | M13: =shock_OC!$E$9*s_ri!L13 -> -128.25451 | N13: =shock_OC!$E$10*s_ri!M13 -> 0 | O13: =shock_OC!$E$11*s_ri!N13 -> 0 | P13: =shock_OC!$E$12*s_ri!O13 -> 0.007440235 | Q13: =shock_OC!$E$13*s_ri!P13 -> 0.87152839 | R13: =SUM(L13:Q13) -> -158.92375
A14: Pays de la Loire | B14: =shock_OC!$E$2*s_ri!B14 -> 11.401411 | C14: =shock_OC!$E$3*s_ri!C14 -> 18674.781 | D14: =shock_OC!$E$4*s_ri!D14 -> 0 | E14: =shock_OC!$E$5*s_ri!E14 -> 0 | F14: =shock_OC!$E$6*s_ri!F14 -> 0.036638466 | G14: =shock_OC!$E$7*s_ri!G14 -> -0.58763138 | H14: =SUM(B14:G14)/1000 -> 18.685631 | K14: Pays de la Loire | L14: =shock_OC!$E$8*s_ri!K14 -> -5.1885172 | M14: =shock_OC!$E$9*s_ri!L14 -> -209.43739 | N14: =shock_OC!$E$10*s_ri!M14 -> 0 | O14: =shock_OC!$E$11*s_ri!N14 -> 0 | P14: =shock_OC!$E$12*s_ri!O14 -> 0.013855345 | Q14: =shock_OC!$E$13*s_ri!P14 -> 0.67283563 | R14: =SUM(L14:Q14) -> -213.93921
... A24: Corse | B24: =shock_OC!$E$2*s_ri!B24 -> 0 | C24: =shock_OC!$E$3*s_ri!C24 -> 0 | D24: =shock_OC!$E$4*s_ri!D24 -> 0 | E24: =shock_OC!$E$5*s_ri!E24 -> 0 | F24: =shock_OC!$E$6*s_ri!F24 -> 0 | G24: =shock_OC!$E$7*s_ri!G24 -> 0 | H24: =SUM(B24:G24)/1000 -> 0 | K24: Corse | L24: =shock_OC!$E$8*s_ri!K24 -> 0 | M24: =shock_OC!$E$9*s_ri!L24 -> 0 | N24: =shock_OC!$E$10*s_ri!M24 -> 0 | O24: =shock_OC!$E$11*s_ri!N24 -> 0 | P24: =shock_OC!$E$12*s_ri!O24 -> 0 | Q24: =shock_OC!$E$13*s_ri!P24 -> 0 | R24: =SUM(L24:Q24) -> 0
