Workbook

Sheet employment
A1: zone | B1: year | C1: industry | D1: employment
A2: Ile de France | B2: 1999 | C2: a-b | D2: 22.6
A3: Centre — Val de Loire | B3: 1999 | C3: a-b | D3: 53.8
A4: Bourgogne | B4: 1999 | C4: a-b | D4: 41.1
A5: Franche-Comté | B5: 1999 | C5: a-b | D5: 20.7
A6: Basse-Normandie | B6: 1999 | C6: a-b | D6: 44.7
A7: Haute-Normandie | B7: 1999 | C7: a-b | D7: 16.6
A8: Nord-Pas de Calais | B8: 1999 | C8: a-b | D8: 22.1
A9: Picardie | B9: 1999 | C9: a-b | D9: 25.5
A10: Alsace | B10: 1999 | C10: a-b | D10: 14
A11: Champagne-Ardenne | B11: 1999 | C11: a-b | D11: 39.9
A12: Lorraine | B12: 1999 | C12: a-b | D12: 24.7
A13: Pays de la Loire | B13: 1999 | C13: a-b | D13: 83.9
... A529: Corse | B529: 2019 | C529: l-q | D529: 45.5

Sheet import
A1: year | B1: industry | C1: import
A2: 1999 | B2: a-b | C2: 64781273
A3: 1999 | B3: c-e | C3: 7950620767
A4: 1999 | B4: f | C4: 0
A5: 1999 | B5: g-i | C5: 0
A6: 1999 | B6: j-k | C6: 6167
A7: 1999 | B7: l-q | C7: 4395468
A8: 2011 | B8: a-b | C8: 212799718
A9: 2011 | B9: c-e | C9: 57137720223
A10: 2011 | B10: f | C10: 0
A11: 2011 | B11: g-i | C11: 0
A12: 2011 | B12: j-k | C12: 402637
A13: 2011 | B13: l-q | C13: 13944005
... A25: 2019 | B25: l-q | C25: 7639184.6

Sheet L_i
A1: year | B1: industry | C1: L_i
A2: 1999 | B2: a-b | C2: =SUM(employment!D2:D23) -> 919.8
A3: 1999 | B3: c-e | C3: =SUM(employment!D46:D67) -> 4463.5
A4: 1999 | B4: f | C4: =SUM(employment!D90:D111) -> 1435
A5: 1999 | B5: g-i | C5: =SUM(employment!D134:D155) -> 5179.8
A6: 1999 | B6: j-k | C6: =SUM(employment!D178:D199) -> 2769.7
A7: 1999 | B7: l-q | C7: =SUM(employment!D222:D243) -> 7617.4
A8: 2011 | B8: a-b | C8: =SUM(employment!D24:D45) -> 722.4
A9: 2011 | B9: c-e | C9: =SUM(employment!D68:D89) -> 3791.2
A10: 2011 | B10: f | C10: =SUM(employment!D112:D133) -> 1881.3
A11: 2011 | B11: g-i | C11: =SUM(employment!D156:D177) -> 6255.7
A12: 2011 | B12: j-k | C12: =SUM(employment!D200:D221) -> 3446
A13: 2011 | B13: l-q | C13: =SUM(employment!D244:D265) -> 9313.2
A14: 2012 | B14: a-b | C14: =SUM(employment!D266:D287) -> 721.2
A15: 2012 | B15: c-e | C15: =SUM(employment!D310:D331) -> 3716.4
A16: 2012 | B16: f | C16: =SUM(employment!D354:D375) -> 1856.1
A17: 2012 | B17: g-i | C17: =SUM(employment!D398:D419) -> 6273.7
A18: 2012 | B18: j-k | C18: =SUM(employment!D442:D463) -> 3471.2
A19: 2012 | B19: l-q | C19: =SUM(employment!D486:D507) -> 9371.8
A20: 2019 | B20: a-b | C20: =SUM(employment!D288:D309) -> 618.4
A21: 2019 | B21: c-e | C21: =SUM(employment!D332:D353) -> 3586.3
A22: 2019 | B22: f | C22: =SUM(employment!D376:D397) -> 1748.3
A23: 2019 | B23: g-i | C23: =SUM(employment!D420:D441) -> 6474.7
A24: 2019 | B24: j-k | C24: =SUM(employment!D464:D485) -> 3778.1
A25: 2019 | B25: l-q | C25: =SUM(employment!D508:D529) -> 9512.1

Sheet delta_M
A1: period | B1: industry | C1: delta_M
A2: 1999-2011 | B2: a-b | C2: =import!C8-import!C2 -> 148018445
A3: 1999-2011 | B3: c-e | C3: =import!C9-import!C3 -> 49187099456
A4: 1999-2011 | B4: f | C4: =import!C10-import!C4 -> 0
A5: 1999-2011 | B5: g-i | C5: =import!C11-import!C5 -> 0
A6: 1999-2011 | B6: j-k | C6: =import!C12-import!C6 -> 396470
A7: 1999-2011 | B7: l-q | C7: =import!C13-import!C7 -> 9548537
A8: 2012-2019 | B8: a-b | C8: =import!C20-import!C14 -> 2.6448109e+08
A9: 2012-2019 | B9: c-e | C9: =import!C21-import!C15 -> 6.1374276e+09
A10: 2012-2019 | B10: f | C10: =import!C22-import!C16 -> 0
A11: 2012-2019 | B11: g-i | C11: =import!C23-import!C17 -> 0
A12: 2012-2019 | B12: j-k | C12: =import!C24-import!C18 -> -92763.93
A13: 2012-2019 | B13: l-q | C13: =import!C25-import!C19 -> -3200269.4

Sheet shock_i
A1: period | B1: industry | C1: L_i0 | D1: delta_M | E1: shock_i
A2: 1999-2011 | B2: a-b | C2: =L_i!C2 -> 919.8 | D2: =delta_M!C2 -> 148018445 | E2: =D2/C2 -> 160924.6
A3: 1999-2011 | B3: c-e | C3: =L_i!C3 -> 4463.5 | D3: =delta_M!C3 -> 49187099456 | E3: =D3/C3 -> 11019850
A4: 1999-2011 | B4: f | C4: =L_i!C4 -> 1435 | D4: =delta_M!C4 -> 0 | E4: =D4/C4 -> 0
A5: 1999-2011 | B5: g-i | C5: =L_i!C5 -> 5179.8 | D5: =delta_M!C5 -> 0 | E5: =D5/C5 -> 0
A6: 1999-2011 | B6: j-k | C6: =L_i!C6 -> 2769.7 | D6: =delta_M!C6 -> 396470 | E6: =D6/C6 -> 143.14547
A7: 1999-2011 | B7: l-q | C7: =L_i!C7 -> 7617.4 | D7: =delta_M!C7 -> 9548537 | E7: =D7/C7 -> 1253.5166
A8: 2012-2019 | B8: a-b | C8: =L_i!C14 -> 721.2 | D8: =delta_M!C8 -> 2.6448109e+08 | E8: =D8/C8 -> 366723.63
A9: 2012-2019 | B9: c-e | C9: =L_i!C15 -> 3716.4 | D9: =delta_M!C9 -> 6.1374276e+09 | E9: =D9/C9 -> 1651444.3
A10: 2012-2019 | B10: f | C10: =L_i!C16 -> 1856.1 | D10: =delta_M!C10 -> 0 | E10: =D10/C10 -> 0
A11: 2012-2019 | B11: g-i | C11: =L_i!C17 -> 6273.7 | D11: =delta_M!C11 -> 0 | E11: =D11/C11 -> 0
A12: 2012-2019 | B12: j-k | C12: =L_i!C18 -> 3471.2 | D12: =delta_M!C12 -> -92763.93 | E12: =D12/C12 -> -26.723879
A13: 2012-2019 | B13: l-q | C13: =L_i!C19 -> 9371.8 | D13: =delta_M!C13 -> -3200269.4 | E13: =D13/C13 -> -341.47862

Sheet L_r
A1: 1999 | L1: 2012
B2: a-b | C2: c-e | D2: f | E2: g-i | F2: j-k | G2: l-q | H2: total_1999 | M2: a-b | N2: c-e | O2: f | P2: g-i | Q2: j-k | R2: l-q | S2: total_2012
A3: Ile de France | B3: =employment!D2 -> 22.6 | C3: =employment!D46 -> 700.8 | D3: =employment!D90 -> 250.9 | E3: =employment!D134 -> 1179.4 | F3: =employment!D178 -> 1074.9 | G3: =employment!D222 -> 1601.9 | H3: =SUM(B3:G3) -> 4830.5 | L3: Ile de France | M3: =employment!D266 -> 8.6 | N3: =employment!D310 -> 470.5 | O3: =employment!D354 -> 302.5 | P3: =employment!D398 -> 1525 | Q3: =employment!D442 -> 1113.9 | R3: =employment!D486 -> 1743.5 | S3: =SUM(M3:R3) -> 5164
A4: Centre — Val de Loire | B4: =employment!D3 -> 53.8 | C4: =employment!D47 -> 233.5 | D4: =employment!D91 -> 54.5 | E4: =employment!D135 -> 182.6 | F4: =employment!D179 -> 92.4 | G4: =employment!D223 -> 302.2 | H4: =SUM(B4:G4) -> 919 | L4: Centre — Val de Loire | M4: =employment!D267 -> 39.9 | N4: =employment!D311 -> 174.9 | O4: =employment!D355 -> 75.6 | P4: =employment!D399 -> 231.6 | Q4: =employment!D443 -> 123.6 | R4: =employment!D487 -> 363.5 | S4: =SUM(M4:R4) -> 1009.1
A5: Bourgogne | B5: =employment!D4 -> 41.1 | C5: =employment!D48 -> 150.4 | D5: =employment!D92 -> 37.1 | E5: =employment!D136 -> 137 | F5: =employment!D180 -> 42 | G5: =employment!D224 -> 215.1 | H5: =SUM(B5:G5) -> 622.7 | L5: Bourgogne | M5: =employment!D268 -> 36.4 | N5: =employment!D312 -> 104.4 | O5: =employment!D356 -> 41.9 | P5: =employment!D400 -> 163.3 | Q5: =employment!D444 -> 68.1 | R5: =employment!D488 -> 228.3 | S5: =SUM(M5:R5) -> 642.4
A6: Franche-Comté | B6: =employment!D5 -> 20.7 | C6: =employment!D49 -> 143.9 | D6: =employment!D93 -> 26.2 | E6: =employment!D137 -> 81.4 | F6: =employment!D181 -> 29.5 | G6: =employment!D225 -> 141.6 | H6: =SUM(B6:G6) -> 443.3 | L6: Franche-Comté | M6: =employment!D269 -> 15.8 | N6: =employment!D313 -> 128.4 | O6: =employment!D357 -> 33.2 | P6: =employment!D401 -> 85.2 | Q6: =employment!D445 -> 34.2 | R6: =employment!D489 -> 173.1 | S6: =SUM(M6:R6) -> 469.9
A7: Basse-Normandie | B7: =employment!D6 -> 44.7 | C7: =employment!D50 -> 97.4 | D7: =employment!D94 -> 31.6 | E7: =employment!D138 -> 101 | F7: =employment!D182 -> 47.6 | G7: =employment!D226 -> 172.7 | H7: =SUM(B7:G7) -> 495 | L7: Basse-Normandie | M7: =employment!D270 -> 31.8 | N7: =employment!D314 -> 90.8 | O7: =employment!D358 -> 45.2 | P7: =employment!D402 -> 138.2 | Q7: =employment!D446 -> 53.5 | R7: =employment!D490 -> 215.8 | S7: =SUM(M7:R7) -> 575.3
A8: Haute-Normandie | B8: =employment!D7 -> 16.6 | C8: =employment!D51 -> 174.4 | D8: =employment!D95 -> 56.5 | E8: =employment!D139 -> 157.1 | F8: =employment!D183 -> 67.8 | G8: =employment!D227 -> 235.1 | H8: =SUM(B8:G8) -> 707.5 | L8: Haute-Normandie | M8: =employment!D271 -> 10.8 | N8: =employment!D315 -> 148.4 | O8: =employment!D359 -> 56.3 | P8: =employment!D403 -> 155.4 | Q8: =employment!D447 -> 74.1 | R8: =employment!D491 -> 275.5 | S8: =SUM(M8:R8) -> 720.5
A9: Nord-Pas de Calais | B9: =employment!D8 -> 22.1 | C9: =employment!D52 -> 304.9 | D9: =employment!D96 -> 82.1 | E9: =employment!D140 -> 326.6 | F9: =employment!D184 -> 125.1 | G9: =employment!D228 -> 458.9 | H9: =SUM(B9:G9) -> 1319.7 | L9: Nord-Pas de Calais | M9: =employment!D272 -> 16.1 | N9: =employment!D316 -> 253.4 | O9: =employment!D360 -> 103.8 | P9: =employment!D404 -> 362.5 | Q9: =employment!D448 -> 169.5 | R9: =employment!D492 -> 595.7 | S9: =SUM(M9:R9) -> 1501
A10: Picardie | B10: =employment!D9 -> 25.5 | C10: =employment!D53 -> 168.7 | D10: =employment!D97 -> 44.2 | E10: =employment!D141 -> 155.3 | F10: =employment!D185 -> 54.9 | G10: =employment!D229 -> 212.3 | H10: =SUM(B10:G10) -> 660.9 | L10: Picardie | M10: =employment!D273 -> 22.5 | N10: =employment!D317 -> 129.6 | O10: =employment!D361 -> 53.3 | P10: =employment!D405 -> 199.6 | Q10: =employment!D449 -> 70.9 | R10: =employment!D493 -> 273 | S10: =SUM(M10:R10) -> 748.9
A11: Alsace | B11: =employment!D10 -> 14 | C11: =employment!D54 -> 216.6 | D11: =employment!D98 -> 58.4 | E11: =employment!D142 -> 165.2 | F11: =employment!D186 -> 74 | G11: =employment!D230 -> 212.7 | H11: =SUM(B11:G11) -> 740.9 | L11: Alsace | M11: =employment!D274 -> 7.3 | N11: =employment!D318 -> 172.7 | O11: =employment!D362 -> 57.3 | P11: =employment!D406 -> 192.6 | Q11: =employment!D450 -> 87.9 | R11: =employment!D494 -> 287.5 | S11: =SUM(M11:R11) -> 805.3
A12: Champagne-Ardenne | B12: =employment!D11 -> 39.9 | C12: =employment!D55 -> 103 | D12: =employment!D99 -> 30.2 | E12: =employment!D143 -> 101.4 | F12: =employment!D187 -> 39.4 | G12: =employment!D231 -> 157.7 | H12: =SUM(B12:G12) -> 471.6 | L12: Champagne-Ardenne | M12: =employment!D275 -> 29 | N12: =employment!D319 -> 97.3 | O12: =employment!D363 -> 40.3 | P12: =employment!D407 -> 99.4 | Q12: =employment!D451 -> 47.8 | R12: =employment!D495 -> 187.5 | S12: =SUM(M12:R12) -> 501.3
A13: Lorraine | B13: =employment!D12 -> 24.7 | C13: =employment!D56 -> 211.6 | D13: =employment!D100 -> 66 | E13: =employment!D144 -> 188.2 | F13: =employment!D188 -> 75.7 | G13: =employment!D232 -> 294.7 | H13: =SUM(B13:G13) -> 860.9 | L13: Lorraine | M13: =employment!D276 -> 17.6 | N13: =employment!D320 -> 158.8 | O13: =employment!D364 -> 68.8 | P13: =employment!D408 -> 202.3 | Q13: =employment!D452 -> 98.9 | R13: =employment!D496 -> 366.4 | S13: =SUM(M13:R13) -> 912.8
A14: Pays de la Loire | B14: =employment!D13 -> 83.9 | C14: =employment!D57 -> 326.9 | D14: =employment!D101 -> 89.1 | E14: =employment!D145 -> 265.8 | F14: =employment!D189 -> 109.4 | G14: =employment!D233 -> 409.5 | H14: =SUM(B14:G14) -> 1284.6 | L14: Pays de la Loire | M14: =employment!D277 -> 60.3 | N14: =employment!D321 -> 284.5 | O14: =employment!D365 -> 120 | P14: =employment!D409 -> 350 | Q14: =employment!D453 -> 174.9 | R14: =employment!D497 -> 515.9 | S14: =SUM(M14:R14) -> 1505.6
... A24: Corse | B24: =employment!D23 -> 0 | C24: =employment!D67 -> 0 | D24: =employment!D111 -> 0 | E24: =employment!D155 -> 19.4 | F24: =employment!D199 -> 0 | G24: =employment!D243 -> 29.1 | H24: =SUM(B24:G24) -> 48.5 | L24: Corse | M24: =employment!D287 -> 0 | N24: =employment!D331 -> 10.9 | O24: =employment!D375 -> 6.7 | P24: =employment!D419 -> 17.6 | Q24: =employment!D463 -> 7.5 | R24: =employment!D507 -> 25.4 | S24: =SUM(M24:R24) -> 68.1

Sheet s_ri
A1: 1999 | J1: 2012
B2: a-b | C2: c-e | D2: f | E2: g-i | F2: j-k | G2: l-q | K2: a-b | L2: c-e | M2: f | N2: g-i | O2: j-k | P2: l-q
A3: Ile de France | B3: =L_r!B3/L_r!$H3 -> 0.0046786047 | C3: =L_r!C3/L_r!$H3 -> 0.14507815 | D3: =L_r!D3/L_r!$H3 -> 0.051940793 | E3: =L_r!E3/L_r!$H3 -> 0.24415692 | F3: =L_r!F3/L_r!$H3 -> 0.22252355 | G3: =L_r!G3/L_r!$H3 -> 0.33162199 | J3: Ile de France | K3: =L_r!M3/L_r!$S3 -> 0.0016653757 | L3: =L_r!N3/L_r!$S3 -> 0.091111541 | M3: =L_r!O3/L_r!$S3 -> 0.058578621 | N3: =L_r!P3/L_r!$S3 -> 0.29531371 | O3: =L_r!Q3/L_r!$S3 -> 0.21570488 | P3: =L_r!R3/L_r!$S3 -> 0.33762587
A4: Centre — Val de Loire | B4: =L_r!B4/L_r!$H4 -> 0.058541893 | C4: =L_r!C4/L_r!$H4 -> 0.25408052 | D4: =L_r!D4/L_r!$H4 -> 0.059303591 | E4: =L_r!E4/L_r!$H4 -> 0.19869423 | F4: =L_r!F4/L_r!$H4 -> 0.10054407 | G4: =L_r!G4/L_r!$H4 -> 0.32883569 | J4: Centre — Val de Loire | K4: =L_r!M4/L_r!$S4 -> 0.039540184 | L4: =L_r!N4/L_r!$S4 -> 0.17332276 | M4: =L_r!O4/L_r!$S4 -> 0.074918244 | N4: =L_r!P4/L_r!$S4 -> 0.22951145 | O4: =L_r!Q4/L_r!$S4 -> 0.12248538 | P4: =L_r!R4/L_r!$S4 -> 0.36022198
A5: Bourgogne | B5: =L_r!B5/L_r!$H5 -> 0.066002891 | C5: =L_r!C5/L_r!$H5 -> 0.24152883 | D5: =L_r!D5/L_r!$H5 -> 0.059579252 | E5: =L_r!E5/L_r!$H5 -> 0.22000964 | F5: =L_r!F5/L_r!$H5 -> 0.067448209 | G5: =L_r!G5/L_r!$H5 -> 0.34543119 | J5: Bourgogne | K5: =L_r!M5/L_r!$S5 -> 0.056662516 | L5: =L_r!N5/L_r!$S5 -> 0.16251557 | M5: =L_r!O5/L_r!$S5 -> 0.065224159 | N5: =L_r!P5/L_r!$S5 -> 0.25420299 | O5: =L_r!Q5/L_r!$S5 -> 0.10600872 | P5: =L_r!R5/L_r!$S5 -> 0.35538605
A6: Franche-Comté | B6: =L_r!B6/L_r!$H6 -> 0.04669524 | C6: =L_r!C6/L_r!$H6 -> 0.32461087 | D6: =L_r!D6/L_r!$H6 -> 0.059102188 | E6: =L_r!E6/L_r!$H6 -> 0.18362283 | F6: =L_r!F6/L_r!$H6 -> 0.066546357 | G6: =L_r!G6/L_r!$H6 -> 0.31942251 | J6: Franche-Comté | K6: =L_r!M6/L_r!$S6 -> 0.033624175 | L6: =L_r!N6/L_r!$S6 -> 0.27324963 | M6: =L_r!O6/L_r!$S6 -> 0.07065333 | N6: =L_r!P6/L_r!$S6 -> 0.18131517 | O6: =L_r!Q6/L_r!$S6 -> 0.072781443 | P6: =L_r!R6/L_r!$S6 -> 0.36837625
A7: Basse-Normandie | B7: =L_r!B7/L_r!$H7 -> 0.09030303 | C7: =L_r!C7/L_r!$H7 -> 0.19676768 | D7: =L_r!D7/L_r!$H7 -> 0.063838384 | E7: =L_r!E7/L_r!$H7 -> 0.2040404 | F7: =L_r!F7/L_r!$H7 -> 0.096161616 | G7: =L_r!G7/L_r!$H7 -> 0.34888889 | J7: Basse-Normandie | K7: =L_r!M7/L_r!$S7 -> 0.055275508 | L7: =L_r!N7/L_r!$S7 -> 0.1578307 | M7: =L_r!O7/L_r!$S7 -> 0.078567704 | N7: =L_r!P7/L_r!$S7 -> 0.24022249 | O7: =L_r!Q7/L_r!$S7 -> 0.092994959 | P7: =L_r!R7/L_r!$S7 -> 0.37510864
A8: Haute-Normandie | B8: =L_r!B8/L_r!$H8 -> 0.023462898 | C8: =L_r!C8/L_r!$H8 -> 0.24650177 | D8: =L_r!D8/L_r!$H8 -> 0.079858657 | E8: =L_r!E8/L_r!$H8 -> 0.22204947 | F8: =L_r!F8/L_r!$H8 -> 0.095830389 | G8: =L_r!G8/L_r!$H8 -> 0.33229682 | J8: Haute-Normandie | K8: =L_r!M8/L_r!$S8 -> 0.014989591 | L8: =L_r!N8/L_r!$S8 -> 0.20596808 | M8: =L_r!O8/L_r!$S8 -> 0.07814018 | N8: =L_r!P8/L_r!$S8 -> 0.21568355 | O8: =L_r!Q8/L_r!$S8 -> 0.10284525 | P8: =L_r!R8/L_r!$S8 -> 0.38237335
A9: Nord-Pas de Calais | B9: =L_r!B9/L_r!$H9 -> 0.01674623 | C9: =L_r!C9/L_r!$H9 -> 0.23103736 | D9: =L_r!D9/L_r!$H9 -> 0.062211109 | E9: =L_r!E9/L_r!$H9 -> 0.24748049 | F9: =L_r!F9/L_r!$H9 -> 0.094794271 | G9: =L_r!G9/L_r!$H9 -> 0.34773054 | J9: Nord-Pas de Calais | K9: =L_r!M9/L_r!$S9 -> 0.010726183 | L9: =L_r!N9/L_r!$S9 -> 0.16882079 | M9: =L_r!O9/L_r!$S9 -> 0.069153897 | N9: =L_r!P9/L_r!$S9 -> 0.24150566 | O9: =L_r!Q9/L_r!$S9 -> 0.11292472 | P9: =L_r!R9/L_r!$S9 -> 0.39686875
A10: Picardie | B10: =L_r!B10/L_r!$H10 -> 0.038583749 | C10: =L_r!C10/L_r!$H10 -> 0.25525798 | D10: =L_r!D10/L_r!$H10 -> 0.066878499 | E10: =L_r!E10/L_r!$H10 -> 0.2349826 | F10: =L_r!F10/L_r!$H10 -> 0.083068543 | G10: =L_r!G10/L_r!$H10 -> 0.32122863 | J10: Picardie | K10: =L_r!M10/L_r!$S10 -> 0.030044065 | L10: =L_r!N10/L_r!$S10 -> 0.17305381 | M10: =L_r!O10/L_r!$S10 -> 0.071171051 | N10: =L_r!P10/L_r!$S10 -> 0.26652424 | O10: =L_r!Q10/L_r!$S10 -> 0.094672186 | P10: =L_r!R10/L_r!$S10 -> 0.36453465
A11: Alsace | B11: =L_r!B11/L_r!$H11 -> 0.018895937 | C11: =L_r!C11/L_r!$H11 -> 0.29234715 | D11: =L_r!D11/L_r!$H11 -> 0.078823053 | E11: =L_r!E11/L_r!$H11 -> 0.22297206 | F11: =L_r!F11/L_r!$H11 -> 0.099878526 | G11: =L_r!G11/L_r!$H11 -> 0.28708328 | J11: Alsace | K11: =L_r!M11/L_r!$S11 -> 0.0090649447 | L11: =L_r!N11/L_r!$S11 -> 0.21445424 | M11: =L_r!O11/L_r!$S11 -> 0.071153607 | N11: =L_r!P11/L_r!$S11 -> 0.23916553 | O11: =L_r!Q11/L_r!$S11 -> 0.10915187 | P11: =L_r!R11/L_r!$S11 -> 0.35700981
A12: Champagne-Ardenne | B12: =L_r!B12/L_r!$H12 -> 0.084605598 | C12: =L_r!C12/L_r!$H12 -> 0.21840543 | D12: =L_r!D12/L_r!$H12 -> 0.06403732 | E12: =L_r!E12/L_r!$H12 -> 0.21501272 | F12: =L_r!F12/L_r!$H12 -> 0.083545377 | G12: =L_r!G12/L_r!$H12 -> 0.33439355 | J12: Champagne-Ardenne | K12: =L_r!M12/L_r!$S12 -> 0.057849591 | L12: =L_r!N12/L_r!$S12 -> 0.19409535 | M12: =L_r!O12/L_r!$S12 -> 0.080390983 | N12: =L_r!P12/L_r!$S12 -> 0.19828446 | O12: =L_r!Q12/L_r!$S12 -> 0.095352085 | P12: =L_r!R12/L_r!$S12 -> 0.37402753
A13: Lorraine | B13: =L_r!B13/L_r!$H13 -> 0.028690905 | C13: =L_r!C13/L_r!$H13 -> 0.24578929 | D13: =L_r!D13/L_r!$H13 -> 0.076663956 | E13: =L_r!E13/L_r!$H13 -> 0.21860843 | F13: =L_r!F13/L_r!$H13 -> 0.087931235 | G13: =L_r!G13/L_r!$H13 -> 0.34231618 | J13: Lorraine | K13: =L_r!M13/L_r!$S13 -> 0.019281332 | L13: =L_r!N13/L_r!$S13 -> 0.1739702 | M13: =L_r!O13/L_r!$S13 -> 0.07537248 | N13: =L_r!P13/L_r!$S13 -> 0.22162577 | O13: =L_r!Q13/L_r!$S13 -> 0.10834794 | P13: =L_r!R13/L_r!$S13 -> 0.40140228
A14: Pays de la Loire | B14: =L_r!B14/L_r!$H14 -> 0.065312159 | C14: =L_r!C14/L_r!$H14 -> 0.2544761 | D14: =L_r!D14/L_r!$H14 -> 0.069360112 | E14: =L_r!E14/L_r!$H14 -> 0.20691266 | F14: =L_r!F14/L_r!$H14 -> 0.085162697 | G14: =L_r!G14/L_r!$H14 -> 0.31877627 | J14: Pays de la Loire | K14: =L_r!M14/L_r!$S14 -> 0.040050478 | L14: =L_r!N14/L_r!$S14 -> 0.18896121 | M14: =L_r!O14/L_r!$S14 -> 0.079702444 | N14: =L_r!P14/L_r!$S14 -> 0.23246546 | O14: =L_r!Q14/L_r!$S14 -> 0.11616631 | P14: =L_r!R14/L_r!$S14 -> 0.34265409
... A24: Corse | B24: =L_r!B24/L_r!$H24 -> 0 | C24: =L_r!C24/L_r!$H24 -> 0 | D24: =L_r!D24/L_r!$H24 -> 0 | E24: =L_r!E24/L_r!$H24 -> 0.4 | F24: =L_r!F24/L_r!$H24 -> 0 | G24: =L_r!G24/L_r!$H24 -> 0.6 | J24: Corse | K24: =L_r!M24/L_r!$S24 -> 0 | L24: =L_r!N24/L_r!$S24 -> 0.16005874 | M24: =L_r!O24/L_r!$S24 -> 0.098384728 | N24: =L_r!P24/L_r!$S24 -> 0.25844347 | O24: =L_r!Q24/L_r!$S24 -> 0.11013216 | P24: =L_r!R24/L_r!$S24 -> 0.37298091

Sheet IPW_i
A1: p1 | K1: p2
B2: a-b | C2: c-e | D2: f | E2: g-i | F2: j-k | G2: l-q | H2: IPW_OC (1999-2011) | L2: a-b | M2: c-e | N2: f | O2: g-i | P2: j-k | Q2: l-q | R2: IPW_OC (2012-2019)
A3: Ile de France | B3: =s_ri!B3*shock_i!$E$2 -> 752.90258 | C3: =s_ri!C3*shock_i!$E$3 -> 1598739.4 | D3: =s_ri!D3*shock_i!$E$4 -> 0 | E3: =s_ri!E3*shock_i!$E$5 -> 0 | F3: =s_ri!F3*shock_i!$E$6 -> 31.853237 | G3: =s_ri!G3*shock_i!$E$7 -> 415.69365 | H3: =SUM(B3:G3)/1000 -> 1599.9399 | K3: Ile de France | L3: =s_ri!K3*shock_i!$E$8 -> 610.73262 | M3: =s_ri!L3*shock_i!$E$9 -> 150465.63 | N3: =s_ri!M3*shock_i!$E$10 -> 0 | O3: =s_ri!N3*shock_i!$E$11 -> 0 | P3: =s_ri!O3*shock_i!$E$12 -> -5.7644712 | Q3: =s_ri!P3*shock_i!$E$13 -> -115.29202 | R3: =SUM(L3:Q3) -> 150955.31
A4: Centre — Val de Loire | B4: =s_ri!B4*shock_i!$E$2 -> 9420.8306 | C4: =s_ri!C4*shock_i!$E$3 -> 2799929.2 | D4: =s_ri!D4*shock_i!$E$4 -> 0 | E4: =s_ri!E4*shock_i!$E$5 -> 0 | F4: =s_ri!F4*shock_i!$E$6 -> 14.392428 | G4: =s_ri!G4*shock_i!$E$7 -> 412.20098 | H4: =SUM(B4:G4)/1000 -> 2809.7766 | K4: Centre — Val de Loire | L4: =s_ri!K4*shock_i!$E$8 -> 14500.32 | M4: =s_ri!L4*shock_i!$E$9 -> 286232.89 | N4: =s_ri!M4*shock_i!$E$10 -> 0 | O4: =s_ri!N4*shock_i!$E$11 -> 0 | P4: =s_ri!O4*shock_i!$E$12 -> -3.2732846 | Q4: =s_ri!P4*shock_i!$E$13 -> -123.00811 | R4: =SUM(L4:Q4) -> 300606.93
A5: Bourgogne | B5: =s_ri!B5*shock_i!$E$2 -> 10621.489 | C5: =s_ri!C5*shock_i!$E$3 -> 2661611.4 | D5: =s_ri!D5*shock_i!$E$4 -> 0 | E5: =s_ri!E5*shock_i!$E$5 -> 0 | F5: =s_ri!F5*shock_i!$E$6 -> 9.6549054 | G5: =s_ri!G5*shock_i!$E$7 -> 433.00371 | H5: =SUM(B5:G5)/1000 -> 2672.6755 | K5: Bourgogne | L5: =s_ri!K5*shock_i!$E$8 -> 20779.484 | M5: =s_ri!L5*shock_i!$E$9 -> 268385.4 | N5: =s_ri!M5*shock_i!$E$10 -> 0 | O5: =s_ri!N5*shock_i!$E$11 -> 0 | P5: =s_ri!O5*shock_i!$E$12 -> -2.8329642 | Q5: =s_ri!P5*shock_i!$E$13 -> -121.35674 | R5: =SUM(L5:Q5) -> 289040.7
A6: Franche-Comté | B6: =s_ri!B6*shock_i!$E$2 -> 7514.4128 | C6: =s_ri!C6*shock_i!$E$3 -> 3577163.1 | D6: =s_ri!D6*shock_i!$E$4 -> 0 | E6: =s_ri!E6*shock_i!$E$5 -> 0 | F6: =s_ri!F6*shock_i!$E$6 -> 9.5258093 | G6: =s_ri!G6*shock_i!$E$7 -> 400.40141 | H6: =SUM(B6:G6)/1000 -> 3585.0874 | K6: Franche-Comté | L6: =s_ri!K6*shock_i!$E$8 -> 12330.78 | M6: =s_ri!L6*shock_i!$E$9 -> 451256.54 | N6: =s_ri!M6*shock_i!$E$10 -> 0 | O6: =s_ri!N6*shock_i!$E$11 -> 0 | P6: =s_ri!O6*shock_i!$E$12 -> -1.9450025 | Q6: =s_ri!P6*shock_i!$E$13 -> -125.79261 | R6: =SUM(L6:Q6) -> 463459.58
A7: Basse-Normandie | B7: =s_ri!B7*shock_i!$E$2 -> 14531.979 | C7: =s_ri!C7*shock_i!$E$3 -> 2168350.2 | D7: =s_ri!D7*shock_i!$E$4 -> 0 | E7: =s_ri!E7*shock_i!$E$5 -> 0 | F7: =s_ri!F7*shock_i!$E$6 -> 13.765099 | G7: =s_ri!G7*shock_i!$E$7 -> 437.338 | H7: =SUM(B7:G7)/1000 -> 2183.3333 | K7: Basse-Normandie | L7: =s_ri!K7*shock_i!$E$8 -> 20270.835 | M7: =s_ri!L7*shock_i!$E$9 -> 260648.6 | N7: =s_ri!M7*shock_i!$E$10 -> 0 | O7: =s_ri!N7*shock_i!$E$11 -> 0 | P7: =s_ri!O7*shock_i!$E$12 -> -2.4851861 | Q7: =s_ri!P7*shock_i!$E$13 -> -128.09158 | R7: =SUM(L7:Q7) -> 280788.86
A8: Haute-Normandie | B8: =s_ri!B8*shock_i!$E$2 -> 3775.7573 | C8: =s_ri!C8*shock_i!$E$3 -> 2716412.4 | D8: =s_ri!D8*shock_i!$E$4 -> 0 | E8: =s_ri!E8*shock_i!$E$5 -> 0 | F8: =s_ri!F8*shock_i!$E$6 -> 13.717686 | G8: =s_ri!G8*shock_i!$E$7 -> 416.53956 | H8: =SUM(B8:G8)/1000 -> 2720.6185 | K8: Haute-Normandie | L8: =s_ri!K8*shock_i!$E$8 -> 5497.0371 | M8: =s_ri!L8*shock_i!$E$9 -> 340144.81 | N8: =s_ri!M8*shock_i!$E$10 -> 0 | O8: =s_ri!N8*shock_i!$E$11 -> 0 | P8: =s_ri!O8*shock_i!$E$12 -> -2.748424 | Q8: =s_ri!P8*shock_i!$E$13 -> -130.57233 | R8: =SUM(L8:Q8) -> 345508.52
A9: Nord-Pas de Calais | B9: =s_ri!B9*shock_i!$E$2 -> 2694.8804 | C9: =s_ri!C9*shock_i!$E$3 -> 2545997 | D9: =s_ri!D9*shock_i!$E$4 -> 0 | E9: =s_ri!E9*shock_i!$E$5 -> 0 | F9: =s_ri!F9*shock_i!$E$6 -> 13.56937 | G9: =s_ri!G9*shock_i!$E$7 -> 435.88599 | H9: =SUM(B9:G9)/1000 -> 2549.1413 | K9: Nord-Pas de Calais | L9: =s_ri!K9*shock_i!$E$8 -> 3933.5446 | M9: =s_ri!L9*shock_i!$E$9 -> 278798.12 | N9: =s_ri!M9*shock_i!$E$10 -> 0 | O9: =s_ri!N9*shock_i!$E$11 -> 0 | P9: =s_ri!O9*shock_i!$E$12 -> -3.0177865 | Q9: =s_ri!P9*shock_i!$E$13 -> -135.5222 | R9: =SUM(L9:Q9) -> 282593.13
A10: Picardie | B10: =s_ri!B10*shock_i!$E$2 -> 6209.0744 | C10: =s_ri!C10*shock_i!$E$3 -> 2812904.6 | D10: =s_ri!D10*shock_i!$E$4 -> 0 | E10: =s_ri!E10*shock_i!$E$5 -> 0 | F10: =s_ri!F10*shock_i!$E$6 -> 11.890885 | G10: =s_ri!G10*shock_i!$E$7 -> 402.6654 | H10: =SUM(B10:G10)/1000 -> 2819.5282 | K10: Picardie | L10: =s_ri!K10*shock_i!$E$8 -> 11017.869 | M10: =s_ri!L10*shock_i!$E$9 -> 285788.73 | N10: =s_ri!M10*shock_i!$E$10 -> 0 | O10: =s_ri!N10*shock_i!$E$11 -> 0 | P10: =s_ri!O10*shock_i!$E$12 -> -2.5300081 | Q10: =s_ri!P10*shock_i!$E$13 -> -124.48079 | R10: =SUM(L10:Q10) -> 296679.59
A11: Alsace | B11: =s_ri!B11*shock_i!$E$2 -> 3040.8211 | C11: =s_ri!C11*shock_i!$E$3 -> 3221621.6 | D11: =s_ri!D11*shock_i!$E$4 -> 0 | E11: =s_ri!E11*shock_i!$E$5 -> 0 | F11: =s_ri!F11*shock_i!$E$6 -> 14.297158 | G11: =s_ri!G11*shock_i!$E$7 -> 359.86364 | H11: =SUM(B11:G11)/1000 -> 3225.0366 | K11: Alsace | L11: =s_ri!K11*shock_i!$E$8 -> 3324.3295 | M11: =s_ri!L11*shock_i!$E$9 -> 354159.23 | N11: =s_ri!M11*shock_i!$E$10 -> 0 | O11: =s_ri!N11*shock_i!$E$11 -> 0 | P11: =s_ri!O11*shock_i!$E$12 -> -2.9169614 | Q11: =s_ri!P11*shock_i!$E$13 -> -121.91122 | R11: =SUM(L11:Q11) -> 357358.73
A12: Champagne-Ardenne | B12: =s_ri!B12*shock_i!$E$2 -> 13615.122 | C12: =s_ri!C12*shock_i!$E$3 -> 2406795 | D12: =s_ri!D12*shock_i!$E$4 -> 0 | E12: =s_ri!E12*shock_i!$E$5 -> 0 | F12: =s_ri!F12*shock_i!$E$6 -> 11.959142 | G12: =s_ri!G12*shock_i!$E$7 -> 419.16786 | H12: =SUM(B12:G12)/1000 -> 2420.8413 | K12: Champagne-Ardenne | L12: =s_ri!K12*shock_i!$E$8 -> 21214.812 | M12: =s_ri!L12*shock_i!$E$9 -> 320537.66 | N12: =s_ri!M12*shock_i!$E$10 -> 0 | O12: =s_ri!N12*shock_i!$E$11 -> 0 | P12: =s_ri!O12*shock_i!$E$12 -> -2.5481776 | Q12: =s_ri!P12*shock_i!$E$13 -> -127.72241 | R12: =SUM(L12:Q12) -> 341622.2
A13: Lorraine | B13: =s_ri!B13*shock_i!$E$2 -> 4617.0723 | C13: =s_ri!C13*shock_i!$E$3 -> 2708561.1 | D13: =s_ri!D13*shock_i!$E$4 -> 0 | E13: =s_ri!E13*shock_i!$E$5 -> 0 | F13: =s_ri!F13*shock_i!$E$6 -> 12.586958 | G13: =s_ri!G13*shock_i!$E$7 -> 429.099 | H13: =SUM(B13:G13)/1000 -> 2713.6198 | K13: Lorraine | L13: =s_ri!K13*shock_i!$E$8 -> 7070.9202 | M13: =s_ri!L13*shock_i!$E$9 -> 287302.1 | N13: =s_ri!M13*shock_i!$E$10 -> 0 | O13: =s_ri!N13*shock_i!$E$11 -> 0 | P13: =s_ri!O13*shock_i!$E$12 -> -2.8954773 | Q13: =s_ri!P13*shock_i!$E$13 -> -137.0703 | R13: =SUM(L13:Q13) -> 294233.05
A14: Pays de la Loire | B14: =s_ri!B14*shock_i!$E$2 -> 10510.333 | C14: =s_ri!C14*shock_i!$E$3 -> 2804288.4 | D14: =s_ri!D14*shock_i!$E$4 -> 0 | E14: =s_ri!E14*shock_i!$E$5 -> 0 | F14: =s_ri!F14*shock_i!$E$6 -> 12.190654 | G14: =s_ri!G14*shock_i!$E$7 -> 399.59134 | H14: =SUM(B14:G14)/1000 -> 2815.2105 | K14: Pays de la Loire | L14: =s_ri!K14*shock_i!$E$8 -> 14687.457 | M14: =s_ri!L14*shock_i!$E$9 -> 312058.91 | N14: =s_ri!M14*shock_i!$E$10 -> 0 | O14: =s_ri!N14*shock_i!$E$11 -> 0 | P14: =s_ri!O14*shock_i!$E$12 -> -3.1044145 | Q14: =s_ri!P14*shock_i!$E$13 -> -117.00905 | R14: =SUM(L14:Q14) -> 326626.26
... A24: Corse | B24: =s_ri!B24*shock_i!$E$2 -> 0 | C24: =s_ri!C24*shock_i!$E$3 -> 0 | D24: =s_ri!D24*shock_i!$E$4 -> 0 | E24: =s_ri!E24*shock_i!$E$5 -> 0 | F24: =s_ri!F24*shock_i!$E$6 -> 0 | G24: =s_ri!G24*shock_i!$E$7 -> 752.10993 | H24: =SUM(B24:G24)/1000 -> 0.75210993 | K24: Corse | L24: =s_ri!K24*shock_i!$E$8 -> 0 | M24: =s_ri!L24*shock_i!$E$9 -> 264328.09 | N24: =s_ri!M24*shock_i!$E$10 -> 0 | O24: =s_ri!N24*shock_i!$E$11 -> 0 | P24: =s_ri!O24*shock_i!$E$12 -> -2.9431585 | Q24: =s_ri!P24*shock_i!$E$13 -> -127.36501 | R24: =SUM(L24:Q24) -> 264197.78

Sheet import OC
A1: Australia | E1: Finland | I1: Japan | M1: Norway | Q1: New Zealand | U1: Sweden
A2: year | B2: industry | C2: import | E2: year | F2: industry | G2: import | I2: year | J2: industry | K2: import | M2: year | N2: industry | O2: import | Q2: year | R2: industry | S2: import | U2: year | V2: industry | W2: import
A3: 1999 | B3: a-b | C3: 31366299 | E3: 1999 | F3: a-b | G3: 1907415 | I3: 1999 | J3: a-b | K3: 1643501884 | M3: 1999 | N3: a-b | O3: 1125099 | Q3: 1999 | R3: a-b | S3: 8132064 | U3: 1999 | V3: a-b | W3: 1414721
A4: 1999 | B4: c-e | C4: 4170822649 | E4: 1999 | F4: c-e | G4: 723830435 | I4: 1999 | J4: c-e | K4: 40528188750 | M4: 1999 | N4: c-e | O4: 920711827 | Q4: 1999 | R4: c-e | S4: 745304253 | U4: 1999 | V4: c-e | W4: 757645750
A5: 1999 | B5: f | C5: 0 | E5: 1999 | F5: f | G5: 0 | I5: 1999 | J5: f | K5: 0 | M5: 1999 | N5: f | O5: 0 | Q5: 1999 | R5: f | S5: 0 | U5: 1999 | V5: f | W5: 0
A6: 1999 | B6: g-i | C6: 0 | E6: 1999 | F6: g-i | G6: 0 | I6: 1999 | J6: g-i | K6: 0 | M6: 1999 | N6: g-i | O6: 0 | Q6: 1999 | R6: g-i | S6: 0 | U6: 1999 | V6: g-i | W6: 0
A7: 1999 | B7: j-k | C7: 8063 | E7: 1999 | F7: j-k | G7: 0 | I7: 1999 | J7: j-k | K7: 399015 | M7: 1999 | N7: j-k | O7: 4382 | Q7: 1999 | R7: j-k | S7: 0 | U7: 1999 | V7: j-k | W7: 1451
A8: 1999 | B8: l-q | C8: 8515219 | E8: 1999 | F8: l-q | G8: 116194 | I8: 1999 | J8: l-q | K8: 26277368 | M8: 1999 | N8: l-q | O8: 195790 | Q8: 1999 | R8: l-q | S8: 422934 | U8: 1999 | V8: l-q | W8: 170444
A9: 2011 | B9: a-b | C9: 126210268 | E9: 2011 | F9: a-b | G9: 2661830 | I9: 2011 | J9: a-b | K9: 1871215480 | M9: 2011 | N9: a-b | O9: 14453257 | Q9: 2011 | R9: a-b | S9: 23104718 | U9: 2011 | V9: a-b | W9: 10454215
A10: 2011 | B10: c-e | C10: 42571628341 | E10: 2011 | F10: c-e | G10: 3030544423 | I10: 2011 | J10: c-e | K10: 178004922182 | M10: 2011 | N10: c-e | O10: 8239528662 | Q10: 2011 | R10: c-e | S10: 5.8354693e+09 | U10: 2011 | V10: c-e | W10: 6831335381
A11: 2011 | B11: f | C11: 0 | E11: 2011 | F11: f | G11: 0 | I11: 2011 | J11: f | K11: 0 | M11: 2011 | N11: f | O11: 0 | Q11: 2011 | R11: f | S11: 0 | U11: 2011 | V11: f | W11: 0
A12: 2011 | B12: g-i | C12: 0 | E12: 2011 | F12: g-i | G12: 0 | I12: 2011 | J12: g-i | K12: 0 | M12: 2011 | N12: g-i | O12: 0 | Q12: 2011 | R12: g-i | S12: 0 | U12: 2011 | V12: g-i | W12: 0
A13: 2011 | B13: j-k | C13: 12361 | E13: 2011 | F13: j-k | G13: 2351 | I13: 2011 | J13: j-k | K13: 761578 | M13: 2011 | N13: j-k | O13: 2049 | Q13: 2011 | R13: j-k | S13: 119105.48 | U13: 2011 | V13: j-k | W13: 1541
A14: 2011 | B14: l-q | C14: 8175074 | E14: 2011 | F14: l-q | G14: 175153 | I14: 2011 | J14: l-q | K14: 13813507 | M14: 2011 | N14: l-q | O14: 1991261 | Q14: 2011 | R14: l-q | S14: 840021.3 | U14: 2011 | V14: l-q | W14: 1374256
... A26: 2019 | B26: l-q | C26: 16244423 | E26: 2019 | F26: l-q | G26: 127890.12 | I26: 2019 | J26: l-q | K26: 7844738.1 | M26: 2019 | N26: l-q | O26: 346564.79 | Q26: 2019 | R26: l-q | S26: 953593.05 | U26: 2019 | V26: l-q | W26: 791047.17
A28: period | B28: industry | C28: delta_M | E28: period | F28: industry | G28: delta_M | I28: period | J28: industry | K28: delta_M | M28: period | N28: industry | O28: delta_M | Q28: period | R28: industry | S28: delta_M | U28: period | V28: industry | W28: delta_M
A29: 1999-2011 | B29: a-b | C29: =C9-C3 -> 94843969 | E29: 1999-2011 | F29: a-b | G29: =G9-G3 -> 754415 | I29: 1999-2011 | J29: a-b | K29: =K9-K3 -> 227713596 | M29: 1999-2011 | N29: a-b | O29: =O9-O3 -> 13328158 | Q29: 1999-2011 | R29: a-b | S29: =S9-S3 -> 14972654 | U29: 1999-2011 | V29: a-b | W29: =W9-W3 -> 9039494
A30: 1999-2011 | B30: c-e | C30: =C10-C4 -> 38400805692 | E30: 1999-2011 | F30: c-e | G30: =G10-G4 -> 2306713988 | I30: 1999-2011 | J30: c-e | K30: =K10-K4 -> 137476733432 | M30: 1999-2011 | N30: c-e | O30: =O10-O4 -> 7318816835 | Q30: 1999-2011 | R30: c-e | S30: =S10-S4 -> 5.0901651e+09 | U30: 1999-2011 | V30: c-e | W30: =W10-W4 -> 6073689631
A31: 1999-2011 | B31: f | C31: =C11-C5 -> 0 | E31: 1999-2011 | F31: f | G31: =G11-G5 -> 0 | I31: 1999-2011 | J31: f | K31: =K11-K5 -> 0 | M31: 1999-2011 | N31: f | O31: =O11-O5 -> 0 | Q31: 1999-2011 | R31: f | S31: =S11-S5 -> 0 | U31: 1999-2011 | V31: f | W31: =W11-W5 -> 0
A32: 1999-2011 | B32: g-i | C32: =C12-C6 -> 0 | E32: 1999-2011 | F32: g-i | G32: =G12-G6 -> 0 | I32: 1999-2011 | J32: g-i | K32: =K12-K6 -> 0 | M32: 1999-2011 | N32: g-i | O32: =O12-O6 -> 0 | Q32: 1999-2011 | R32: g-i | S32: =S12-S6 -> 0 | U32: 1999-2011 | V32: g-i | W32: =W12-W6 -> 0
A33: 1999-2011 | B33: j-k | C33: =C13-C7 -> 4298 | E33: 1999-2011 | F33: j-k | G33: =G13-G7 -> 2351 | I33: 1999-2011 | J33: j-k | K33: =K13-K7 -> 362563 | M33: 1999-2011 | N33: j-k | O33: =O13-O7 -> -2333 | Q33: 1999-2011 | R33: j-k | S33: =S13-S7 -> 119105.48 | U33: 1999-2011 | V33: j-k | W33: =W13-W7 -> 90
A34: 1999-2011 | B34: l-q | C34: =C14-C8 -> -340145 | E34: 1999-2011 | F34: l-q | G34: =G14-G8 -> 58959 | I34: 1999-2011 | J34: l-q | K34: =K14-K8 -> -12463861 | M34: 1999-2011 | N34: l-q | O34: =O14-O8 -> 1795471 | Q34: 1999-2011 | R34: l-q | S34: =S14-S8 -> 417087.3 | U34: 1999-2011 | V34: l-q | W34: =W14-W8 -> 1203812
A35: 2012-2019 | B35: a-b | C35: =C21-C15 -> 33751430 | E35: 2012-2019 | F35: a-b | G35: =G21-G15 -> 116933.34 | I35: 2012-2019 | J35: a-b | K35: =K21-K15 -> -2.6543456e+08 | M35: 2012-2019 | N35: a-b | O35: =O21-O15 -> 4261096.3 | Q35: 2012-2019 | R35: a-b | S35: =S21-S15 -> 13832956 | U35: 2012-2019 | V35: a-b | W35: =W21-W15 -> 5051225.7
A36: 2012-2019 | B36: c-e | C36: =C22-C16 -> 1.1313181e+10 | E36: 2012-2019 | F36: c-e | G36: =G22-G16 -> -4.2385769e+08 | I36: 2012-2019 | J36: c-e | K36: =K22-K16 -> -1.8174446e+10 | M36: 2012-2019 | N36: c-e | O36: =O22-O16 -> 6.6895767e+08 | Q36: 2012-2019 | R36: c-e | S36: =S22-S16 -> 2.2383389e+09 | U36: 2012-2019 | V36: c-e | W36: =W22-W16 -> 1.607121e+09
A37: 2012-2019 | B37: f | C37: =C23-C17 -> 0 | E37: 2012-2019 | F37: f | G37: =G23-G17 -> 0 | I37: 2012-2019 | J37: f | K37: =K23-K17 -> 0 | M37: 2012-2019 | N37: f | O37: =O23-O17 -> 0 | Q37: 2012-2019 | R37: f | S37: =S23-S17 -> 0 | U37: 2012-2019 | V37: f | W37: =W23-W17 -> 0
A38: 2012-2019 | B38: g-i | C38: =C24-C18 -> 0 | E38: 2012-2019 | F38: g-i | G38: =G24-G18 -> 0 | I38: 2012-2019 | J38: g-i | K38: =K24-K18 -> 0 | M38: 2012-2019 | N38: g-i | O38: =O24-O18 -> 0 | Q38: 2012-2019 | R38: g-i | S38: =S24-S18 -> 0 | U38: 2012-2019 | V38: g-i | W38: =W24-W18 -> 0
A39: 2012-2019 | B39: j-k | C39: =C25-C19 -> -16866.495 | E39: 2012-2019 | F39: j-k | G39: =G25-G19 -> 5974.449 | I39: 2012-2019 | J39: j-k | K39: =K25-K19 -> 353490.37 | M39: 2012-2019 | N39: j-k | O39: =O25-O19 -> -33543.559 | Q39: 2012-2019 | R39: j-k | S39: =S25-S19 -> -81522.771 | U39: 2012-2019 | V39: j-k | W39: =W25-W19 -> 1830.964
A40: 2012-2019 | B40: l-q | C40: =C26-C20 -> 10823487 | E40: 2012-2019 | F40: l-q | G40: =G26-G20 -> -49944.884 | I40: 2012-2019 | J40: l-q | K40: =K26-K20 -> 3868789.1 | M40: 2012-2019 | N40: l-q | O40: =O26-O20 -> -830318.21 | Q40: 2012-2019 | R40: l-q | S40: =S26-S20 -> -413354.35 | U40: 2012-2019 | V40: l-q | W40: =W26-W20 -> -622979.37

Sheet delta_M_OC
A1: period | B1: industry | C1: delta_M_OC
A2: 1999-2011 | B2: a-b | C2: ='import OC'!C29+'import OC'!G29+'import OC'!K29+'import OC'!O29+'import OC'!S29+'import OC'!W29 -> 3.6065229e+08
A3: 1999-2011 | B3: c-e | C3: ='import OC'!C30+'import OC'!G30+'import OC'!K30+'import OC'!O30+'import OC'!S30+'import OC'!W30 -> 1.9666692e+11
A4: 1999-2011 | B4: f | C4: ='import OC'!C31+'import OC'!G31+'import OC'!K31+'import OC'!O31+'import OC'!S31+'import OC'!W31 -> 0
A5: 1999-2011 | B5: g-i | C5: ='import OC'!C32+'import OC'!G32+'import OC'!K32+'import OC'!O32+'import OC'!S32+'import OC'!W32 -> 0
A6: 1999-2011 | B6: j-k | C6: ='import OC'!C33+'import OC'!G33+'import OC'!K33+'import OC'!O33+'import OC'!S33+'import OC'!W33 -> 486074.48
A7: 1999-2011 | B7: l-q | C7: ='import OC'!C34+'import OC'!G34+'import OC'!K34+'import OC'!O34+'import OC'!S34+'import OC'!W34 -> -9328676.7
A8: 2012-2019 | B8: a-b | C8: ='import OC'!C35+'import OC'!G35+'import OC'!K35+'import OC'!O35+'import OC'!S35+'import OC'!W35 -> -2.0842092e+08
A9: 2012-2019 | B9: c-e | C9: ='import OC'!C36+'import OC'!G36+'import OC'!K36+'import OC'!O36+'import OC'!S36+'import OC'!W36 -> -2.7707047e+09
A10: 2012-2019 | B10: f | C10: ='import OC'!C37+'import OC'!G37+'import OC'!K37+'import OC'!O37+'import OC'!S37+'import OC'!W37 -> 0
A11: 2012-2019 | B11: g-i | C11: ='import OC'!C38+'import OC'!G38+'import OC'!K38+'import OC'!O38+'import OC'!S38+'import OC'!W38 -> 0
A12: 2012-2019 | B12: j-k | C12: ='import OC'!C39+'import OC'!G39+'import OC'!K39+'import OC'!O39+'import OC'!S39+'import OC'!W39 -> 229362.95
A13: 2012-2019 | B13: l-q | C13: ='import OC'!C40+'import OC'!G40+'import OC'!K40+'import OC'!O40+'import OC'!S40+'import OC'!W40 -> 12775679

Sheet shock_OC
A1: period | B1: industry | C1: L_i0 | D1: delta_M_OC | E1: shock_OC
A2: 1999-2011 | B2: a-b | C2: =L_i!C2 -> 919.8 | D2: =delta_M_OC!C2 -> 3.6065229e+08 | E2: =D2/C2 -> 392098.59
A3: 1999-2011 | B3: c-e | C3: =L_i!C3 -> 4463.5 | D3: =delta_M_OC!C3 -> 1.9666692e+11 | E3: =D3/C3 -> 44061146
A4: 1999-2011 | B4: f | C4: =L_i!C4 -> 1435 | D4: =delta_M_OC!C4 -> 0 | E4: =D4/C4 -> 0
A5: 1999-2011 | B5: g-i | C5: =L_i!C5 -> 5179.8 | D5: =delta_M_OC!C5 -> 0 | E5: =D5/C5 -> 0
A6: 1999-2011 | B6: j-k | C6: =L_i!C6 -> 2769.7 | D6: =delta_M_OC!C6 -> 486074.48 | E6: =D6/C6 -> 175.49716
A7: 1999-2011 | B7: l-q | C7: =L_i!C7 -> 7617.4 | D7: =delta_M_OC!C7 -> -9328676.7 | E7: =D7/C7 -> -1224.6536
A8: 2012-2019 | B8: a-b | C8: =L_i!C14 -> 721.2 | D8: =delta_M_OC!C8 -> -2.0842092e+08 | E8: =D8/C8 -> -288991.85
A9: 2012-2019 | B9: c-e | C9: =L_i!C15 -> 3716.4 | D9: =delta_M_OC!C9 -> -2.7707047e+09 | E9: =D9/C9 -> -745534.58
A10: 2012-2019 | B10: f | C10: =L_i!C16 -> 1856.1 | D10: =delta_M_OC!C10 -> 0 | E10: =D10/C10 -> 0
A11: 2012-2019 | B11: g-i | C11: =L_i!C17 -> 6273.7 | D11: =delta_M_OC!C11 -> 0 | E11: =D11/C11 -> 0
A12: 2012-2019 | B12: j-k | C12: =L_i!C18 -> 3471.2 | D12: =delta_M_OC!C12 -> 229362.95 | E12: =D12/C12 -> 66.075984
A13: 2012-2019 | B13: l-q | C13: =L_i!C19 -> 9371.8 | D13: =delta_M_OC!C13 -> 12775679 | E13: =D13/C13 -> 1363.2045

Sheet IPW_OC
A1: p1 | L1: p2
B2: a-b | C2: c-e | D2: f | E2: g-i | F2: j-k | G2: l-q | H2: IPW (1999-2011) | M2: a-b | N2: c-e | O2: f | P2: g-i | Q2: j-k | R2: l-q | S2: IPW (2012-2019)
A3: Ile de France | B3: =shock_OC!$E$2*s_ri!B3 -> 1834.4743 | C3: =shock_OC!$E$3*s_ri!C3 -> 6392309.5 | D3: =shock_OC!$E$4*s_ri!D3 -> 0 | E3: =shock_OC!$E$5*s_ri!E3 -> 0 | F3: =shock_OC!$E$6*s_ri!F3 -> 39.052251 | G3: =shock_OC!$E$7*s_ri!G3 -> -406.12207 | H3: =SUM(B3:G3)/1000 -> 6393.7769 | L3: Ile de France | M3: =shock_OC!$E$8*s_ri!K3 -> -481.28 | N3: =shock_OC!$E$9*s_ri!L3 -> -67926.805 | O3: =shock_OC!$E$10*s_ri!M3 -> 0 | P3: =shock_OC!$E$11*s_ri!N3 -> 0 | Q3: =shock_OC!$E$12*s_ri!O3 -> 14.252912 | R3: =shock_OC!$E$13*s_ri!P3 -> 460.25309 | S3: =SUM(M3:R3) -> -67933.579
A4: Centre — Val de Loire | B4: =shock_OC!$E$2*s_ri!B4 -> 22954.194 | C4: =shock_OC!$E$3*s_ri!C4 -> 11195079 | D4: =shock_OC!$E$4*s_ri!D4 -> 0 | E4: =shock_OC!$E$5*s_ri!E4 -> 0 | F4: =shock_OC!$E$6*s_ri!F4 -> 17.645199 | G4: =shock_OC!$E$7*s_ri!G4 -> -402.70983 | H4: =SUM(B4:G4)/1000 -> 11217.648 | L4: Centre — Val de Loire | M4: =shock_OC!$E$8*s_ri!K4 -> -11426.791 | N4: =shock_OC!$E$9*s_ri!L4 -> -129218.11 | O4: =shock_OC!$E$10*s_ri!M4 -> 0 | P4: =shock_OC!$E$11*s_ri!N4 -> 0 | Q4: =shock_OC!$E$12*s_ri!O4 -> 8.0933421 | R4: =shock_OC!$E$13*s_ri!P4 -> 491.05621 | S4: =SUM(M4:R4) -> -140145.76
A5: Bourgogne | B5: =shock_OC!$E$2*s_ri!B5 -> 25879.641 | C5: =shock_OC!$E$3*s_ri!C5 -> 10642037 | D5: =shock_OC!$E$4*s_ri!D5 -> 0 | E5: =shock_OC!$E$5*s_ri!E5 -> 0 | F5: =shock_OC!$E$6*s_ri!F5 -> 11.836969 | G5: =shock_OC!$E$7*s_ri!G5 -> -423.03356 | H5: =SUM(B5:G5)/1000 -> 10667.505 | L5: Bourgogne | M5: =shock_OC!$E$8*s_ri!K5 -> -16375.005 | N5: =shock_OC!$E$9*s_ri!L5 -> -121160.98 | O5: =shock_OC!$E$10*s_ri!M5 -> 0 | P5: =shock_OC!$E$11*s_ri!N5 -> 0 | Q5: =shock_OC!$E$12*s_ri!O5 -> 7.0046303 | R5: =shock_OC!$E$13*s_ri!P5 -> 484.46385 | S5: =SUM(M5:R5) -> -137044.51
A6: Franche-Comté | B6: =shock_OC!$E$2*s_ri!B6 -> 18309.138 | C6: =shock_OC!$E$3*s_ri!C6 -> 14302727 | D6: =shock_OC!$E$4*s_ri!D6 -> 0 | E6: =shock_OC!$E$5*s_ri!E6 -> 0 | F6: =shock_OC!$E$6*s_ri!F6 -> 11.678697 | G6: =shock_OC!$E$7*s_ri!G6 -> -391.18195 | H6: =SUM(B6:G6)/1000 -> 14320.657 | L6: Franche-Comté | M6: =shock_OC!$E$8*s_ri!K6 -> -9717.1127 | N6: =shock_OC!$E$9*s_ri!L6 -> -203717.05 | O6: =shock_OC!$E$10*s_ri!M6 -> 0 | P6: =shock_OC!$E$11*s_ri!N6 -> 0 | Q6: =shock_OC!$E$12*s_ri!O6 -> 4.8091054 | R6: =shock_OC!$E$13*s_ri!P6 -> 502.17214 | S6: =SUM(M6:R6) -> -212927.18
A7: Basse-Normandie | B7: =shock_OC!$E$2*s_ri!B7 -> 35407.691 | C7: =shock_OC!$E$3*s_ri!C7 -> 8669809.3 | D7: =shock_OC!$E$4*s_ri!D7 -> 0 | E7: =shock_OC!$E$5*s_ri!E7 -> 0 | F7: =shock_OC!$E$6*s_ri!F7 -> 16.87609 | G7: =shock_OC!$E$7*s_ri!G7 -> -427.26805 | H7: =SUM(B7:G7)/1000 -> 8704.8066 | L7: Basse-Normandie | M7: =shock_OC!$E$8*s_ri!K7 -> -15974.171 | N7: =shock_OC!$E$9*s_ri!L7 -> -117668.24 | O7: =shock_OC!$E$10*s_ri!M7 -> 0 | P7: =shock_OC!$E$11*s_ri!N7 -> 0 | Q7: =shock_OC!$E$12*s_ri!O7 -> 6.1447334 | R7: =shock_OC!$E$13*s_ri!P7 -> 511.34977 | S7: =SUM(M7:R7) -> -133124.92
A8: Haute-Normandie | B8: =shock_OC!$E$2*s_ri!B8 -> 9199.7691 | C8: =shock_OC!$E$3*s_ri!C8 -> 10861150 | D8: =shock_OC!$E$4*s_ri!D8 -> 0 | E8: =shock_OC!$E$5*s_ri!E8 -> 0 | F8: =shock_OC!$E$6*s_ri!F8 -> 16.817961 | G8: =shock_OC!$E$7*s_ri!G8 -> -406.94851 | H8: =SUM(B8:G8)/1000 -> 10869.96 | L8: Haute-Normandie | M8: =shock_OC!$E$8*s_ri!K8 -> -4331.8695 | N8: =shock_OC!$E$9*s_ri!L8 -> -153556.33 | O8: =shock_OC!$E$10*s_ri!M8 -> 0 | P8: =shock_OC!$E$11*s_ri!N8 -> 0 | Q8: =shock_OC!$E$12*s_ri!O8 -> 6.7956008 | R8: =shock_OC!$E$13*s_ri!P8 -> 521.25306 | S8: =SUM(M8:R8) -> -157360.15
A9: Nord-Pas de Calais | B9: =shock_OC!$E$2*s_ri!B9 -> 6566.1733 | C9: =shock_OC!$E$3*s_ri!C9 -> 10179771 | D9: =shock_OC!$E$4*s_ri!D9 -> 0 | E9: =shock_OC!$E$5*s_ri!E9 -> 0 | F9: =shock_OC!$E$6*s_ri!F9 -> 16.636125 | G9: =shock_OC!$E$7*s_ri!G9 -> -425.84948 | H9: =SUM(B9:G9)/1000 -> 10185.928 | L9: Nord-Pas de Calais | M9: =shock_OC!$E$8*s_ri!K9 -> -3099.7793 | N9: =shock_OC!$E$9*s_ri!L9 -> -125861.73 | O9: =shock_OC!$E$10*s_ri!M9 -> 0 | P9: =shock_OC!$E$11*s_ri!N9 -> 0 | Q9: =shock_OC!$E$12*s_ri!O9 -> 7.4616117 | R9: =shock_OC!$E$13*s_ri!P9 -> 541.01325 | S9: =SUM(M9:R9) -> -128413.04
A10: Picardie | B10: =shock_OC!$E$2*s_ri!B10 -> 15128.634 | C10: =shock_OC!$E$3*s_ri!C10 -> 11246959 | D10: =shock_OC!$E$4*s_ri!D10 -> 0 | E10: =shock_OC!$E$5*s_ri!E10 -> 0 | F10: =shock_OC!$E$6*s_ri!F10 -> 14.578293 | G10: =shock_OC!$E$7*s_ri!G10 -> -393.39381 | H10: =SUM(B10:G10)/1000 -> 11261.709 | L10: Picardie | M10: =shock_OC!$E$8*s_ri!K10 -> -8682.4898 | N10: =shock_OC!$E$9*s_ri!L10 -> -129017.6 | O10: =shock_OC!$E$10*s_ri!M10 -> 0 | P10: =shock_OC!$E$11*s_ri!N10 -> 0 | Q10: =shock_OC!$E$12*s_ri!O10 -> 6.2555578 | R10: =shock_OC!$E$13*s_ri!P10 -> 496.93526 | S10: =SUM(M10:R10) -> -137196.9
A11: Alsace | B11: =shock_OC!$E$2*s_ri!B11 -> 7409.0705 | C11: =shock_OC!$E$3*s_ri!C11 -> 12881150 | D11: =shock_OC!$E$4*s_ri!D11 -> 0 | E11: =shock_OC!$E$5*s_ri!E11 -> 0 | F11: =shock_OC!$E$6*s_ri!F11 -> 17.528398 | G11: =shock_OC!$E$7*s_ri!G11 -> -351.57758 | H11: =SUM(B11:G11)/1000 -> 12888.225 | L11: Alsace | M11: =shock_OC!$E$8*s_ri!K11 -> -2619.6952 | N11: =shock_OC!$E$9*s_ri!L11 -> -159883.05 | O11: =shock_OC!$E$10*s_ri!M11 -> 0 | P11: =shock_OC!$E$11*s_ri!N11 -> 0 | Q11: =shock_OC!$E$12*s_ri!O11 -> 7.2123171 | R11: =shock_OC!$E$13*s_ri!P11 -> 486.67736 | S11: =SUM(M11:R11) -> -162008.86
A12: Champagne-Ardenne | B12: =shock_OC!$E$2*s_ri!B12 -> 33173.736 | C12: =shock_OC!$E$3*s_ri!C12 -> 9623193.4 | D12: =shock_OC!$E$4*s_ri!D12 -> 0 | E12: =shock_OC!$E$5*s_ri!E12 -> 0 | F12: =shock_OC!$E$6*s_ri!F12 -> 14.661976 | G12: =shock_OC!$E$7*s_ri!G12 -> -409.51629 | H12: =SUM(B12:G12)/1000 -> 9655.9723 | L12: Champagne-Ardenne | M12: =shock_OC!$E$8*s_ri!K12 -> -16718.06 | N12: =shock_OC!$E$9*s_ri!L12 -> -144704.8 | O12: =shock_OC!$E$10*s_ri!M12 -> 0 | P12: =shock_OC!$E$11*s_ri!N12 -> 0 | Q12: =shock_OC!$E$12*s_ri!O12 -> 6.3004828 | R12: =shock_OC!$E$13*s_ri!P12 -> 509.87599 | S12: =SUM(M12:R12) -> -160906.68
A13: Lorraine | B13: =shock_OC!$E$2*s_ri!B13 -> 11249.663 | C13: =shock_OC!$E$3*s_ri!C13 -> 10829758 | D13: =shock_OC!$E$4*s_ri!D13 -> 0 | E13: =shock_OC!$E$5*s_ri!E13 -> 0 | F13: =shock_OC!$E$6*s_ri!F13 -> 15.431682 | G13: =shock_OC!$E$7*s_ri!G13 -> -419.21876 | H13: =SUM(B13:G13)/1000 -> 10840.604 | L13: Lorraine | M13: =shock_OC!$E$8*s_ri!K13 -> -5572.1479 | N13: =shock_OC!$E$9*s_ri!L13 -> -129700.8 | O13: =shock_OC!$E$10*s_ri!M13 -> 0 | P13: =shock_OC!$E$11*s_ri!N13 -> 0 | Q13: =shock_OC!$E$12*s_ri!O13 -> 7.1591967 | R13: =shock_OC!$E$13*s_ri!P13 -> 547.19337 | S13: =SUM(M13:R13) -> -134718.6
A14: Pays de la Loire | B14: =shock_OC!$E$2*s_ri!B14 -> 25608.806 | C14: =shock_OC!$E$3*s_ri!C14 -> 11212509 | D14: =shock_OC!$E$4*s_ri!D14 -> 0 | E14: =shock_OC!$E$5*s_ri!E14 -> 0 | F14: =shock_OC!$E$6*s_ri!F14 -> 14.945811 | G14: =shock_OC!$E$7*s_ri!G14 -> -390.39053 | H14: =SUM(B14:G14)/1000 -> 11237.742 | L14: Pays de la Loire | M14: =shock_OC!$E$8*s_ri!K14 -> -11574.262 | N14: =shock_OC!$E$9*s_ri!L14 -> -140877.12 | O14: =shock_OC!$E$10*s_ri!M14 -> 0 | P14: =shock_OC!$E$11*s_ri!N14 -> 0 | Q14: =shock_OC!$E$12*s_ri!O14 -> 7.6758033 | R14: =shock_OC!$E$13*s_ri!P14 -> 467.10758 | S14: =SUM(M14:R14) -> -151976.6
... A24: Corse | B24: =shock_OC!$E$2*s_ri!B24 -> 0 | C24: =shock_OC!$E$3*s_ri!C24 -> 0 | D24: =shock_OC!$E$4*s_ri!D24 -> 0 | E24: =shock_OC!$E$5*s_ri!E24 -> 0 | F24: =shock_OC!$E$6*s_ri!F24 -> 0 | G24: =shock_OC!$E$7*s_ri!G24 -> -734.79219 | H24: =SUM(B24:G24)/1000 -> -0.73479219 | L24: Corse | M24: =shock_OC!$E$8*s_ri!K24 -> 0 | N24: =shock_OC!$E$9*s_ri!L24 -> -119329.32 | O24: =shock_OC!$E$10*s_ri!M24 -> 0 | P24: =shock_OC!$E$11*s_ri!N24 -> 0 | Q24: =shock_OC!$E$12*s_ri!O24 -> 7.2770907 | R24: =shock_OC!$E$13*s_ri!P24 -> 508.44924 | S24: =SUM(M24:R24) -> -118813.6
