Workbook

Sheet employment
A1: zone | B1: year | C1: industry | D1: employment
A2: Groningen | B2: 1999 | C2: a-b | D2: 5.6
A3: Friesland (NL) | B3: 1999 | C3: a-b | D3: 10.6
A4: Drenthe | B4: 1999 | C4: a-b | D4: 12
A5: Overijssel | B5: 1999 | C5: a-b | D5: 19.5
A6: Gelderland | B6: 1999 | C6: a-b | D6: 30.1
A7: Flevoland | B7: 1999 | C7: a-b | D7: 4.6
A8: Utrecht (NUTS 2021) | B8: 1999 | C8: a-b | D8: 6.1
A9: Noord-Holland | B9: 1999 | C9: a-b | D9: 28.1
A10: Zuid-Holland (NUTS 2021) | B10: 1999 | C10: a-b | D10: 41.9
A11: Zeeland | B11: 1999 | C11: a-b | D11: 5.8
A12: Noord-Brabant | B12: 1999 | C12: a-b | D12: 41.2
A13: Limburg (NL) | B13: 1999 | C13: a-b | D13: 20.6
... A289: Limburg (NL) | B289: 2019 | C289: l-q | D289: 168.2

Sheet import
A1: year | B1: industry | C1: import
A2: 1999 | B2: a-b | C2: 77134471
A3: 1999 | B3: c-e | C3: 3683427867
A4: 1999 | B4: f | C4: 0
A5: 1999 | B5: g-i | C5: 0
A6: 1999 | B6: j-k | C6: 9663
A7: 1999 | B7: l-q | C7: 1191543
A8: 2011 | B8: a-b | C8: 4.1238121e+08
A9: 2011 | B9: c-e | C9: 4.2165925e+10
A10: 2011 | B10: f | C10: 0
A11: 2011 | B11: g-i | C11: 0
A12: 2011 | B12: j-k | C12: 164761.08
A13: 2011 | B13: l-q | C13: 6510555.9
... A25: 2019 | B25: l-q | C25: 2634948.3

Sheet L_i
A1: year | B1: industry | C1: L_i
A2: 1999 | B2: a-b | C2: =SUM(employment!D2:D13) -> 226.1
A3: 1999 | B3: c-e | C3: =SUM(employment!D50:D61) -> 1144.4
A4: 1999 | B4: f | C4: =SUM(employment!D98:D109) -> 460.5
A5: 1999 | B5: g-i | C5: =SUM(employment!D146:D157) -> 1826.5
A6: 1999 | B6: j-k | C6: =SUM(employment!D194:D205) -> 1132.9
A7: 1999 | B7: l-q | C7: =SUM(employment!D242:D253) -> 2382.6
A8: 2011 | B8: a-b | C8: =SUM(employment!D14:D25) -> 194.1
A9: 2011 | B9: c-e | C9: =SUM(employment!D62:D73) -> 828
A10: 2011 | B10: f | C10: =SUM(employment!D110:D121) -> 430.5
A11: 2011 | B11: g-i | C11: =SUM(employment!D158:D169) -> 2063.2
A12: 2011 | B12: j-k | C12: =SUM(employment!D206:D217) -> 1026
A13: 2011 | B13: l-q | C13: =SUM(employment!D254:D265) -> 2744.3
A14: 2012 | B14: a-b | C14: =SUM(employment!D26:D37) -> 192.4
A15: 2012 | B15: c-e | C15: =SUM(employment!D74:D85) -> 844.1
A16: 2012 | B16: f | C16: =SUM(employment!D122:D133) -> 434
A17: 2012 | B17: g-i | C17: =SUM(employment!D170:D181) -> 2101.7
A18: 2012 | B18: j-k | C18: =SUM(employment!D218:D229) -> 1057.9
A19: 2012 | B19: l-q | C19: =SUM(employment!D266:D277) -> 2738.6
A20: 2019 | B20: a-b | C20: =SUM(employment!D38:D49) -> 154.4
A21: 2019 | B21: c-e | C21: =SUM(employment!D86:D97) -> 866.5
A22: 2019 | B22: f | C22: =SUM(employment!D134:D145) -> 402.3
A23: 2019 | B23: g-i | C23: =SUM(employment!D182:D193) -> 2268.4
A24: 2019 | B24: j-k | C24: =SUM(employment!D230:D241) -> 1381.5
A25: 2019 | B25: l-q | C25: =SUM(employment!D278:D289) -> 2748.4

Sheet delta_M
A1: period | B1: industry | C1: delta_M
A2: 1999-2011 | B2: a-b | C2: =import!C8-import!C2 -> 3.3524674e+08
A3: 1999-2011 | B3: c-e | C3: =import!C9-import!C3 -> 3.8482497e+10
A4: 1999-2011 | B4: f | C4: =import!C10-import!C4 -> 0
A5: 1999-2011 | B5: g-i | C5: =import!C11-import!C5 -> 0
A6: 1999-2011 | B6: j-k | C6: =import!C12-import!C6 -> 155098.08
A7: 1999-2011 | B7: l-q | C7: =import!C13-import!C7 -> 5319012.9
A8: 2012-2019 | B8: a-b | C8: =import!C20-import!C14 -> -2.2050412e+08
A9: 2012-2019 | B9: c-e | C9: =import!C21-import!C15 -> 6.776659e+09
A10: 2012-2019 | B10: f | C10: =import!C22-import!C16 -> 0
A11: 2012-2019 | B11: g-i | C11: =import!C23-import!C17 -> 0
A12: 2012-2019 | B12: j-k | C12: =import!C24-import!C18 -> -186538.15
A13: 2012-2019 | B13: l-q | C13: =import!C25-import!C19 -> -3211320.5

Sheet shock_i
A1: period | B1: industry | C1: L_i0 | D1: delta_M | E1: shock_i
A2: 1999-2011 | B2: a-b | C2: =L_i!C2 -> 226.1 | D2: =delta_M!C2 -> 3.3524674e+08 | E2: =D2/C2 -> 1482736.6
A3: 1999-2011 | B3: c-e | C3: =L_i!C3 -> 1144.4 | D3: =delta_M!C3 -> 3.8482497e+10 | E3: =D3/C3 -> 33626789
A4: 1999-2011 | B4: f | C4: =L_i!C4 -> 460.5 | D4: =delta_M!C4 -> 0 | E4: =D4/C4 -> 0
A5: 1999-2011 | B5: g-i | C5: =L_i!C5 -> 1826.5 | D5: =delta_M!C5 -> 0 | E5: =D5/C5 -> 0
A6: 1999-2011 | B6: j-k | C6: =L_i!C6 -> 1132.9 | D6: =delta_M!C6 -> 155098.08 | E6: =D6/C6 -> 136.90359
A7: 1999-2011 | B7: l-q | C7: =L_i!C7 -> 2382.6 | D7: =delta_M!C7 -> 5319012.9 | E7: =D7/C7 -> 2232.4406
A8: 2012-2019 | B8: a-b | C8: =L_i!C14 -> 192.4 | D8: =delta_M!C8 -> -2.2050412e+08 | E8: =D8/C8 -> -1146071.3
A9: 2012-2019 | B9: c-e | C9: =L_i!C15 -> 844.1 | D9: =delta_M!C9 -> 6.776659e+09 | E9: =D9/C9 -> 8028265.6
A10: 2012-2019 | B10: f | C10: =L_i!C16 -> 434 | D10: =delta_M!C10 -> 0 | E10: =D10/C10 -> 0
A11: 2012-2019 | B11: g-i | C11: =L_i!C17 -> 2101.7 | D11: =delta_M!C11 -> 0 | E11: =D11/C11 -> 0
A12: 2012-2019 | B12: j-k | C12: =L_i!C18 -> 1057.9 | D12: =delta_M!C12 -> -186538.15 | E12: =D12/C12 -> -176.32871
A13: 2012-2019 | B13: l-q | C13: =L_i!C19 -> 2738.6 | D13: =delta_M!C13 -> -3211320.5 | E13: =D13/C13 -> -1172.6139

Sheet L_r
A1: 1999 | L1: 2012
B2: a-b | C2: c-e | D2: f | E2: g-i | F2: j-k | G2: l-q | H2: total_1999 | M2: a-b | N2: c-e | O2: f | P2: g-i | Q2: j-k | R2: l-q | S2: total_2012
A3: Groningen | B3: =employment!D2 -> 5.6 | C3: =employment!D50 -> 46.6 | D3: =employment!D98 -> 13.5 | E3: =employment!D146 -> 52.2 | F3: =employment!D194 -> 34.7 | G3: =employment!D242 -> 85.8 | H3: =SUM(B3:G3) -> 238.4 | L3: Groningen | M3: =employment!D26 -> 7.9 | N3: =employment!D74 -> 33 | O3: =employment!D122 -> 11.5 | P3: =employment!D170 -> 60.4 | Q3: =employment!D218 -> 30.8 | R3: =employment!D266 -> 106.9 | S3: =SUM(M3:R3) -> 250.5
A4: Friesland (NL) | B4: =employment!D3 -> 10.6 | C4: =employment!D51 -> 56.3 | D4: =employment!D99 -> 19.6 | E4: =employment!D147 -> 64.2 | F4: =employment!D195 -> 31.1 | G4: =employment!D243 -> 93.4 | H4: =SUM(B4:G4) -> 275.2 | L4: Friesland (NL) | M4: =employment!D27 -> 12 | N4: =employment!D75 -> 33 | O4: =employment!D123 -> 21.2 | P4: =employment!D171 -> 73.8 | Q4: =employment!D219 -> 33.1 | R4: =employment!D267 -> 102.6 | S4: =SUM(M4:R4) -> 275.7
A5: Drenthe | B5: =employment!D4 -> 12 | C5: =employment!D52 -> 37.7 | D5: =employment!D100 -> 13.1 | E5: =employment!D148 -> 33.4 | F5: =employment!D196 -> 18.6 | G5: =employment!D244 -> 79.2 | H5: =SUM(B5:G5) -> 194 | L5: Drenthe | M5: =employment!D28 -> 7.7 | N5: =employment!D76 -> 27.9 | O5: =employment!D124 -> 13.9 | P5: =employment!D172 -> 54.6 | Q5: =employment!D220 -> 24.1 | R5: =employment!D268 -> 79.5 | S5: =SUM(M5:R5) -> 207.7
A6: Overijssel | B6: =employment!D5 -> 19.5 | C6: =employment!D53 -> 106.7 | D6: =employment!D101 -> 37.8 | E6: =employment!D149 -> 111.7 | F6: =employment!D197 -> 54.6 | G6: =employment!D245 -> 147.2 | H6: =SUM(B6:G6) -> 477.5 | L6: Overijssel | M6: =employment!D29 -> 16.9 | N6: =employment!D77 -> 74.2 | O6: =employment!D125 -> 32.8 | P6: =employment!D173 -> 128.2 | Q6: =employment!D221 -> 53.1 | R6: =employment!D269 -> 188.5 | S6: =SUM(M6:R6) -> 493.7
A7: Gelderland | B7: =employment!D6 -> 30.1 | C7: =employment!D54 -> 139.1 | D7: =employment!D102 -> 58.6 | E7: =employment!D150 -> 215.1 | F7: =employment!D198 -> 121.5 | G7: =employment!D246 -> 298.2 | H7: =SUM(B7:G7) -> 862.6 | L7: Gelderland | M7: =employment!D30 -> 25 | N7: =employment!D78 -> 103.8 | O7: =employment!D126 -> 56.1 | P7: =employment!D174 -> 242.5 | Q7: =employment!D222 -> 120.8 | R7: =employment!D270 -> 334.1 | S7: =SUM(M7:R7) -> 882.3
A8: Flevoland | B8: =employment!D7 -> 4.6 | C8: =employment!D55 -> 22.3 | D8: =employment!D103 -> 6.2 | E8: =employment!D151 -> 32.8 | F8: =employment!D199 -> 29.7 | G8: =employment!D247 -> 48.1 | H8: =SUM(B8:G8) -> 143.7 | L8: Flevoland | M8: =employment!D31 -> 5.3 | N8: =employment!D79 -> 17.7 | O8: =employment!D127 -> 10 | P8: =employment!D175 -> 58.7 | Q8: =employment!D223 -> 25.3 | R8: =employment!D271 -> 60.3 | S8: =SUM(M8:R8) -> 177.3
A9: Utrecht (NUTS 2021) | B9: =employment!D8 -> 6.1 | C9: =employment!D56 -> 56.7 | D9: =employment!D104 -> 31 | E9: =employment!D152 -> 139.3 | F9: =employment!D200 -> 108.6 | G9: =employment!D248 -> 188.2 | H9: =SUM(B9:G9) -> 529.9 | L9: Utrecht (NUTS 2021) | M9: =employment!D32 -> 7.3 | N9: =employment!D80 -> 42.8 | O9: =employment!D128 -> 28.9 | P9: =employment!D176 -> 172.4 | Q9: =employment!D224 -> 96.5 | R9: =employment!D272 -> 222 | S9: =SUM(M9:R9) -> 569.9
A10: Noord-Holland | B10: =employment!D9 -> 28.1 | C10: =employment!D57 -> 123.3 | D10: =employment!D105 -> 59.5 | E10: =employment!D153 -> 337.6 | F10: =employment!D201 -> 216.6 | G10: =employment!D249 -> 401.4 | H10: =SUM(B10:G10) -> 1166.5 | L10: Noord-Holland | M10: =employment!D33 -> 19.4 | N10: =employment!D81 -> 101.4 | O10: =employment!D129 -> 59.9 | P10: =employment!D177 -> 378.4 | Q10: =employment!D225 -> 213.6 | R10: =employment!D273 -> 446.2 | S10: =SUM(M10:R10) -> 1218.9
A11: Zuid-Holland (NUTS 2021) | B11: =employment!D10 -> 41.9 | C11: =employment!D58 -> 168.9 | D11: =employment!D106 -> 96.5 | E11: =employment!D154 -> 391.1 | F11: =employment!D202 -> 284.5 | G11: =employment!D250 -> 547 | H11: =SUM(B11:G11) -> 1529.9 | L11: Zuid-Holland (NUTS 2021) | M11: =employment!D34 -> 36.3 | N11: =employment!D82 -> 142.1 | O11: =employment!D130 -> 88.7 | P11: =employment!D178 -> 428.5 | Q11: =employment!D226 -> 247.6 | R11: =employment!D274 -> 598.1 | S11: =SUM(M11:R11) -> 1541.3
A12: Zeeland | B12: =employment!D11 -> 5.8 | C12: =employment!D59 -> 34.9 | D12: =employment!D107 -> 9.2 | E12: =employment!D155 -> 43.5 | F12: =employment!D203 -> 19.3 | G12: =employment!D251 -> 43.2 | H12: =SUM(B12:G12) -> 155.9 | L12: Zeeland | M12: =employment!D35 -> 5.5 | N12: =employment!D83 -> 27.9 | O12: =employment!D131 -> 11.6 | P12: =employment!D179 -> 48.6 | Q12: =employment!D227 -> 14.5 | R12: =employment!D275 -> 56.9 | S12: =SUM(M12:R12) -> 165
A13: Noord-Brabant | B13: =employment!D12 -> 41.2 | C13: =employment!D60 -> 231.7 | D13: =employment!D108 -> 86.3 | E13: =employment!D156 -> 289.7 | F13: =employment!D204 -> 147.7 | G13: =employment!D252 -> 299.7 | H13: =SUM(B13:G13) -> 1096.3 | L13: Noord-Brabant | M13: =employment!D36 -> 34 | N13: =employment!D84 -> 167.5 | O13: =employment!D132 -> 74.7 | P13: =employment!D180 -> 317.4 | Q13: =employment!D228 -> 143.9 | R13: =employment!D276 -> 367 | S13: =SUM(M13:R13) -> 1104.5
A14: Limburg (NL) | B14: =employment!D13 -> 20.6 | C14: =employment!D61 -> 120.2 | D14: =employment!D109 -> 29.2 | E14: =employment!D157 -> 115.9 | F14: =employment!D205 -> 66 | G14: =employment!D253 -> 151.2 | H14: =SUM(B14:G14) -> 503.1 | L14: Limburg (NL) | M14: =employment!D37 -> 15.1 | N14: =employment!D85 -> 72.8 | O14: =employment!D133 -> 24.7 | P14: =employment!D181 -> 138.2 | Q14: =employment!D229 -> 54.6 | R14: =employment!D277 -> 176.5 | S14: =SUM(M14:R14) -> 481.9

Sheet s_ri
A1: 1999 | J1: 2012
B2: a-b | C2: c-e | D2: f | E2: g-i | F2: j-k | G2: l-q | K2: a-b | L2: c-e | M2: f | N2: g-i | O2: j-k | P2: l-q
A3: Groningen | B3: =L_r!B3/L_r!$H3 -> 0.023489933 | C3: =L_r!C3/L_r!$H3 -> 0.1954698 | D3: =L_r!D3/L_r!$H3 -> 0.056627517 | E3: =L_r!E3/L_r!$H3 -> 0.21895973 | F3: =L_r!F3/L_r!$H3 -> 0.14555369 | G3: =L_r!G3/L_r!$H3 -> 0.35989933 | J3: Groningen | K3: =L_r!M3/L_r!$S3 -> 0.031536926 | L3: =L_r!N3/L_r!$S3 -> 0.13173653 | M3: =L_r!O3/L_r!$S3 -> 0.045908184 | N3: =L_r!P3/L_r!$S3 -> 0.24111776 | O3: =L_r!Q3/L_r!$S3 -> 0.12295409 | P3: =L_r!R3/L_r!$S3 -> 0.42674651
A4: Friesland (NL) | B4: =L_r!B4/L_r!$H4 -> 0.038517442 | C4: =L_r!C4/L_r!$H4 -> 0.20457849 | D4: =L_r!D4/L_r!$H4 -> 0.07122093 | E4: =L_r!E4/L_r!$H4 -> 0.23328488 | F4: =L_r!F4/L_r!$H4 -> 0.11300872 | G4: =L_r!G4/L_r!$H4 -> 0.33938953 | J4: Friesland (NL) | K4: =L_r!M4/L_r!$S4 -> 0.043525571 | L4: =L_r!N4/L_r!$S4 -> 0.11969532 | M4: =L_r!O4/L_r!$S4 -> 0.076895176 | N4: =L_r!P4/L_r!$S4 -> 0.26768226 | O4: =L_r!Q4/L_r!$S4 -> 0.12005803 | P4: =L_r!R4/L_r!$S4 -> 0.37214363
A5: Drenthe | B5: =L_r!B5/L_r!$H5 -> 0.06185567 | C5: =L_r!C5/L_r!$H5 -> 0.1943299 | D5: =L_r!D5/L_r!$H5 -> 0.067525773 | E5: =L_r!E5/L_r!$H5 -> 0.17216495 | F5: =L_r!F5/L_r!$H5 -> 0.095876289 | G5: =L_r!G5/L_r!$H5 -> 0.40824742 | J5: Drenthe | K5: =L_r!M5/L_r!$S5 -> 0.037072701 | L5: =L_r!N5/L_r!$S5 -> 0.13432836 | M5: =L_r!O5/L_r!$S5 -> 0.066923447 | N5: =L_r!P5/L_r!$S5 -> 0.26287915 | O5: =L_r!Q5/L_r!$S5 -> 0.11603274 | P5: =L_r!R5/L_r!$S5 -> 0.3827636
A6: Overijssel | B6: =L_r!B6/L_r!$H6 -> 0.040837696 | C6: =L_r!C6/L_r!$H6 -> 0.2234555 | D6: =L_r!D6/L_r!$H6 -> 0.079162304 | E6: =L_r!E6/L_r!$H6 -> 0.2339267 | F6: =L_r!F6/L_r!$H6 -> 0.11434555 | G6: =L_r!G6/L_r!$H6 -> 0.30827225 | J6: Overijssel | K6: =L_r!M6/L_r!$S6 -> 0.034231315 | L6: =L_r!N6/L_r!$S6 -> 0.1502937 | M6: =L_r!O6/L_r!$S6 -> 0.066437108 | N6: =L_r!P6/L_r!$S6 -> 0.25967187 | O6: =L_r!Q6/L_r!$S6 -> 0.1075552 | P6: =L_r!R6/L_r!$S6 -> 0.38181082
A7: Gelderland | B7: =L_r!B7/L_r!$H7 -> 0.034894505 | C7: =L_r!C7/L_r!$H7 -> 0.16125667 | D7: =L_r!D7/L_r!$H7 -> 0.067934153 | E7: =L_r!E7/L_r!$H7 -> 0.24936239 | F7: =L_r!F7/L_r!$H7 -> 0.14085323 | G7: =L_r!G7/L_r!$H7 -> 0.34569905 | J7: Gelderland | K7: =L_r!M7/L_r!$S7 -> 0.028335033 | L7: =L_r!N7/L_r!$S7 -> 0.11764706 | M7: =L_r!O7/L_r!$S7 -> 0.063583815 | N7: =L_r!P7/L_r!$S7 -> 0.27484982 | O7: =L_r!Q7/L_r!$S7 -> 0.13691488 | P7: =L_r!R7/L_r!$S7 -> 0.37866939
A8: Flevoland | B8: =L_r!B8/L_r!$H8 -> 0.032011134 | C8: =L_r!C8/L_r!$H8 -> 0.15518441 | D8: =L_r!D8/L_r!$H8 -> 0.043145442 | E8: =L_r!E8/L_r!$H8 -> 0.22825331 | F8: =L_r!F8/L_r!$H8 -> 0.20668058 | G8: =L_r!G8/L_r!$H8 -> 0.33472512 | J8: Flevoland | K8: =L_r!M8/L_r!$S8 -> 0.029892837 | L8: =L_r!N8/L_r!$S8 -> 0.099830795 | M8: =L_r!O8/L_r!$S8 -> 0.056401579 | N8: =L_r!P8/L_r!$S8 -> 0.33107727 | O8: =L_r!Q8/L_r!$S8 -> 0.142696 | P8: =L_r!R8/L_r!$S8 -> 0.34010152
A9: Utrecht (NUTS 2021) | B9: =L_r!B9/L_r!$H9 -> 0.011511606 | C9: =L_r!C9/L_r!$H9 -> 0.10700132 | D9: =L_r!D9/L_r!$H9 -> 0.058501604 | E9: =L_r!E9/L_r!$H9 -> 0.26287979 | F9: =L_r!F9/L_r!$H9 -> 0.20494433 | G9: =L_r!G9/L_r!$H9 -> 0.35516135 | J9: Utrecht (NUTS 2021) | K9: =L_r!M9/L_r!$S9 -> 0.012809265 | L9: =L_r!N9/L_r!$S9 -> 0.075100895 | M9: =L_r!O9/L_r!$S9 -> 0.050710651 | N9: =L_r!P9/L_r!$S9 -> 0.30250921 | O9: =L_r!Q9/L_r!$S9 -> 0.16932795 | P9: =L_r!R9/L_r!$S9 -> 0.38954202
A10: Noord-Holland | B10: =L_r!B10/L_r!$H10 -> 0.024089156 | C10: =L_r!C10/L_r!$H10 -> 0.10570081 | D10: =L_r!D10/L_r!$H10 -> 0.051007287 | E10: =L_r!E10/L_r!$H10 -> 0.28941277 | F10: =L_r!F10/L_r!$H10 -> 0.18568367 | G10: =L_r!G10/L_r!$H10 -> 0.3441063 | J10: Noord-Holland | K10: =L_r!M10/L_r!$S10 -> 0.01591599 | L10: =L_r!N10/L_r!$S10 -> 0.083189761 | M10: =L_r!O10/L_r!$S10 -> 0.04914267 | N10: =L_r!P10/L_r!$S10 -> 0.31044384 | O10: =L_r!Q10/L_r!$S10 -> 0.17523997 | P10: =L_r!R10/L_r!$S10 -> 0.36606777
A11: Zuid-Holland (NUTS 2021) | B11: =L_r!B11/L_r!$H11 -> 0.027387411 | C11: =L_r!C11/L_r!$H11 -> 0.11039937 | D11: =L_r!D11/L_r!$H11 -> 0.063076018 | E11: =L_r!E11/L_r!$H11 -> 0.25563762 | F11: =L_r!F11/L_r!$H11 -> 0.18595987 | G11: =L_r!G11/L_r!$H11 -> 0.35753971 | J11: Zuid-Holland (NUTS 2021) | K11: =L_r!M11/L_r!$S11 -> 0.023551547 | L11: =L_r!N11/L_r!$S11 -> 0.0921949 | M11: =L_r!O11/L_r!$S11 -> 0.057548822 | N11: =L_r!P11/L_r!$S11 -> 0.27801207 | O11: =L_r!Q11/L_r!$S11 -> 0.16064361 | P11: =L_r!R11/L_r!$S11 -> 0.38804905
A12: Zeeland | B12: =L_r!B12/L_r!$H12 -> 0.037203335 | C12: =L_r!C12/L_r!$H12 -> 0.22386145 | D12: =L_r!D12/L_r!$H12 -> 0.059012187 | E12: =L_r!E12/L_r!$H12 -> 0.27902502 | F12: =L_r!F12/L_r!$H12 -> 0.12379731 | G12: =L_r!G12/L_r!$H12 -> 0.27710071 | J12: Zeeland | K12: =L_r!M12/L_r!$S12 -> 0.033333333 | L12: =L_r!N12/L_r!$S12 -> 0.16909091 | M12: =L_r!O12/L_r!$S12 -> 0.07030303 | N12: =L_r!P12/L_r!$S12 -> 0.29454545 | O12: =L_r!Q12/L_r!$S12 -> 0.087878788 | P12: =L_r!R12/L_r!$S12 -> 0.34484848
A13: Noord-Brabant | B13: =L_r!B13/L_r!$H13 -> 0.037580954 | C13: =L_r!C13/L_r!$H13 -> 0.21134726 | D13: =L_r!D13/L_r!$H13 -> 0.078719329 | E13: =L_r!E13/L_r!$H13 -> 0.26425249 | F13: =L_r!F13/L_r!$H13 -> 0.1347259 | G13: =L_r!G13/L_r!$H13 -> 0.27337408 | J13: Noord-Brabant | K13: =L_r!M13/L_r!$S13 -> 0.03078316 | L13: =L_r!N13/L_r!$S13 -> 0.15165233 | M13: =L_r!O13/L_r!$S13 -> 0.067632413 | N13: =L_r!P13/L_r!$S13 -> 0.28736985 | O13: =L_r!Q13/L_r!$S13 -> 0.1302852 | P13: =L_r!R13/L_r!$S13 -> 0.33227705
A14: Limburg (NL) | B14: =L_r!B14/L_r!$H14 -> 0.040946134 | C14: =L_r!C14/L_r!$H14 -> 0.2389187 | D14: =L_r!D14/L_r!$H14 -> 0.058040151 | E14: =L_r!E14/L_r!$H14 -> 0.2303717 | F14: =L_r!F14/L_r!$H14 -> 0.13118664 | G14: =L_r!G14/L_r!$H14 -> 0.30053667 | J14: Limburg (NL) | K14: =L_r!M14/L_r!$S14 -> 0.031334302 | L14: =L_r!N14/L_r!$S14 -> 0.15106869 | M14: =L_r!O14/L_r!$S14 -> 0.051255447 | N14: =L_r!P14/L_r!$S14 -> 0.28678149 | O14: =L_r!Q14/L_r!$S14 -> 0.11330151 | P14: =L_r!R14/L_r!$S14 -> 0.36625856

Sheet IPW_i
A1: p1 | K1: p2
B2: a-b | C2: c-e | D2: f | E2: g-i | F2: j-k | G2: l-q | H2: IPW (1999-2011) | L2: a-b | M2: c-e | N2: f | O2: g-i | P2: j-k | Q2: l-q | R2: IPW (2012-2019)
A3: Groningen | B3: =s_ri!B3*shock_i!$E$2 -> 34829.382 | C3: =s_ri!C3*shock_i!$E$3 -> 6573021.7 | D3: =s_ri!D3*shock_i!$E$4 -> 0 | E3: =s_ri!E3*shock_i!$E$5 -> 0 | F3: =s_ri!F3*shock_i!$E$6 -> 19.926823 | G3: =s_ri!G3*shock_i!$E$7 -> 803.45386 | H3: =SUM(B3:G3)/1000 -> 6608.6745 | K3: Groningen | L3: =s_ri!K3*shock_i!$E$8 -> -36143.566 | M3: =s_ri!L3*shock_i!$E$9 -> 1057615.8 | N3: =s_ri!M3*shock_i!$E$10 -> 0 | O3: =s_ri!N3*shock_i!$E$11 -> 0 | P3: =s_ri!O3*shock_i!$E$12 -> -21.680337 | Q3: =s_ri!P3*shock_i!$E$13 -> -500.40889 | R3: =SUM(L3:Q3)/1000 -> 1020.9502
A4: Friesland (NL) | B4: =s_ri!B4*shock_i!$E$2 -> 57111.219 | C4: =s_ri!C4*shock_i!$E$3 -> 6879317.7 | D4: =s_ri!D4*shock_i!$E$4 -> 0 | E4: =s_ri!E4*shock_i!$E$5 -> 0 | F4: =s_ri!F4*shock_i!$E$6 -> 15.471299 | G4: =s_ri!G4*shock_i!$E$7 -> 757.66696 | H4: =SUM(B4:G4)/1000 -> 6937.202 | K4: Friesland (NL) | L4: =s_ri!K4*shock_i!$E$8 -> -49883.409 | M4: =s_ri!L4*shock_i!$E$9 -> 960945.83 | N4: =s_ri!M4*shock_i!$E$10 -> 0 | O4: =s_ri!N4*shock_i!$E$11 -> 0 | P4: =s_ri!O4*shock_i!$E$12 -> -21.169679 | Q4: =s_ri!P4*shock_i!$E$13 -> -436.3808 | R4: =SUM(L4:Q4)/1000 -> 910.60487
A5: Drenthe | B5: =s_ri!B5*shock_i!$E$2 -> 91715.664 | C5: =s_ri!C5*shock_i!$E$3 -> 6534690.5 | D5: =s_ri!D5*shock_i!$E$4 -> 0 | E5: =s_ri!E5*shock_i!$E$5 -> 0 | F5: =s_ri!F5*shock_i!$E$6 -> 13.125808 | G5: =s_ri!G5*shock_i!$E$7 -> 911.38811 | H5: =SUM(B5:G5)/1000 -> 6627.3306 | K5: Drenthe | L5: =s_ri!K5*shock_i!$E$8 -> -42487.959 | M5: =s_ri!L5*shock_i!$E$9 -> 1078423.7 | N5: =s_ri!M5*shock_i!$E$10 -> 0 | O5: =s_ri!N5*shock_i!$E$11 -> 0 | P5: =s_ri!O5*shock_i!$E$12 -> -20.459904 | Q5: =s_ri!P5*shock_i!$E$13 -> -448.83392 | R5: =SUM(L5:Q5)/1000 -> 1035.4665
A6: Overijssel | B6: =s_ri!B6*shock_i!$E$2 -> 60551.546 | C6: =s_ri!C6*shock_i!$E$3 -> 7514090.9 | D6: =s_ri!D6*shock_i!$E$4 -> 0 | E6: =s_ri!E6*shock_i!$E$5 -> 0 | F6: =s_ri!F6*shock_i!$E$6 -> 15.654316 | G6: =s_ri!G6*shock_i!$E$7 -> 688.19948 | H6: =SUM(B6:G6)/1000 -> 7575.3463 | K6: Overijssel | L6: =s_ri!K6*shock_i!$E$8 -> -39231.528 | M6: =s_ri!L6*shock_i!$E$9 -> 1206597.7 | N6: =s_ri!M6*shock_i!$E$10 -> 0 | O6: =s_ri!N6*shock_i!$E$11 -> 0 | P6: =s_ri!O6*shock_i!$E$12 -> -18.965069 | Q6: =s_ri!P6*shock_i!$E$13 -> -447.71667 | R6: =SUM(L6:Q6)/1000 -> 1166.8995
A7: Gelderland | B7: =s_ri!B7*shock_i!$E$2 -> 51739.358 | C7: =s_ri!C7*shock_i!$E$3 -> 5422543.9 | D7: =s_ri!D7*shock_i!$E$4 -> 0 | E7: =s_ri!E7*shock_i!$E$5 -> 0 | F7: =s_ri!F7*shock_i!$E$6 -> 19.283313 | G7: =s_ri!G7*shock_i!$E$7 -> 771.75258 | H7: =SUM(B7:G7)/1000 -> 5475.0743 | K7: Gelderland | L7: =s_ri!K7*shock_i!$E$8 -> -32473.969 | M7: =s_ri!L7*shock_i!$E$9 -> 944501.83 | N7: =s_ri!M7*shock_i!$E$10 -> 0 | O7: =s_ri!N7*shock_i!$E$11 -> 0 | P7: =s_ri!O7*shock_i!$E$12 -> -24.142025 | Q7: =s_ri!P7*shock_i!$E$13 -> -444.03299 | R7: =SUM(L7:Q7)/1000 -> 911.55969
A8: Flevoland | B8: =s_ri!B8*shock_i!$E$2 -> 47464.079 | C8: =s_ri!C8*shock_i!$E$3 -> 5218353.5 | D8: =s_ri!D8*shock_i!$E$4 -> 0 | E8: =s_ri!E8*shock_i!$E$5 -> 0 | F8: =s_ri!F8*shock_i!$E$6 -> 28.295314 | G8: =s_ri!G8*shock_i!$E$7 -> 747.25394 | H8: =SUM(B8:G8)/1000 -> 5266.5931 | K8: Flevoland | L8: =s_ri!K8*shock_i!$E$8 -> -34259.323 | M8: =s_ri!L8*shock_i!$E$9 -> 801468.14 | N8: =s_ri!M8*shock_i!$E$10 -> 0 | O8: =s_ri!N8*shock_i!$E$11 -> 0 | P8: =s_ri!O8*shock_i!$E$12 -> -25.161401 | Q8: =s_ri!P8*shock_i!$E$13 -> -398.80778 | R8: =SUM(L8:Q8)/1000 -> 766.78485
A9: Utrecht (NUTS 2021) | B9: =s_ri!B9*shock_i!$E$2 -> 17068.679 | C9: =s_ri!C9*shock_i!$E$3 -> 3598110.9 | D9: =s_ri!D9*shock_i!$E$4 -> 0 | E9: =s_ri!E9*shock_i!$E$5 -> 0 | F9: =s_ri!F9*shock_i!$E$6 -> 28.057614 | G9: =s_ri!G9*shock_i!$E$7 -> 792.87661 | H9: =SUM(B9:G9)/1000 -> 3616.0005 | K9: Utrecht (NUTS 2021) | L9: =s_ri!K9*shock_i!$E$8 -> -14680.331 | M9: =s_ri!L9*shock_i!$E$9 -> 602929.93 | N9: =s_ri!M9*shock_i!$E$10 -> 0 | O9: =s_ri!N9*shock_i!$E$11 -> 0 | P9: =s_ri!O9*shock_i!$E$12 -> -29.85738 | Q9: =s_ri!P9*shock_i!$E$13 -> -456.7824 | R9: =SUM(L9:Q9)/1000 -> 587.76296
A10: Noord-Holland | B10: =s_ri!B10*shock_i!$E$2 -> 35717.872 | C10: =s_ri!C10*shock_i!$E$3 -> 3554379 | D10: =s_ri!D10*shock_i!$E$4 -> 0 | E10: =s_ri!E10*shock_i!$E$5 -> 0 | F10: =s_ri!F10*shock_i!$E$6 -> 25.420761 | G10: =s_ri!G10*shock_i!$E$7 -> 768.19686 | H10: =SUM(B10:G10)/1000 -> 3590.8905 | K10: Noord-Holland | L10: =s_ri!K10*shock_i!$E$8 -> -18240.859 | M10: =s_ri!L10*shock_i!$E$9 -> 667869.5 | N10: =s_ri!M10*shock_i!$E$10 -> 0 | O10: =s_ri!N10*shock_i!$E$11 -> 0 | P10: =s_ri!O10*shock_i!$E$12 -> -30.899839 | Q10: =s_ri!P10*shock_i!$E$13 -> -429.25615 | R10: =SUM(L10:Q10)/1000 -> 649.16848
A11: Zuid-Holland (NUTS 2021) | B11: =s_ri!B11*shock_i!$E$2 -> 40608.316 | C11: =s_ri!C11*shock_i!$E$3 -> 3712376.4 | D11: =s_ri!D11*shock_i!$E$4 -> 0 | E11: =s_ri!E11*shock_i!$E$5 -> 0 | F11: =s_ri!F11*shock_i!$E$6 -> 25.458573 | G11: =s_ri!G11*shock_i!$E$7 -> 798.18615 | H11: =SUM(B11:G11)/1000 -> 3753.8084 | K11: Zuid-Holland (NUTS 2021) | L11: =s_ri!K11*shock_i!$E$8 -> -26991.753 | M11: =s_ri!L11*shock_i!$E$9 -> 740165.15 | N11: =s_ri!M11*shock_i!$E$10 -> 0 | O11: =s_ri!N11*shock_i!$E$11 -> 0 | P11: =s_ri!O11*shock_i!$E$12 -> -28.326082 | Q11: =s_ri!P11*shock_i!$E$13 -> -455.03171 | R11: =SUM(L11:Q11)/1000 -> 712.69004
A12: Zeeland | B12: =s_ri!B12*shock_i!$E$2 -> 55162.746 | C12: =s_ri!C12*shock_i!$E$3 -> 7527741.8 | D12: =s_ri!D12*shock_i!$E$4 -> 0 | E12: =s_ri!E12*shock_i!$E$5 -> 0 | F12: =s_ri!F12*shock_i!$E$6 -> 16.948295 | G12: =s_ri!G12*shock_i!$E$7 -> 618.61086 | H12: =SUM(B12:G12)/1000 -> 7583.5401 | K12: Zeeland | L12: =s_ri!K12*shock_i!$E$8 -> -38202.377 | M12: =s_ri!L12*shock_i!$E$9 -> 1357506.7 | N12: =s_ri!M12*shock_i!$E$10 -> 0 | O12: =s_ri!N12*shock_i!$E$11 -> 0 | P12: =s_ri!O12*shock_i!$E$12 -> -15.495554 | Q12: =s_ri!P12*shock_i!$E$13 -> -404.37413 | R12: =SUM(L12:Q12)/1000 -> 1318.8845
A13: Noord-Brabant | B13: =s_ri!B13*shock_i!$E$2 -> 55722.655 | C13: =s_ri!C13*shock_i!$E$3 -> 7106929.7 | D13: =s_ri!D13*shock_i!$E$4 -> 0 | E13: =s_ri!E13*shock_i!$E$5 -> 0 | F13: =s_ri!F13*shock_i!$E$6 -> 18.444459 | G13: =s_ri!G13*shock_i!$E$7 -> 610.29138 | H13: =SUM(B13:G13)/1000 -> 7163.2811 | K13: Noord-Brabant | L13: =s_ri!K13*shock_i!$E$8 -> -35279.696 | M13: =s_ri!L13*shock_i!$E$9 -> 1217505.2 | N13: =s_ri!M13*shock_i!$E$10 -> 0 | O13: =s_ri!N13*shock_i!$E$11 -> 0 | P13: =s_ri!O13*shock_i!$E$12 -> -22.973021 | Q13: =s_ri!P13*shock_i!$E$13 -> -389.63269 | R13: =SUM(L13:Q13)/1000 -> 1181.8129
A14: Limburg (NL) | B14: =s_ri!B14*shock_i!$E$2 -> 60712.33 | C14: =s_ri!C14*shock_i!$E$3 -> 8034068.9 | D14: =s_ri!D14*shock_i!$E$4 -> 0 | E14: =s_ri!E14*shock_i!$E$5 -> 0 | F14: =s_ri!F14*shock_i!$E$6 -> 17.959922 | G14: =s_ri!G14*shock_i!$E$7 -> 670.93026 | H14: =SUM(B14:G14)/1000 -> 8095.4701 | K14: Limburg (NL) | L14: =s_ri!K14*shock_i!$E$8 -> -35911.344 | M14: =s_ri!L14*shock_i!$E$9 -> 1212819.5 | N14: =s_ri!M14*shock_i!$E$10 -> 0 | O14: =s_ri!N14*shock_i!$E$11 -> 0 | P14: =s_ri!O14*shock_i!$E$12 -> -19.97831 | Q14: =s_ri!P14*shock_i!$E$13 -> -429.47988 | R14: =SUM(L14:Q14)/1000 -> 1176.4587

Sheet import OC
A1: Australia | E1: Finland | I1: Japan | M1: Norway | Q1: New Zealand | U1: Sweden
A2: year | B2: industry | C2: import | E2: year | F2: industry | G2: import | I2: year | J2: industry | K2: import | M2: year | N2: industry | O2: import | Q2: year | R2: industry | S2: import | U2: year | V2: industry | W2: import
A3: 1999 | B3: a-b | C3: 31366299 | E3: 1999 | F3: a-b | G3: 1907415 | I3: 1999 | J3: a-b | K3: 1643501884 | M3: 1999 | N3: a-b | O3: 1125099 | Q3: 1999 | R3: a-b | S3: 8132064 | U3: 1999 | V3: a-b | W3: 1414721
A4: 1999 | B4: c-e | C4: 4170822649 | E4: 1999 | F4: c-e | G4: 723830435 | I4: 1999 | J4: c-e | K4: 40528188750 | M4: 1999 | N4: c-e | O4: 920711827 | Q4: 1999 | R4: c-e | S4: 745304253 | U4: 1999 | V4: c-e | W4: 757645750
A5: 1999 | B5: f | C5: 0 | E5: 1999 | F5: f | G5: 0 | I5: 1999 | J5: f | K5: 0 | M5: 1999 | N5: f | O5: 0 | Q5: 1999 | R5: f | S5: 0 | U5: 1999 | V5: f | W5: 0
A6: 1999 | B6: g-i | C6: 0 | E6: 1999 | F6: g-i | G6: 0 | I6: 1999 | J6: g-i | K6: 0 | M6: 1999 | N6: g-i | O6: 0 | Q6: 1999 | R6: g-i | S6: 0 | U6: 1999 | V6: g-i | W6: 0
A7: 1999 | B7: j-k | C7: 8063 | E7: 1999 | F7: j-k | G7: 0 | I7: 1999 | J7: j-k | K7: 399015 | M7: 1999 | N7: j-k | O7: 4382 | Q7: 1999 | R7: j-k | S7: 0 | U7: 1999 | V7: j-k | W7: 1451
A8: 1999 | B8: l-q | C8: 8515219 | E8: 1999 | F8: l-q | G8: 116194 | I8: 1999 | J8: l-q | K8: 26277368 | M8: 1999 | N8: l-q | O8: 195790 | Q8: 1999 | R8: l-q | S8: 422934 | U8: 1999 | V8: l-q | W8: 170444
A9: 2011 | B9: a-b | C9: 126210268 | E9: 2011 | F9: a-b | G9: 2661830 | I9: 2011 | J9: a-b | K9: 1871215480 | M9: 2011 | N9: a-b | O9: 14453257 | Q9: 2011 | R9: a-b | S9: 23104718 | U9: 2011 | V9: a-b | W9: 10454215
A10: 2011 | B10: c-e | C10: 42571628341 | E10: 2011 | F10: c-e | G10: 3030544423 | I10: 2011 | J10: c-e | K10: 178004922182 | M10: 2011 | N10: c-e | O10: 8239528662 | Q10: 2011 | R10: c-e | S10: 5.8354693e+09 | U10: 2011 | V10: c-e | W10: 6831335381
A11: 2011 | B11: f | C11: 0 | E11: 2011 | F11: f | G11: 0 | I11: 2011 | J11: f | K11: 0 | M11: 2011 | N11: f | O11: 0 | Q11: 2011 | R11: f | S11: 0 | U11: 2011 | V11: f | W11: 0
A12: 2011 | B12: g-i | C12: 0 | E12: 2011 | F12: g-i | G12: 0 | I12: 2011 | J12: g-i | K12: 0 | M12: 2011 | N12: g-i | O12: 0 | Q12: 2011 | R12: g-i | S12: 0 | U12: 2011 | V12: g-i | W12: 0
A13: 2011 | B13: j-k | C13: 12361 | E13: 2011 | F13: j-k | G13: 2351 | I13: 2011 | J13: j-k | K13: 761578 | M13: 2011 | N13: j-k | O13: 2049 | Q13: 2011 | R13: j-k | S13: 119105.48 | U13: 2011 | V13: j-k | W13: 1541
A14: 2011 | B14: l-q | C14: 8175074 | E14: 2011 | F14: l-q | G14: 175153 | I14: 2011 | J14: l-q | K14: 13813507 | M14: 2011 | N14: l-q | O14: 1991261 | Q14: 2011 | R14: l-q | S14: 840021.3 | U14: 2011 | V14: l-q | W14: 1374256
... A26: 2019 | B26: l-q | C26: 16244423 | E26: 2019 | F26: l-q | G26: 127890.12 | I26: 2019 | J26: l-q | K26: 7844738.1 | M26: 2019 | N26: l-q | O26: 346564.79 | Q26: 2019 | R26: l-q | S26: 953593.05 | U26: 2019 | V26: l-q | W26: 791047.17
A28: period | B28: industry | C28: delta_M | E28: period | F28: industry | G28: delta_M | I28: period | J28: industry | K28: delta_M | M28: period | N28: industry | O28: delta_M | Q28: period | R28: industry | S28: delta_M | U28: period | V28: industry | W28: delta_M
A29: 1999-2011 | B29: a-b | C29: =C9-C3 -> 94843969 | E29: 1999-2011 | F29: a-b | G29: =G9-G3 -> 754415 | I29: 1999-2011 | J29: a-b | K29: =K9-K3 -> 227713596 | M29: 1999-2011 | N29: a-b | O29: =O9-O3 -> 13328158 | Q29: 1999-2011 | R29: a-b | S29: =S9-S3 -> 14972654 | U29: 1999-2011 | V29: a-b | W29: =W9-W3 -> 9039494
A30: 1999-2011 | B30: c-e | C30: =C10-C4 -> 38400805692 | E30: 1999-2011 | F30: c-e | G30: =G10-G4 -> 2306713988 | I30: 1999-2011 | J30: c-e | K30: =K10-K4 -> 137476733432 | M30: 1999-2011 | N30: c-e | O30: =O10-O4 -> 7318816835 | Q30: 1999-2011 | R30: c-e | S30: =S10-S4 -> 5.0901651e+09 | U30: 1999-2011 | V30: c-e | W30: =W10-W4 -> 6073689631
A31: 1999-2011 | B31: f | C31: =C11-C5 -> 0 | E31: 1999-2011 | F31: f | G31: =G11-G5 -> 0 | I31: 1999-2011 | J31: f | K31: =K11-K5 -> 0 | M31: 1999-2011 | N31: f | O31: =O11-O5 -> 0 | Q31: 1999-2011 | R31: f | S31: =S11-S5 -> 0 | U31: 1999-2011 | V31: f | W31: =W11-W5 -> 0
A32: 1999-2011 | B32: g-i | C32: =C12-C6 -> 0 | E32: 1999-2011 | F32: g-i | G32: =G12-G6 -> 0 | I32: 1999-2011 | J32: g-i | K32: =K12-K6 -> 0 | M32: 1999-2011 | N32: g-i | O32: =O12-O6 -> 0 | Q32: 1999-2011 | R32: g-i | S32: =S12-S6 -> 0 | U32: 1999-2011 | V32: g-i | W32: =W12-W6 -> 0
A33: 1999-2011 | B33: j-k | C33: =C13-C7 -> 4298 | E33: 1999-2011 | F33: j-k | G33: =G13-G7 -> 2351 | I33: 1999-2011 | J33: j-k | K33: =K13-K7 -> 362563 | M33: 1999-2011 | N33: j-k | O33: =O13-O7 -> -2333 | Q33: 1999-2011 | R33: j-k | S33: =S13-S7 -> 119105.48 | U33: 1999-2011 | V33: j-k | W33: =W13-W7 -> 90
A34: 1999-2011 | B34: l-q | C34: =C14-C8 -> -340145 | E34: 1999-2011 | F34: l-q | G34: =G14-G8 -> 58959 | I34: 1999-2011 | J34: l-q | K34: =K14-K8 -> -12463861 | M34: 1999-2011 | N34: l-q | O34: =O14-O8 -> 1795471 | Q34: 1999-2011 | R34: l-q | S34: =S14-S8 -> 417087.3 | U34: 1999-2011 | V34: l-q | W34: =W14-W8 -> 1203812
A35: 2012-2019 | B35: a-b | C35: =C21-C15 -> 33751430 | E35: 2012-2019 | F35: a-b | G35: =G21-G15 -> 116933.34 | I35: 2012-2019 | J35: a-b | K35: =K21-K15 -> -2.6543456e+08 | M35: 2012-2019 | N35: a-b | O35: =O21-O15 -> 4261096.3 | Q35: 2012-2019 | R35: a-b | S35: =S21-S15 -> 13832956 | U35: 2012-2019 | V35: a-b | W35: =W21-W15 -> 5051225.7
A36: 2012-2019 | B36: c-e | C36: =C22-C16 -> 1.1313181e+10 | E36: 2012-2019 | F36: c-e | G36: =G22-G16 -> -4.2385769e+08 | I36: 2012-2019 | J36: c-e | K36: =K22-K16 -> -1.8174446e+10 | M36: 2012-2019 | N36: c-e | O36: =O22-O16 -> 6.6895767e+08 | Q36: 2012-2019 | R36: c-e | S36: =S22-S16 -> 2.2383389e+09 | U36: 2012-2019 | V36: c-e | W36: =W22-W16 -> 1.607121e+09
A37: 2012-2019 | B37: f | C37: =C23-C17 -> 0 | E37: 2012-2019 | F37: f | G37: =G23-G17 -> 0 | I37: 2012-2019 | J37: f | K37: =K23-K17 -> 0 | M37: 2012-2019 | N37: f | O37: =O23-O17 -> 0 | Q37: 2012-2019 | R37: f | S37: =S23-S17 -> 0 | U37: 2012-2019 | V37: f | W37: =W23-W17 -> 0
A38: 2012-2019 | B38: g-i | C38: =C24-C18 -> 0 | E38: 2012-2019 | F38: g-i | G38: =G24-G18 -> 0 | I38: 2012-2019 | J38: g-i | K38: =K24-K18 -> 0 | M38: 2012-2019 | N38: g-i | O38: =O24-O18 -> 0 | Q38: 2012-2019 | R38: g-i | S38: =S24-S18 -> 0 | U38: 2012-2019 | V38: g-i | W38: =W24-W18 -> 0
A39: 2012-2019 | B39: j-k | C39: =C25-C19 -> -16866.495 | E39: 2012-2019 | F39: j-k | G39: =G25-G19 -> 5974.449 | I39: 2012-2019 | J39: j-k | K39: =K25-K19 -> 353490.37 | M39: 2012-2019 | N39: j-k | O39: =O25-O19 -> -33543.559 | Q39: 2012-2019 | R39: j-k | S39: =S25-S19 -> -81522.771 | U39: 2012-2019 | V39: j-k | W39: =W25-W19 -> 1830.964
A40: 2012-2019 | B40: l-q | C40: =C26-C20 -> 10823487 | E40: 2012-2019 | F40: l-q | G40: =G26-G20 -> -49944.884 | I40: 2012-2019 | J40: l-q | K40: =K26-K20 -> 3868789.1 | M40: 2012-2019 | N40: l-q | O40: =O26-O20 -> -830318.21 | Q40: 2012-2019 | R40: l-q | S40: =S26-S20 -> -413354.35 | U40: 2012-2019 | V40: l-q | W40: =W26-W20 -> -622979.37

Sheet delta_M_OC
A1: period | B1: industry | C1: delta_M_OC
A2: 1999-2011 | B2: a-b | C2: ='[1]import OC'!C29+'[1]import OC'!G29+'[1]import OC'!K29+'[1]import OC'!O29+'[1]import OC'!S29+'[1]import OC'!W29 -> 3.6065229e+08
A3: 1999-2011 | B3: c-e | C3: ='[1]import OC'!C30+'[1]import OC'!G30+'[1]import OC'!K30+'[1]import OC'!O30+'[1]import OC'!S30+'[1]import OC'!W30 -> 1.9666692e+11
A4: 1999-2011 | B4: f | C4: ='[1]import OC'!C31+'[1]import OC'!G31+'[1]import OC'!K31+'[1]import OC'!O31+'[1]import OC'!S31+'[1]import OC'!W31 -> 0
A5: 1999-2011 | B5: g-i | C5: ='[1]import OC'!C32+'[1]import OC'!G32+'[1]import OC'!K32+'[1]import OC'!O32+'[1]import OC'!S32+'[1]import OC'!W32 -> 0
A6: 1999-2011 | B6: j-k | C6: ='[1]import OC'!C33+'[1]import OC'!G33+'[1]import OC'!K33+'[1]import OC'!O33+'[1]import OC'!S33+'[1]import OC'!W33 -> 486074.48
A7: 1999-2011 | B7: l-q | C7: ='[1]import OC'!C34+'[1]import OC'!G34+'[1]import OC'!K34+'[1]import OC'!O34+'[1]import OC'!S34+'[1]import OC'!W34 -> -9328676.7
A8: 2012-2019 | B8: a-b | C8: ='[1]import OC'!C35+'[1]import OC'!G35+'[1]import OC'!K35+'[1]import OC'!O35+'[1]import OC'!S35+'[1]import OC'!W35 -> -2.0842092e+08
A9: 2012-2019 | B9: c-e | C9: ='[1]import OC'!C36+'[1]import OC'!G36+'[1]import OC'!K36+'[1]import OC'!O36+'[1]import OC'!S36+'[1]import OC'!W36 -> -2.7707047e+09
A10: 2012-2019 | B10: f | C10: ='[1]import OC'!C37+'[1]import OC'!G37+'[1]import OC'!K37+'[1]import OC'!O37+'[1]import OC'!S37+'[1]import OC'!W37 -> 0
A11: 2012-2019 | B11: g-i | C11: ='[1]import OC'!C38+'[1]import OC'!G38+'[1]import OC'!K38+'[1]import OC'!O38+'[1]import OC'!S38+'[1]import OC'!W38 -> 0
A12: 2012-2019 | B12: j-k | C12: ='[1]import OC'!C39+'[1]import OC'!G39+'[1]import OC'!K39+'[1]import OC'!O39+'[1]import OC'!S39+'[1]import OC'!W39 -> 229362.95
A13: 2012-2019 | B13: l-q | C13: ='[1]import OC'!C40+'[1]import OC'!G40+'[1]import OC'!K40+'[1]import OC'!O40+'[1]import OC'!S40+'[1]import OC'!W40 -> 12775679

Sheet shock_OC
A1: period | B1: industry | C1: L_i0 | D1: delta_M_OC | E1: shock_OC
A2: 1999-2011 | B2: a-b | C2: =L_i!C2 -> 226.1 | D2: =[1]delta_M_OC!C2 -> 3.6065229e+08 | E2: =D2/C2 -> 1595100.8
A3: 1999-2011 | B3: c-e | C3: =L_i!C3 -> 1144.4 | D3: =[1]delta_M_OC!C3 -> 1.9666692e+11 | E3: =D3/C3 -> 1.7185156e+08
A4: 1999-2011 | B4: f | C4: =L_i!C4 -> 460.5 | D4: =[1]delta_M_OC!C4 -> 0 | E4: =D4/C4 -> 0
A5: 1999-2011 | B5: g-i | C5: =L_i!C5 -> 1826.5 | D5: =[1]delta_M_OC!C5 -> 0 | E5: =D5/C5 -> 0
A6: 1999-2011 | B6: j-k | C6: =L_i!C6 -> 1132.9 | D6: =[1]delta_M_OC!C6 -> 486074.48 | E6: =D6/C6 -> 429.0533
A7: 1999-2011 | B7: l-q | C7: =L_i!C7 -> 2382.6 | D7: =[1]delta_M_OC!C7 -> -9328676.7 | E7: =D7/C7 -> -3915.3348
A8: 2012-2019 | B8: a-b | C8: =L_i!C14 -> 192.4 | D8: =[1]delta_M_OC!C8 -> -2.0842092e+08 | E8: =D8/C8 -> -1083268.8
A9: 2012-2019 | B9: c-e | C9: =L_i!C15 -> 844.1 | D9: =[1]delta_M_OC!C9 -> -2.7707047e+09 | E9: =D9/C9 -> -3282436.6
A10: 2012-2019 | B10: f | C10: =L_i!C16 -> 434 | D10: =[1]delta_M_OC!C10 -> 0 | E10: =D10/C10 -> 0
A11: 2012-2019 | B11: g-i | C11: =L_i!C17 -> 2101.7 | D11: =[1]delta_M_OC!C11 -> 0 | E11: =D11/C11 -> 0
A12: 2012-2019 | B12: j-k | C12: =L_i!C18 -> 1057.9 | D12: =[1]delta_M_OC!C12 -> 229362.95 | E12: =D12/C12 -> 216.80967
A13: 2012-2019 | B13: l-q | C13: =L_i!C19 -> 2738.6 | D13: =[1]delta_M_OC!C13 -> 12775679 | E13: =D13/C13 -> 4665.0403

Sheet IPW_OC
A1: p1 | K1: p2
B2: a-b | C2: c-e | D2: f | E2: g-i | F2: j-k | G2: l-q | H2: IPW_OC (1999-2011) | L2: a-b | M2: c-e | N2: f | O2: g-i | P2: j-k | Q2: l-q | R2: IPW_OC (2012-2019)
A3: Groningen | B3: =s_ri!B3*shock_OC!$E$2 -> 37468.81 | C3: =s_ri!C3*shock_OC!$E$3 -> 33591790 | D3: =s_ri!D3*shock_OC!$E$4 -> 0 | E3: =s_ri!E3*shock_OC!$E$5 -> 0 | F3: =s_ri!F3*shock_OC!$E$6 -> 62.450291 | G3: =s_ri!G3*shock_OC!$E$7 -> -1409.1264 | H3: =SUM(B3:G3)/1000 -> 33627.912 | K3: Groningen | L3: =shock_OC!$E$8*s_ri!K3 -> -34162.969 | M3: =shock_OC!$E$9*s_ri!L3 -> -432416.8 | N3: =shock_OC!$E$10*s_ri!M3 -> 0 | O3: =shock_OC!$E$11*s_ri!N3 -> 0 | P3: =shock_OC!$E$12*s_ri!O3 -> 26.657637 | Q3: =shock_OC!$E$13*s_ri!P3 -> 1990.7897 | R3: =SUM(L3:Q3)/1000 -> -464.56232
A4: Friesland (NL) | B4: =s_ri!B4*shock_OC!$E$2 -> 61439.202 | C4: =s_ri!C4*shock_OC!$E$3 -> 35157132 | D4: =s_ri!D4*shock_OC!$E$4 -> 0 | E4: =s_ri!E4*shock_OC!$E$5 -> 0 | F4: =s_ri!F4*shock_OC!$E$6 -> 48.486764 | G4: =s_ri!G4*shock_OC!$E$7 -> -1328.8237 | H4: =SUM(B4:G4)/1000 -> 35217.291 | K4: Friesland (NL) | L4: =shock_OC!$E$8*s_ri!K4 -> -47149.895 | M4: =shock_OC!$E$9*s_ri!L4 -> -392892.3 | N4: =shock_OC!$E$10*s_ri!M4 -> 0 | O4: =shock_OC!$E$11*s_ri!N4 -> 0 | P4: =shock_OC!$E$12*s_ri!O4 -> 26.029743 | Q4: =shock_OC!$E$13*s_ri!P4 -> 1736.0651 | R4: =SUM(L4:Q4)/1000 -> -438.2801
A5: Drenthe | B5: =s_ri!B5*shock_OC!$E$2 -> 98666.028 | C5: =s_ri!C5*shock_OC!$E$3 -> 33395896 | D5: =s_ri!D5*shock_OC!$E$4 -> 0 | E5: =s_ri!E5*shock_OC!$E$5 -> 0 | F5: =s_ri!F5*shock_OC!$E$6 -> 41.136038 | G5: =s_ri!G5*shock_OC!$E$7 -> -1598.4253 | H5: =SUM(B5:G5)/1000 -> 33493.005 | K5: Drenthe | L5: =shock_OC!$E$8*s_ri!K5 -> -40159.701 | M5: =shock_OC!$E$9*s_ri!L5 -> -440924.32 | N5: =shock_OC!$E$10*s_ri!M5 -> 0 | O5: =shock_OC!$E$11*s_ri!N5 -> 0 | P5: =shock_OC!$E$12*s_ri!O5 -> 25.15702 | Q5: =shock_OC!$E$13*s_ri!P5 -> 1785.6076 | R5: =SUM(L5:Q5)/1000 -> -479.27326
A6: Overijssel | B6: =s_ri!B6*shock_OC!$E$2 -> 65140.241 | C6: =s_ri!C6*shock_OC!$E$3 -> 38401176 | D6: =s_ri!D6*shock_OC!$E$4 -> 0 | E6: =s_ri!E6*shock_OC!$E$5 -> 0 | F6: =s_ri!F6*shock_OC!$E$6 -> 49.060335 | G6: =s_ri!G6*shock_OC!$E$7 -> -1206.9891 | H6: =SUM(B6:G6)/1000 -> 38465.158 | K6: Overijssel | L6: =shock_OC!$E$8*s_ri!K6 -> -37081.716 | M6: =shock_OC!$E$9*s_ri!L6 -> -493329.54 | N6: =shock_OC!$E$10*s_ri!M6 -> 0 | O6: =shock_OC!$E$11*s_ri!N6 -> 0 | P6: =shock_OC!$E$12*s_ri!O6 -> 23.319007 | Q6: =shock_OC!$E$13*s_ri!P6 -> 1781.1629 | R6: =SUM(L6:Q6)/1000 -> -528.60678
A7: Gelderland | B7: =s_ri!B7*shock_OC!$E$2 -> 55660.252 | C7: =s_ri!C7*shock_OC!$E$3 -> 27712210 | D7: =s_ri!D7*shock_OC!$E$4 -> 0 | E7: =s_ri!E7*shock_OC!$E$5 -> 0 | F7: =s_ri!F7*shock_OC!$E$6 -> 60.433545 | G7: =s_ri!G7*shock_OC!$E$7 -> -1353.5275 | H7: =SUM(B7:G7)/1000 -> 27766.577 | K7: Gelderland | L7: =shock_OC!$E$8*s_ri!K7 -> -30694.458 | M7: =shock_OC!$E$9*s_ri!L7 -> -386169.01 | N7: =shock_OC!$E$10*s_ri!M7 -> 0 | O7: =shock_OC!$E$11*s_ri!N7 -> 0 | P7: =shock_OC!$E$12*s_ri!O7 -> 29.684471 | Q7: =shock_OC!$E$13*s_ri!P7 -> 1766.508 | R7: =SUM(L7:Q7)/1000 -> -415.06728
A8: Flevoland | B8: =s_ri!B8*shock_OC!$E$2 -> 51060.985 | C8: =s_ri!C8*shock_OC!$E$3 -> 26668683 | D8: =s_ri!D8*shock_OC!$E$4 -> 0 | E8: =s_ri!E8*shock_OC!$E$5 -> 0 | F8: =s_ri!F8*shock_OC!$E$6 -> 88.676986 | G8: =s_ri!G8*shock_OC!$E$7 -> -1310.5609 | H8: =SUM(B8:G8)/1000 -> 26718.522 | K8: Flevoland | L8: =shock_OC!$E$8*s_ri!K8 -> -32381.979 | M8: =shock_OC!$E$9*s_ri!L8 -> -327688.26 | N8: =shock_OC!$E$10*s_ri!M8 -> 0 | O8: =shock_OC!$E$11*s_ri!N8 -> 0 | P8: =shock_OC!$E$12*s_ri!O8 -> 30.937872 | Q8: =shock_OC!$E$13*s_ri!P8 -> 1586.5873 | R8: =SUM(L8:Q8)/1000 -> -358.45271
A9: Utrecht (NUTS 2021) | B9: =s_ri!B9*shock_OC!$E$2 -> 18362.172 | C9: =s_ri!C9*shock_OC!$E$3 -> 18388344 | D9: =s_ri!D9*shock_OC!$E$4 -> 0 | E9: =s_ri!E9*shock_OC!$E$5 -> 0 | F9: =s_ri!F9*shock_OC!$E$6 -> 87.93204 | G9: =s_ri!G9*shock_OC!$E$7 -> -1390.5756 | H9: =SUM(B9:G9)/1000 -> 18405.403 | K9: Utrecht (NUTS 2021) | L9: =shock_OC!$E$8*s_ri!K9 -> -13875.877 | M9: =shock_OC!$E$9*s_ri!L9 -> -246513.93 | N9: =shock_OC!$E$10*s_ri!M9 -> 0 | O9: =shock_OC!$E$11*s_ri!N9 -> 0 | P9: =shock_OC!$E$12*s_ri!O9 -> 36.711938 | Q9: =shock_OC!$E$13*s_ri!P9 -> 1817.2293 | R9: =SUM(L9:Q9)/1000 -> -258.53586
A10: Noord-Holland | B10: =s_ri!B10*shock_OC!$E$2 -> 38424.631 | C10: =s_ri!C10*shock_OC!$E$3 -> 18164850 | D10: =s_ri!D10*shock_OC!$E$4 -> 0 | E10: =s_ri!E10*shock_OC!$E$5 -> 0 | F10: =s_ri!F10*shock_OC!$E$6 -> 79.668191 | G10: =s_ri!G10*shock_OC!$E$7 -> -1347.2914 | H10: =SUM(B10:G10)/1000 -> 18202.007 | K10: Noord-Holland | L10: =shock_OC!$E$8*s_ri!K10 -> -17241.296 | M10: =shock_OC!$E$9*s_ri!L10 -> -273065.12 | N10: =shock_OC!$E$10*s_ri!M10 -> 0 | O10: =shock_OC!$E$11*s_ri!N10 -> 0 | P10: =shock_OC!$E$12*s_ri!O10 -> 37.993721 | Q10: =shock_OC!$E$13*s_ri!P10 -> 1707.7209 | R10: =SUM(L10:Q10)/1000 -> -288.5607
A11: Zuid-Holland (NUTS 2021) | B11: =s_ri!B11*shock_OC!$E$2 -> 43685.681 | C11: =s_ri!C11*shock_OC!$E$3 -> 18972304 | D11: =s_ri!D11*shock_OC!$E$4 -> 0 | E11: =s_ri!E11*shock_OC!$E$5 -> 0 | F11: =s_ri!F11*shock_OC!$E$6 -> 79.786694 | G11: =s_ri!G11*shock_OC!$E$7 -> -1399.8877 | H11: =SUM(B11:G11)/1000 -> 19014.67 | K11: Zuid-Holland (NUTS 2021) | L11: =shock_OC!$E$8*s_ri!K11 -> -25512.657 | M11: =shock_OC!$E$9*s_ri!L11 -> -302623.92 | N11: =shock_OC!$E$10*s_ri!M11 -> 0 | O11: =shock_OC!$E$11*s_ri!N11 -> 0 | P11: =shock_OC!$E$12*s_ri!O11 -> 34.829089 | Q11: =shock_OC!$E$13*s_ri!P11 -> 1810.2645 | R11: =SUM(L11:Q11)/1000 -> -326.29148
A12: Zeeland | B12: =s_ri!B12*shock_OC!$E$2 -> 59343.069 | C12: =s_ri!C12*shock_OC!$E$3 -> 38470939 | D12: =s_ri!D12*shock_OC!$E$4 -> 0 | E12: =s_ri!E12*shock_OC!$E$5 -> 0 | F12: =s_ri!F12*shock_OC!$E$6 -> 53.115642 | G12: =s_ri!G12*shock_OC!$E$7 -> -1084.942 | H12: =SUM(B12:G12)/1000 -> 38529.25 | K12: Zeeland | L12: =shock_OC!$E$8*s_ri!K12 -> -36108.961 | M12: =shock_OC!$E$9*s_ri!L12 -> -555030.19 | N12: =shock_OC!$E$10*s_ri!M12 -> 0 | O12: =shock_OC!$E$11*s_ri!N12 -> 0 | P12: =shock_OC!$E$12*s_ri!O12 -> 19.052971 | Q12: =shock_OC!$E$13*s_ri!P12 -> 1608.7321 | R12: =SUM(L12:Q12)/1000 -> -589.51136
A13: Noord-Brabant | B13: =s_ri!B13*shock_OC!$E$2 -> 59945.409 | C13: =s_ri!C13*shock_OC!$E$3 -> 36320356 | D13: =s_ri!D13*shock_OC!$E$4 -> 0 | E13: =s_ri!E13*shock_OC!$E$5 -> 0 | F13: =s_ri!F13*shock_OC!$E$6 -> 57.80459 | G13: =s_ri!G13*shock_OC!$E$7 -> -1070.351 | H13: =SUM(B13:G13)/1000 -> 36379.289 | K13: Noord-Brabant | L13: =shock_OC!$E$8*s_ri!K13 -> -33346.437 | M13: =shock_OC!$E$9*s_ri!L13 -> -497789.16 | N13: =shock_OC!$E$10*s_ri!M13 -> 0 | O13: =shock_OC!$E$11*s_ri!N13 -> 0 | P13: =shock_OC!$E$12*s_ri!O13 -> 28.247091 | Q13: =shock_OC!$E$13*s_ri!P13 -> 1550.0858 | R13: =SUM(L13:Q13)/1000 -> -529.55727
A14: Limburg (NL) | B14: =s_ri!B14*shock_OC!$E$2 -> 65313.21 | C14: =s_ri!C14*shock_OC!$E$3 -> 41058552 | D14: =s_ri!D14*shock_OC!$E$4 -> 0 | E14: =s_ri!E14*shock_OC!$E$5 -> 0 | F14: =s_ri!F14*shock_OC!$E$6 -> 56.286062 | G14: =s_ri!G14*shock_OC!$E$7 -> -1176.7017 | H14: =SUM(B14:G14)/1000 -> 41122.745 | K14: Limburg (NL) | L14: =shock_OC!$E$8*s_ri!K14 -> -33943.472 | M14: =shock_OC!$E$9*s_ri!L14 -> -495873.38 | N14: =shock_OC!$E$10*s_ri!M14 -> 0 | O14: =shock_OC!$E$11*s_ri!N14 -> 0 | P14: =shock_OC!$E$12*s_ri!O14 -> 24.564864 | Q14: =shock_OC!$E$13*s_ri!P14 -> 1708.611 | R14: =SUM(L14:Q14)/1000 -> -528.08368
